district_names,state_ut,number_of_households_surveyed,number_of_women_age_15_49_years_interviewed,number_of_men_age_15_54_years_interviewed,female_population_age_6_years_and_above_who_ever_attended_school_pct,population_below_age_15_years_pct,sex_ratio_of_the_total_population_females_per_1_000_males,deaths_in_the_last_3_years_registered_with_the_civil_authority_pct,population_living_in_households_with_electricity_pct,population_living_in_households_with_an_improved_drinking_water_source1_pct,population_living_in_households_that_use_an_improved_sanitation_facility2_pct,households_using_clean_fuel_for_cooking3_pct,households_using_iodized_salt_pct,households_with_any_usual_member_covered_under_a_health_insurance_financing_scheme_pct,children_age_5_years_who_attended_pre_primary_school_during_the_school_year_2019_20_pct,women_age_15_49_who_are_literate4_pct,women_age_15_49_with_10_or_more_years_of_schooling_pct,current_use_of_family_planning_methods_currently_married_women_age_15_49_years_any_method6_pct,current_use_of_family_planning_methods_currently_married_women_age_15_49_years_any_modern_method6_pct,current_use_of_family_planning_methods_currently_married_women_age_15_49_years_female_sterilization_pct,current_use_of_family_planning_methods_currently_married_women_age_15_49_years_male_sterilization_pct,current_use_of_family_planning_methods_currently_married_women_age_15_49_years_iud_ppiud_pct,current_use_of_family_planning_methods_currently_married_women_age_15_49_years_pill_pct,current_use_of_family_planning_methods_currently_married_women_age_15_49_years_condom_pct,current_use_of_family_planning_methods_currently_married_women_age_15_49_years_injectables_pct,total_unmet_need_for_family_planning_currently_married_women_age_15_49_years_7_pct,unmet_need_for_spacing_currently_married_women_age_15_49_years_7_pct,health_worker_ever_talked_to_female_non_users_about_family_planning_pct,current_users_ever_told_about_side_effects_of_current_method_of_family_planning8_pct,women_age_15_49_years_whose_body_mass_index_bmi_is_below_normal_bmi_18_5_kg_m2_21_pct,women_age_15_49_years_who_have_high_risk_waist_to_hip_ratio_0_85_pct,women_age_15_years_and_above_with_high_141_160_mg_dl_blood_sugar_level23_pct,women_age_15_years_and_above_wih_very_high_160_mg_dl_blood_sugar_level23_pct,women_age_15_years_and_above_wih_high_or_very_high_140_mg_dl_blood_sugar_level_or_taking_medicine_to_control_blood_sugar_level23_pct,men_age_15_years_and_above_wih_high_141_160_mg_dl_blood_sugar_level23_pct,men_age_15_years_and_above_wih_very_high_160_mg_dl_blood_sugar_level23_pct,men_age_15_years_and_above_wih_high_or_very_high_140_mg_dl_blood_sugar_level_or_taking_medicine_to_control_blood_sugar_level23_pct,women_age_15_years_and_above_wih_mildly_elevated_blood_pressure_systolic_140_159_mm_of_hg_and_or_diastolic_90_99_mm_of_hg_pct,women_age_15_years_and_above_wih_moderately_or_severely_elevated_blood_pressure_systolic_160_mm_of_hg_and_or_diastolic_100_mm_of_hg_pct,women_age_15_years_and_above_wih_elevated_blood_pressure_systolic_140_mm_of_hg_and_or_diastolic_90_mm_of_hg_or_taking_medicine_to_control_blood_pressure_pct,men_age_15_years_and_above_wih_mildly_elevated_blood_pressure_systolic_140_159_mm_of_hg_and_or_diastolic_90_99_mm_of_hg_pct,men_age_15_years_and_above_wih_moderately_or_severely_elevated_blood_pressure_systolic_160_mm_of_hg_and_or_diastolic_100_mm_of_hg_pct,men_age_15_years_and_above_wih_elevated_blood_pressure_systolic_140_mm_of_hg_and_or_diastolic_90_mm_of_hg_or_taking_medicine_to_control_blood_pressure_pct,women_age_30_49_years_ever_undergone_a_screening_test_for_cervical_cancer_pct,women_age_30_49_years_ever_undergone_a_breast_examination_for_breast_cancer_pct,women_age_30_49_years_ever_undergone_an_oral_cavity_examination_for_oral_cancer_pct,women_age_15_years_and_above_who_use_any_kind_of_tobacco_pct,men_age_15_years_and_above_who_use_any_kind_of_tobacco_pct,women_age_15_years_and_above_who_consume_alcohol_pct,men_age_15_years_and_above_who_consume_alcohol_pct
Nicobars,Andaman & Nicobar Islands,882,764,125,78.0,23.0,973,83.2,97.9,98.8,83.5,56.9,99.4,2.7,29.5,87.5,53.5,65.3,57.2,46.4,0.0,2.7,2.0,4.9,1.2,9.5,3.3,40.4,49.4,8.2,62.5,7.4,3.9,13.1,9.6,4.4,15.4,23.2,8.5,35.4,32.9,11.1,47.0,13.4,13.2,5.4,63.5,76.8,29.6,64.5
North & Middle Andaman,Andaman & Nicobar Islands,874,789,108,82.7,19.8,950,92.6,93.2,92.2,86.4,61.3,99.9,2.1,30.1,84.0,41.0,84.1,73.1,48.3,0.6,6.4,7.8,9.3,0.0,5.8,1.3,23.2,83.2,8.6,79.3,7.2,6.4,16.7,9.1,6.9,18.3,18.4,4.0,27.4,22.6,6.0,32.2,1.7,0.3,15.8,46.8,70.5,5.1,45.3
South Andaman,Andaman & Nicobar Islands,868,844,134,84.7,21.0,967,92.2,99.6,97.9,89.3,91.9,99.7,1.2,50.8,86.7,57.5,57.1,50.5,34.0,0.0,2.8,1.8,10.6,0.3,17.6,8.6,31.2,88.2,10.0,78.2,7.5,9.5,18.4,9.3,7.8,18.1,12.7,4.9,23.0,17.9,6.1,26.9,1.3,0.7,8.0,19.6,50.8,1.7,32.8
Srikakulam,Andhra Pradesh,874,780,100,60.0,20.7,1140,71.0,99.9,87.7,71.6,74.7,76.5,75.6,0.0,64.3,42.5,72.3,72.2,71.0,0.3,0.6,0.0,0.3,0.0,5.7,3.6,16.0,45.8,13.8,54.0,8.2,7.8,17.4,6.8,8.6,17.6,12.8,5.9,22.1,14.4,5.5,22.9,1.0,0.2,3.8,7.1,21.3,0.6,28.3
Vizianagaram,Andhra Pradesh,902,853,134,56.0,20.6,1114,81.7,99.5,93.1,61.7,60.3,85.0,76.7,25.2,58.3,37.6,71.2,71.2,69.3,1.3,0.0,0.0,0.6,0.0,6.7,4.7,21.1,36.4,16.9,58.0,6.2,7.0,14.3,5.8,7.5,14.5,12.9,6.6,25.2,14.8,6.4,25.1,4.9,0.6,7.3,11.4,21.5,0.8,32.3
Visakhapatnam,Andhra Pradesh,869,818,112,66.8,21.4,1066,71.3,99.6,91.8,77.8,72.9,82.2,64.9,5.0,69.5,46.0,68.0,67.7,64.9,1.5,0.3,0.0,0.8,0.0,4.8,2.4,15.2,35.3,17.4,58.0,6.1,8.6,17.0,7.3,8.5,18.2,12.1,5.9,23.9,17.0,7.0,29.2,1.7,0.7,4.1,6.3,22.8,1.3,30.2
East Godavari,Andhra Pradesh,888,824,105,75.4,20.5,995,68.2,98.8,97.9,77.7,80.3,81.2,66.4,11.2,77.9,43.2,66.3,66.3,64.1,0.9,0.1,0.3,1.1,0.0,8.0,4.4,12.5,32.4,10.2,49.2,7.5,12.7,21.7,9.2,15.5,27.6,13.0,6.6,29.0,17.3,7.3,32.2,1.9,1.0,4.8,3.2,25.5,0.7,25.9
West Godavari,Andhra Pradesh,884,841,122,75.4,21.5,999,90.1,99.3,99.1,80.8,86.8,83.4,67.6,2.7,77.0,46.5,77.8,77.2,74.5,0.7,0.6,0.4,0.6,0.4,3.0,1.8,12.5,28.8,10.1,51.6,7.3,13.1,23.8,7.2,10.4,18.9,14.7,6.1,28.8,17.7,8.7,31.4,7.1,1.8,13.1,2.2,21.8,0.2,23.6
Krishna,Andhra Pradesh,865,820,119,74.0,20.4,1064,86.3,99.6,94.4,79.1,89.8,87.5,68.1,15.1,76.9,46.2,79.1,78.1,76.5,1.0,0.0,0.0,0.4,0.0,2.5,1.4,16.1,27.7,10.5,53.5,7.9,13.4,23.3,8.5,11.9,22.5,13.4,4.3,24.0,18.6,5.1,28.5,5.4,2.1,12.3,1.4,21.3,0.4,22.8
Guntur,Andhra Pradesh,851,807,93,64.9,22.4,1055,82.5,99.2,99.3,83.4,91.7,85.8,71.1,7.6,68.5,32.6,73.3,73.2,72.9,0.0,0.2,0.0,0.1,0.0,3.2,1.7,16.6,28.2,9.6,53.4,7.8,13.0,22.7,10.7,13.4,25.9,14.7,5.9,25.8,18.0,8.5,31.3,6.5,0.2,14.6,1.6,25.4,0.2,24.5
Prakasam,Andhra Pradesh,821,689,95,58.1,23.1,1011,88.9,99.3,98.6,78.4,90.8,85.5,67.6,7.6,62.8,34.5,69.0,68.7,68.7,0.0,0.0,0.0,0.0,0.0,4.8,1.6,25.4,18.9,14.4,50.5,7.9,12.6,23.2,11.8,15.3,30.2,14.6,6.4,27.8,19.8,8.3,33.0,4.1,0.2,10.0,2.2,28.2,0.3,19.0
Sri Potti Sriramulu Nello,Andhra Pradesh,865,922,132,67.9,20.8,1049,84.8,99.1,95.6,81.8,84.6,85.6,72.3,9.6,70.5,38.7,71.9,71.7,71.4,0.0,0.0,0.0,0.3,0.0,3.1,2.3,19.7,21.7,15.2,47.6,8.2,12.3,21.8,7.2,12.7,21.1,12.7,4.5,23.0,15.3,5.9,25.1,10.2,0.8,6.7,4.4,26.5,0.3,25.9
Y.S.R.,Andhra Pradesh,910,1017,140,61.9,24.1,1058,86.1,99.8,99.9,85.4,94.3,80.2,73.3,9.5,63.8,40.0,69.1,68.4,68.1,0.0,0.3,0.0,0.0,0.0,5.5,3.1,29.5,14.6,15.9,30.6,8.4,8.7,18.4,9.9,10.6,22.3,13.6,5.7,23.2,17.8,6.9,27.3,13.4,0.9,3.6,3.1,18.0,0.2,16.0
Kurnool,Andhra Pradesh,870,908,139,55.2,25.9,1045,77.9,99.9,97.9,73.5,78.1,70.4,73.3,5.5,57.0,33.4,70.0,70.0,69.5,0.0,0.0,0.2,0.4,0.0,2.1,0.9,20.7,22.2,20.6,42.1,6.9,6.9,15.1,9.2,10.2,20.6,18.3,5.1,27.0,22.2,7.4,31.8,2.3,0.2,2.9,2.1,19.9,0.4,20.0
Anantapur,Andhra Pradesh,882,868,146,59.5,24.3,1047,87.2,99.6,98.8,71.3,86.4,88.6,73.2,17.0,63.6,31.3,67.6,67.6,67.2,0.0,0.0,0.0,0.1,0.0,6.4,3.7,21.9,36.4,21.9,46.3,5.4,7.8,14.2,7.5,8.3,16.8,12.4,8.5,23.4,16.2,7.7,26.7,1.0,0.4,4.0,5.0,20.5,0.6,16.8
Chittoor,Andhra Pradesh,865,828,121,65.6,22.6,1024,74.3,99.7,98.5,74.6,86.6,85.5,70.7,14.2,69.3,40.3,69.0,68.9,67.9,0.0,0.0,0.0,0.8,0.0,6.0,3.9,21.3,29.1,20.1,41.7,6.9,8.4,17.2,7.2,12.3,22.4,10.7,5.4,22.7,16.8,5.9,27.1,2.2,0.3,4.0,4.3,18.7,0.4,18.3
Tawang,Arunachal Pradesh,905,924,137,59.3,27.3,1063,51.2,99.7,99.8,81.7,88.1,99.9,33.5,3.3,59.1,39.2,62.1,56.3,9.1,0.0,10.4,29.5,1.7,1.3,14.6,11.7,24.8,67.7,1.2,68.3,3.1,0.7,4.5,5.5,1.6,8.5,17.4,11.7,30.3,25.7,9.2,36.4,1.0,0.8,0.7,5.1,24.0,23.4,43.2
West Kameng,Arunachal Pradesh,959,1122,167,73.0,21.7,971,48.5,97.5,99.8,88.9,88.9,98.9,38.3,3.9,73.7,43.6,53.8,47.8,17.1,0.0,7.3,17.2,3.4,1.3,17.0,13.5,24.3,68.1,1.9,76.8,3.6,0.7,4.7,8.0,1.6,10.0,12.4,4.3,19.8,21.9,7.0,30.7,0.0,0.5,0.2,13.9,38.7,19.5,45.9
East Kameng,Arunachal Pradesh,940,1002,130,63.1,31.2,985,22.2,86.3,93.6,75.6,49.5,98.9,25.1,5.6,62.2,31.8,64.9,57.4,23.6,0.0,10.6,14.6,6.2,0.8,9.7,4.7,13.7,77.5,4.8,68.7,4.3,4.0,8.9,6.7,6.3,13.9,14.1,4.4,19.5,22.2,6.0,29.0,0.6,0.2,0.7,24.9,48.2,27.4,49.8
Papum Pare,Arunachal Pradesh,950,1017,142,77.6,30.5,1039,21.6,98.7,92.9,75.7,81.3,100.0,26.9,12.9,78.2,50.5,47.7,41.0,15.7,0.0,5.6,10.6,4.8,0.9,20.3,8.8,20.7,73.1,5.3,68.0,4.8,3.0,9.5,5.3,6.5,12.8,13.6,3.5,20.6,21.2,9.2,32.7,2.6,1.2,2.0,16.1,43.7,16.1,42.7
Upper Subansiri,Arunachal Pradesh,988,1092,147,61.4,27.3,1052,10.5,87.0,94.7,80.9,32.8,99.8,21.5,8.0,64.3,31.8,53.2,48.4,17.5,0.0,6.8,14.5,3.1,4.4,17.3,8.6,19.8,74.6,2.8,81.6,3.6,2.2,6.6,5.3,3.3,10.6,17.7,5.9,25.4,25.0,10.5,37.5,0.5,0.1,0.3,19.8,55.3,42.8,65.6
Upper Siang,Arunachal Pradesh,935,901,133,69.5,25.8,894,18.4,99.5,99.8,91.8,36.3,99.1,34.6,6.7,74.4,34.8,62.0,54.0,30.0,0.0,7.4,6.9,7.6,0.6,11.9,6.6,22.1,71.7,2.4,63.8,4.0,2.9,7.5,5.7,4.2,10.3,16.0,9.3,26.1,20.1,10.7,31.7,0.7,0.4,0.4,21.3,59.2,22.0,61.2
Changlang,Arunachal Pradesh,981,1168,189,74.6,28.7,963,56.5,95.2,81.8,82.3,34.1,99.2,40.5,1.4,77.6,30.5,71.4,46.3,15.1,0.0,1.6,27.5,1.8,0.0,6.7,3.5,20.9,88.6,10.5,66.2,5.6,3.1,9.1,8.2,4.3,13.2,13.8,6.7,22.8,19.2,7.0,27.5,0.2,0.0,0.0,21.9,59.9,30.0,60.9
Lower Subansiri,Arunachal Pradesh,986,1094,167,73.1,22.0,1016,30.3,97.8,98.1,82.8,60.8,99.5,24.5,18.2,76.8,49.9,65.9,58.0,25.0,0.1,8.9,11.8,9.8,1.4,8.5,2.3,12.4,66.4,4.3,68.8,4.9,3.6,9.1,8.3,5.0,14.2,17.1,7.6,25.7,25.2,10.4,36.6,3.6,0.7,0.8,18.0,46.7,16.8,48.1
Dibang Valley,Arunachal Pradesh,925,868,134,67.6,22.1,983,28.9,79.2,100.0,95.0,49.3,99.6,28.7,3.2,77.8,43.2,69.1,49.7,23.9,0.0,9.5,8.2,5.6,1.2,4.6,3.4,24.1,88.5,3.8,82.1,3.5,5.2,9.4,5.5,6.2,12.2,20.6,10.6,32.2,28.8,15.5,45.4,0.3,0.4,0.8,20.3,55.4,27.9,64.3
Lower Dibang Valley,Arunachal Pradesh,968,1090,173,76.8,24.5,1010,53.6,84.4,99.5,89.9,57.4,98.7,36.8,2.0,81.6,51.9,75.3,56.4,28.4,0.0,12.2,3.9,8.3,0.4,4.9,4.6,21.4,94.8,4.1,75.1,4.6,4.1,8.9,7.1,5.9,13.2,16.7,8.1,25.6,24.8,12.6,38.1,0.0,0.2,0.2,20.6,52.1,20.3,48.7
Anjaw,Arunachal Pradesh,932,828,125,61.5,23.2,939,34.6,96.4,86.6,86.8,29.0,99.6,17.5,2.5,67.9,28.8,64.7,50.9,21.2,0.0,8.6,15.9,2.9,1.1,6.8,4.7,29.6,79.0,2.4,66.9,4.0,8.7,13.0,7.4,10.7,18.3,21.8,7.6,31.1,30.2,11.8,42.6,0.9,0.6,0.2,22.1,66.1,31.6,68.4
East Siang,Arunachal Pradesh,976,1157,161,76.8,23.1,1059,26.1,97.3,97.3,83.9,52.4,99.4,30.5,18.0,83.8,55.6,40.0,35.9,14.4,0.0,5.2,7.1,6.7,0.9,17.6,9.6,15.4,61.7,6.8,67.9,5.6,3.4,9.5,7.8,4.4,12.7,18.0,8.5,29.7,26.3,10.0,38.1,1.1,0.2,0.8,24.7,51.3,18.8,50.7
Kra Daadi,Arunachal Pradesh,516,524,75,58.1,33.5,976,30.7,99.7,99.8,89.3,78.3,99.2,24.0,0.0,55.3,27.4,46.1,39.9,16.7,0.0,5.7,13.4,1.4,0.6,16.5,13.1,19.5,48.1,2.0,80.9,2.7,0.9,4.1,5.2,0.5,5.7,13.7,4.6,19.4,17.7,7.5,26.1,0.0,0.3,0.6,9.9,25.0,11.5,34.8
Kurung Kumey,Arunachal Pradesh,542,650,63,72.6,31.0,997,8.3,99.2,99.8,78.3,57.3,99.7,13.4,5.0,76.5,34.7,54.1,47.9,16.9,0.0,5.6,17.0,4.1,3.5,16.4,7.4,22.7,82.6,2.7,78.8,4.1,1.9,6.9,7.0,2.4,10.3,14.0,3.3,19.2,20.1,4.6,26.0,0.7,0.0,1.4,16.4,39.4,27.5,50.2
Lohit,Arunachal Pradesh,964,1129,193,73.3,27.7,1001,50.8,98.9,96.9,83.7,63.9,97.9,31.9,5.0,73.4,37.3,57.0,43.5,14.9,0.0,3.7,20.8,3.3,0.3,14.6,7.3,24.7,65.2,8.0,66.6,4.0,4.8,9.5,3.2,4.6,9.1,14.8,4.9,22.1,17.4,7.0,26.6,1.1,1.3,1.1,17.8,53.0,20.9,50.0
Longding,Arunachal Pradesh,946,935,149,63.2,29.9,926,57.2,97.4,62.5,83.5,22.4,99.3,23.8,0.0,71.9,27.7,68.6,49.0,21.3,0.0,7.1,16.0,3.9,0.8,7.3,4.5,17.3,86.5,4.0,62.0,5.3,4.9,10.5,7.3,6.7,14.5,15.7,4.1,20.5,22.3,8.3,31.1,0.0,0.0,0.0,16.0,56.1,21.8,55.2
Namsai,Arunachal Pradesh,989,1156,171,72.1,30.3,982,57.5,96.5,93.5,75.1,28.7,99.1,30.9,1.6,67.1,22.2,69.5,48.1,16.7,0.0,2.2,24.6,4.4,0.0,8.7,5.2,14.6,74.5,12.8,52.9,5.6,3.0,9.2,6.6,3.9,12.0,17.5,7.7,27.1,19.0,7.9,28.1,0.6,0.0,0.0,25.3,68.8,28.4,61.6
Siang,Arunachal Pradesh,960,1106,154,78.6,21.8,968,23.2,99.6,96.3,91.2,27.6,98.9,26.1,0.0,87.4,50.6,73.7,61.0,34.2,0.0,10.8,4.5,8.4,0.0,5.0,2.4,19.2,60.3,6.5,76.4,5.2,2.5,8.0,4.3,4.4,9.4,14.9,8.7,24.4,20.5,10.1,31.5,1.2,0.2,0.2,19.6,55.5,27.3,60.6
Tirap,Arunachal Pradesh,961,934,138,69.0,26.8,964,64.8,98.8,93.8,86.7,50.4,98.3,30.8,3.7,75.1,40.2,56.1,39.4,17.1,0.0,2.9,17.6,1.0,0.3,10.6,8.1,27.1,65.2,5.5,57.8,4.6,3.3,8.4,5.6,4.7,10.9,16.7,7.8,25.2,22.8,8.1,31.6,0.2,0.2,0.2,12.7,44.8,16.4,49.0
West Siang,Arunachal Pradesh,945,1068,133,73.6,23.7,1018,17.7,88.2,99.1,87.7,57.1,99.5,26.6,14.5,77.9,46.3,46.6,38.9,15.3,0.0,8.1,6.7,6.8,0.6,15.5,8.2,15.4,51.6,4.4,72.7,4.9,3.6,9.1,7.7,3.3,11.2,23.3,8.5,32.7,29.0,11.3,41.1,0.4,0.1,0.4,16.9,44.3,26.9,49.8
Kokrajhar,Assam,897,1052,144,75.2,29.5,1025,69.5,93.9,87.3,72.2,43.3,99.6,50.2,3.4,73.7,27.5,72.3,58.0,6.0,0.1,4.1,44.0,3.2,0.5,10.0,3.7,18.7,51.3,10.6,77.3,5.9,2.9,10.1,8.1,4.1,13.2,11.3,5.3,17.8,13.1,4.8,19.4,0.2,0.6,0.2,25.7,55.5,12.3,31.3
Goalpara,Assam,917,1158,164,78.5,30.0,1007,73.3,89.6,90.7,75.3,36.3,99.1,71.1,2.2,74.1,23.4,66.8,55.1,6.0,0.1,3.2,40.1,3.6,1.4,7.4,2.2,19.3,68.1,12.2,68.3,6.0,3.0,10.2,7.7,3.8,13.2,11.1,3.3,16.8,11.5,3.5,17.9,0.2,0.2,0.0,15.6,52.0,5.0,16.2
Barpeta,Assam,914,1163,159,75.4,30.1,1027,74.3,88.9,98.1,63.7,38.7,96.3,58.9,2.7,74.8,31.7,57.3,47.4,5.5,0.1,2.0,35.3,3.6,0.7,12.3,3.9,18.4,55.1,14.6,75.0,8.1,4.3,14.0,10.2,4.8,17.0,9.6,3.9,17.9,10.0,3.0,16.7,0.7,0.2,0.0,14.3,46.4,0.7,8.0
Morigaon,Assam,915,1071,136,79.1,32.1,1055,74.3,89.5,94.6,62.3,37.6,97.0,62.5,0.0,78.7,24.5,70.6,56.7,6.0,0.1,3.8,39.6,5.5,1.0,6.5,1.9,27.0,66.4,15.0,74.1,5.5,4.4,10.3,8.1,4.7,14.2,12.7,4.9,20.1,12.4,6.7,20.5,0.2,0.2,0.2,29.9,56.9,1.9,15.6
Lakhimpur,Assam,916,957,140,83.2,28.1,983,67.1,97.2,81.2,74.2,36.1,99.9,67.0,11.0,83.9,42.1,67.1,43.6,10.8,0.0,3.0,23.5,5.9,0.1,9.8,4.5,30.8,80.3,17.3,58.7,5.0,3.5,9.3,5.1,3.4,9.4,13.0,4.4,20.8,15.9,5.3,25.0,0.0,0.0,0.0,27.2,55.8,15.5,39.9
Dhemaji,Assam,918,989,148,77.3,30.6,1028,47.2,95.0,95.3,70.8,21.6,99.6,66.8,4.2,81.5,43.6,72.6,45.0,14.6,0.0,3.8,23.9,1.6,1.3,7.1,3.5,28.2,67.0,12.1,57.1,4.9,2.2,7.8,9.2,3.7,13.3,10.1,4.6,16.0,17.4,5.4,24.1,0.0,0.0,0.0,26.2,62.7,30.6,59.5
Tinsukia,Assam,919,1062,155,72.6,25.4,1023,64.3,95.7,96.8,66.7,40.9,99.3,60.0,2.4,70.5,25.6,59.2,36.5,16.7,0.1,3.0,13.4,2.1,0.5,11.0,4.4,17.6,72.2,17.6,66.5,8.9,4.7,13.9,10.8,8.1,19.5,9.6,4.7,17.1,12.5,5.4,19.3,0.0,0.2,0.2,23.1,51.1,15.7,43.7
Dibrugarh,Assam,920,1086,161,79.5,24.0,1002,72.3,94.4,98.1,75.3,44.7,99.5,58.8,2.8,76.6,33.7,64.6,43.6,24.3,0.1,3.0,10.7,4.5,0.5,8.7,4.8,28.9,76.5,20.3,58.7,7.9,6.6,15.4,9.1,9.0,19.2,10.7,4.3,18.1,13.5,4.3,21.4,0.0,0.2,0.5,27.9,57.7,19.0,51.9
Golaghat,Assam,919,1028,129,77.6,24.3,1002,55.2,96.4,93.7,73.1,33.1,98.7,69.3,7.1,75.1,27.9,61.6,35.7,13.2,0.0,3.1,13.0,5.6,0.2,10.9,4.7,25.3,63.3,25.1,51.2,6.4,4.7,11.6,6.7,6.6,14.4,10.7,6.9,20.5,13.9,6.3,22.0,0.2,0.2,0.2,21.6,52.0,10.4,38.2
Dima Hasao,Assam,918,1001,149,85.1,27.7,959,60.3,95.9,50.2,83.8,48.2,99.4,61.9,8.5,87.7,42.4,65.5,44.9,10.2,0.2,4.0,27.0,3.1,0.0,9.7,2.6,18.3,66.6,10.0,53.8,5.6,2.4,9.8,8.7,2.8,13.3,11.2,3.5,17.1,16.9,4.0,23.5,0.0,0.0,0.0,21.3,55.2,23.9,57.2
Cachar,Assam,907,1110,152,80.5,30.9,1012,72.4,81.7,43.8,57.6,43.0,98.6,57.9,3.7,77.2,25.8,48.0,38.2,6.9,0.1,1.0,22.9,6.1,0.6,15.6,6.9,23.6,82.2,19.7,79.1,6.4,6.1,13.1,7.3,4.5,14.4,9.7,3.7,17.0,9.1,2.9,15.4,0.2,0.0,0.2,33.2,51.0,2.5,14.6
Karimganj,Assam,917,1170,160,82.1,32.3,1000,72.6,87.1,62.3,61.5,39.6,98.7,64.4,7.1,80.7,19.6,64.3,54.9,6.1,0.5,2.3,34.0,9.5,1.9,8.6,4.2,31.0,84.5,17.8,75.8,6.3,4.3,11.5,8.5,4.5,15.2,9.0,2.6,16.5,11.0,2.7,17.2,0.0,0.0,0.5,43.0,54.2,1.4,7.0
Hailakandi,Assam,905,1057,130,81.5,33.7,1054,60.3,91.2,41.2,60.0,35.2,97.6,53.6,6.5,82.2,25.3,66.8,49.5,4.1,0.0,4.3,25.0,12.8,2.2,8.6,4.2,26.1,94.7,25.7,77.5,7.1,5.8,14.2,9.0,7.3,18.9,12.2,5.8,21.8,15.6,5.6,24.4,0.0,0.0,0.0,45.1,58.3,3.1,10.1
Bongaigaon,Assam,916,1092,169,77.0,28.9,998,69.1,97.0,95.3,72.5,49.8,98.3,57.6,7.7,75.8,28.6,57.6,45.3,5.9,0.1,2.6,30.6,4.8,0.5,16.1,5.1,23.4,65.1,13.1,66.4,7.6,4.0,12.6,8.5,5.8,15.0,7.9,4.0,13.6,9.9,3.6,15.9,0.7,0.8,0.7,18.8,45.7,1.0,13.2
Chirang,Assam,912,1076,148,71.5,28.0,1015,72.7,97.8,92.1,77.1,44.5,98.6,61.5,7.9,71.5,23.0,65.8,55.6,3.9,0.1,5.2,39.9,6.1,0.2,9.8,3.7,34.2,75.3,17.2,64.2,5.7,2.6,8.8,8.9,4.1,13.3,14.0,5.2,20.8,18.5,6.4,25.6,0.4,0.2,0.2,18.6,55.1,8.9,30.9
Kamrup,Assam,894,1021,138,79.4,25.6,997,52.4,94.8,92.1,68.7,57.4,98.2,47.0,6.5,79.6,39.2,38.7,32.3,8.0,0.0,3.4,15.8,4.8,0.3,17.6,7.7,17.1,58.9,12.9,75.1,7.1,8.4,18.1,9.3,7.3,19.6,12.0,3.9,22.2,10.5,3.7,19.2,0.2,0.0,0.3,14.3,44.7,3.2,19.1
Kamrup Metropolitan,Assam,903,926,165,87.5,20.0,946,77.4,99.2,87.2,65.2,85.1,99.7,45.5,2.6,86.0,49.1,56.8,41.5,13.4,0.0,4.5,16.8,6.6,0.0,8.8,2.5,16.6,50.3,12.6,69.1,8.3,6.8,17.1,7.8,10.4,20.3,8.2,2.6,17.0,11.4,2.8,20.3,0.2,0.2,0.4,11.8,39.9,3.9,24.2
Nalbari,Assam,886,1011,145,81.8,24.5,1043,55.0,94.7,99.5,68.1,51.1,99.4,52.5,7.0,83.9,41.6,53.3,38.7,11.8,0.0,2.6,21.4,2.9,0.0,13.2,4.8,18.8,60.6,16.4,75.0,8.0,8.0,17.4,9.7,9.7,20.9,12.0,5.0,22.5,15.7,5.1,24.9,0.9,1.0,0.8,11.7,42.0,2.4,15.5
Baksa,Assam,921,1175,156,74.1,26.5,1057,50.1,98.1,89.8,68.9,35.2,98.9,69.0,3.3,74.8,27.8,59.2,47.3,7.1,0.0,3.3,33.5,2.7,0.0,12.5,5.7,24.8,76.2,15.1,66.9,8.7,4.0,13.4,9.4,6.3,16.1,15.0,7.2,24.5,17.8,5.3,25.0,0.3,0.3,0.0,14.9,57.6,11.9,33.4
Darrang,Assam,918,1053,176,75.2,29.2,929,69.2,89.5,99.7,67.9,30.1,97.4,53.7,3.2,75.6,27.5,46.8,36.5,3.5,0.1,2.8,25.8,3.1,0.9,14.8,5.8,18.0,51.2,17.4,71.0,7.0,3.4,11.0,8.3,4.8,14.2,9.6,4.3,16.7,8.9,2.0,14.5,0.4,0.0,0.0,10.2,43.0,0.3,7.8
Udalguri,Assam,916,1088,151,70.6,27.2,1087,51.2,95.5,82.3,73.8,34.0,99.3,70.6,1.7,70.0,23.8,50.2,36.2,6.4,0.3,2.0,23.9,3.0,0.2,14.6,6.4,14.6,47.2,16.1,66.9,6.6,4.6,12.1,9.4,6.8,18.0,10.0,7.0,19.7,15.8,4.1,22.6,0.2,0.3,0.2,12.2,50.8,11.1,35.1
Biswanath,Assam,901,1000,135,72.1,28.7,996,62.5,91.1,76.2,76.6,35.0,98.0,68.4,2.9,69.2,23.0,72.4,56.1,11.9,0.3,2.1,36.3,4.5,0.6,5.3,1.4,29.9,73.5,22.0,69.3,5.5,2.6,8.1,5.7,4.4,10.4,14.5,7.0,23.5,19.1,7.6,28.4,0.5,0.0,0.0,27.8,61.6,11.5,40.5
Charaideo,Assam,922,1117,166,75.0,25.8,1027,50.6,91.7,96.4,75.9,27.3,99.7,64.9,1.7,71.9,26.2,67.0,43.9,20.1,0.1,4.0,14.4,4.4,0.1,8.3,3.7,22.0,69.5,24.7,53.5,7.1,4.1,11.9,8.8,5.0,14.9,9.3,5.2,18.2,12.6,3.0,17.9,0.2,0.0,0.0,25.4,57.9,17.7,50.4
Dhubri,Assam,912,1017,128,71.8,32.3,1000,73.1,92.5,96.7,61.8,40.7,99.1,59.4,5.3,69.5,20.4,64.1,53.2,1.8,0.0,1.3,44.2,5.1,0.7,11.5,4.0,22.6,76.7,22.2,68.1,4.6,3.1,8.2,5.9,4.4,10.4,11.3,5.5,18.2,13.4,4.8,19.0,0.0,0.0,0.0,21.8,55.0,0.3,5.1
Hojai,Assam,896,1027,148,79.1,27.5,986,79.7,96.3,99.9,63.1,52.0,98.9,67.4,3.7,83.2,23.1,61.1,48.2,4.3,0.1,1.2,37.2,4.9,0.0,13.2,4.9,21.7,73.5,19.3,69.6,6.3,7.5,14.6,7.6,8.0,16.5,11.6,6.9,21.0,15.9,7.3,25.2,0.9,0.0,0.5,18.8,53.7,2.2,16.7
Jorhat,Assam,917,1019,148,84.4,21.6,1009,57.2,95.1,85.9,80.4,48.3,98.9,60.1,11.1,85.1,42.9,63.8,32.3,12.5,0.3,3.6,9.9,6.0,0.0,10.4,3.2,14.4,62.6,22.5,49.5,7.7,7.3,15.3,8.5,9.3,19.0,14.3,7.1,25.9,16.7,6.4,26.3,0.0,0.2,0.3,16.5,47.1,4.0,30.9
Karbi Anglong,Assam,919,1042,156,76.4,29.9,994,60.7,97.0,79.6,75.2,33.4,99.8,54.1,1.6,78.8,30.3,66.3,41.1,9.3,0.0,6.2,23.6,1.8,0.0,9.3,2.4,23.6,74.6,10.0,59.3,6.5,3.2,10.7,8.5,4.8,14.6,10.9,6.5,20.1,15.0,6.6,22.8,0.0,0.0,0.2,20.5,55.0,20.5,48.5
Majuli,Assam,921,1052,146,78.4,26.2,995,59.3,93.5,98.6,65.6,19.3,99.8,60.8,5.2,83.4,41.7,63.7,31.3,12.2,0.0,3.4,13.6,1.2,0.4,11.6,4.7,25.1,85.6,18.0,53.0,6.8,3.9,11.1,8.8,5.3,14.9,10.9,6.2,19.7,14.8,6.0,23.3,0.2,0.0,0.2,26.6,54.7,32.1,45.4
Nagaon,Assam,922,1122,169,81.3,31.1,1050,66.0,94.5,96.1,66.1,38.6,98.7,59.4,4.7,78.4,22.1,58.6,46.8,7.7,0.2,2.8,30.2,5.4,0.1,12.3,3.1,16.6,73.7,21.5,60.7,8.3,6.2,15.9,10.6,9.1,21.4,8.9,2.9,16.4,9.7,2.5,17.0,0.2,0.2,0.4,18.2,49.0,2.5,14.8
Sivasagar,Assam,919,1020,146,87.1,23.8,989,57.9,97.0,92.7,82.3,45.5,99.8,60.7,5.7,86.6,47.1,67.3,39.5,12.4,0.0,4.4,16.3,5.1,0.3,8.3,3.2,22.1,80.1,20.5,60.4,7.9,6.2,15.3,7.7,8.8,17.2,11.5,5.9,22.0,15.8,6.8,26.0,0.2,0.3,0.5,25.5,58.4,13.5,42.9
Sonitpur,Assam,909,1067,148,74.9,26.6,1027,77.9,88.2,82.9,72.2,45.8,99.4,66.9,3.6,76.9,24.3,74.4,58.9,9.1,0.1,1.7,41.9,5.3,0.6,5.8,2.0,20.5,72.0,21.4,68.8,5.1,3.9,9.5,5.9,4.6,11.1,14.5,8.0,24.8,14.4,7.7,24.5,0.4,0.4,0.2,23.3,59.1,4.4,28.9
South Salmara Mancachar,Assam,912,1085,162,69.4,36.7,968,71.1,79.5,98.2,59.0,28.5,98.9,68.2,1.9,63.5,20.9,71.5,60.8,1.1,0.0,2.9,53.0,2.5,0.6,8.0,1.7,26.7,71.8,11.9,76.2,5.3,2.8,8.7,7.1,4.5,12.0,11.3,3.1,15.5,12.6,2.6,16.5,0.0,0.3,0.0,25.2,50.0,0.2,0.9
West Karbi Anglong,Assam,921,1065,146,73.8,31.7,959,43.5,94.7,44.7,76.7,17.7,98.9,63.1,3.7,73.9,21.7,69.9,43.3,7.8,0.0,3.9,26.8,4.4,0.1,7.1,3.2,23.0,80.5,13.1,54.4,6.0,2.1,9.1,8.6,2.3,12.2,11.3,4.2,17.0,17.0,3.3,22.2,0.0,0.2,0.0,20.2,58.2,23.0,54.2
Pashchim Champaran,Bihar,934,1070,109,59.8,36.5,1088,29.4,93.5,99.7,43.3,31.4,97.7,20.0,9.2,52.5,21.6,50.7,40.2,34.5,0.0,0.2,1.0,2.7,0.7,12.1,6.3,21.0,38.9,24.6,59.4,4.3,4.5,9.3,5.9,6.8,13.4,11.3,5.1,18.1,12.3,7.8,22.6,0.3,0.0,0.0,5.9,48.1,0.9,10.8
Purba Champaran,Bihar,934,1142,87,58.2,40.0,1185,34.4,94.8,99.9,48.3,44.2,96.9,19.4,5.8,50.2,20.1,49.9,40.8,31.8,0.0,1.1,1.8,2.5,1.2,17.2,8.0,18.4,45.7,23.4,57.5,5.3,4.9,10.8,8.1,7.8,16.4,9.1,4.0,16.2,13.8,6.8,23.6,3.3,0.6,0.4,7.6,55.2,0.5,14.9
Sheohar,Bihar,944,886,104,56.2,36.2,1066,49.1,97.6,100.0,57.9,31.3,95.6,18.1,3.3,52.5,21.0,65.6,49.7,38.2,0.0,1.1,1.6,4.3,1.7,10.4,5.3,24.7,58.7,20.0,69.1,4.2,3.1,7.5,8.7,4.6,13.9,10.1,3.7,15.5,14.6,4.5,20.8,0.0,0.0,0.3,4.5,56.6,0.3,14.9
Sitamarhi,Bihar,911,1004,116,59.1,38.2,1209,35.6,93.1,99.7,50.7,40.5,95.0,20.7,9.5,51.7,19.2,52.8,41.0,33.9,0.0,1.2,1.3,2.1,1.5,17.0,7.1,17.3,52.2,31.8,59.5,6.2,5.6,12.3,8.8,5.3,14.6,9.9,4.3,17.8,10.8,4.8,17.9,0.0,0.0,0.0,6.4,55.4,0.1,12.7
Madhubani,Bihar,918,976,83,55.6,34.7,1227,22.8,98.6,100.0,38.2,40.0,91.9,19.2,8.3,53.2,26.5,47.4,39.5,33.0,0.1,0.7,1.2,2.2,1.6,17.7,7.0,18.6,54.3,25.1,66.3,7.4,4.9,13.2,9.3,9.5,20.0,9.5,4.2,18.2,12.8,6.4,23.4,0.8,0.0,0.3,5.0,53.9,0.1,11.1
Supaul,Bihar,945,1153,112,50.9,39.8,1126,28.7,97.3,99.7,50.7,15.0,94.3,14.2,6.8,42.1,16.2,63.7,56.2,50.5,0.0,0.6,0.8,1.5,1.7,12.1,5.7,26.1,44.5,30.9,68.3,6.8,5.5,12.7,6.8,7.8,15.6,6.3,2.5,11.6,8.8,3.1,14.1,0.4,0.0,0.2,11.4,53.0,0.1,7.9
Araria,Bihar,947,1122,124,53.0,40.5,1094,25.5,96.2,100.0,32.2,15.2,93.7,19.5,8.8,43.7,16.8,46.0,42.8,36.2,0.0,0.1,0.9,1.7,3.2,15.9,6.4,11.0,33.9,30.4,57.2,6.9,6.4,13.6,10.1,7.8,18.8,5.0,2.9,12.1,8.9,3.1,15.8,1.1,0.7,0.7,12.3,53.2,0.2,8.4
Kishanganj,Bihar,929,1116,111,56.0,39.9,1199,33.5,95.8,100.0,52.4,15.3,94.8,8.1,5.9,48.0,15.0,25.3,21.0,14.6,0.1,0.5,2.4,2.5,0.5,21.7,8.0,12.2,43.3,29.1,53.4,5.6,4.4,11.0,7.8,8.0,17.0,8.5,3.6,17.4,12.4,5.0,22.7,0.8,0.2,0.2,11.6,50.4,0.6,6.2
Purnia,Bihar,904,973,133,53.6,40.2,1128,39.1,92.4,99.6,35.6,19.3,92.6,10.2,13.9,47.5,19.2,25.7,24.3,20.8,0.0,0.3,1.8,0.9,0.3,20.2,9.3,9.4,22.0,31.4,48.6,6.9,6.8,16.5,8.9,9.8,21.4,8.2,2.7,18.7,11.9,3.5,22.5,2.1,1.2,0.9,6.2,47.3,0.9,13.2
Katihar,Bihar,892,945,107,57.5,39.0,1053,36.6,92.0,99.2,44.6,16.9,96.7,8.4,8.8,49.7,19.8,33.8,26.4,18.4,0.1,0.5,3.4,1.7,1.3,22.4,9.2,22.6,57.5,26.4,62.1,6.5,6.3,14.4,9.1,8.8,19.6,6.0,4.0,17.0,8.5,2.9,17.8,0.0,0.0,0.0,6.1,49.2,0.6,10.3
Madhepura,Bihar,931,1055,127,58.0,38.3,1148,31.4,97.0,99.3,34.6,13.4,95.4,9.5,11.6,47.6,23.2,55.8,47.6,37.4,0.1,0.3,3.0,4.3,2.4,11.1,4.7,29.9,60.8,32.0,64.9,8.7,6.4,15.4,7.9,8.3,16.9,5.3,1.9,10.4,7.6,2.8,14.5,0.9,0.0,0.5,7.9,53.2,0.5,13.8
Saharsa,Bihar,907,960,110,50.2,38.8,1128,32.4,97.2,100.0,40.5,25.2,94.6,12.8,3.7,43.1,20.9,44.7,37.6,34.5,0.0,0.8,0.5,0.9,0.8,16.7,8.2,21.8,38.7,31.0,51.7,6.6,4.7,11.7,9.0,6.7,16.5,6.2,2.8,14.9,8.8,4.2,15.5,0.2,0.2,0.0,10.7,54.9,0.2,9.6
Darbhanga,Bihar,913,1053,100,54.9,37.1,1122,27.5,97.2,99.8,48.7,41.6,96.0,25.3,3.3,49.4,22.7,61.3,48.8,37.5,0.0,0.4,3.0,4.9,1.1,12.7,6.8,21.5,50.2,25.6,59.8,6.4,5.9,13.5,10.1,8.8,19.3,9.0,3.7,17.5,13.7,6.3,23.5,0.8,0.2,0.2,5.6,55.1,0.3,10.6
Muzaffarpur,Bihar,914,1095,94,65.1,34.9,1097,38.3,96.6,99.9,55.2,41.5,96.1,13.2,4.9,63.0,33.8,66.1,55.7,45.0,0.0,0.9,2.3,4.7,1.2,12.1,6.0,20.8,57.9,25.2,57.3,6.9,4.9,12.4,6.9,7.2,16.4,9.8,5.0,18.1,14.1,6.9,24.0,1.4,0.2,0.0,7.2,51.5,0.5,11.2
Gopalganj,Bihar,912,1139,96,63.3,34.6,1157,40.8,96.2,99.9,60.1,39.4,96.6,12.7,2.7,63.3,32.9,57.3,39.5,27.1,0.0,0.2,1.5,3.3,0.6,19.4,5.5,17.9,45.7,22.7,69.0,4.7,4.9,10.5,5.0,4.8,10.1,11.7,5.1,20.3,16.3,5.0,22.8,1.5,0.2,0.0,5.2,47.8,0.1,12.0
Siwan,Bihar,941,1256,95,70.7,31.5,1141,61.9,95.3,99.8,47.7,48.0,94.1,8.2,13.2,70.9,38.9,53.5,42.4,30.2,0.0,0.0,2.3,7.0,0.7,15.4,5.1,9.3,40.2,18.1,63.5,3.4,4.9,9.0,8.3,6.6,15.7,12.4,5.2,19.6,18.1,9.4,29.6,0.2,0.0,0.0,4.6,44.1,0.4,11.4
Saran,Bihar,945,1229,137,64.8,35.3,1077,43.8,93.6,99.7,37.2,36.8,92.9,9.4,7.2,65.6,35.5,41.1,31.4,23.6,0.0,0.4,1.7,4.9,0.5,17.3,7.7,18.0,36.7,22.1,50.7,8.1,6.8,16.5,7.9,8.4,18.1,8.4,3.3,16.7,12.7,2.6,19.3,0.5,0.8,0.3,4.2,44.0,0.6,17.4
Vaishali,Bihar,925,1112,123,64.5,34.7,1069,44.1,96.5,99.2,52.6,40.9,86.2,13.5,24.9,62.4,34.0,45.8,41.0,36.5,0.0,0.9,0.8,1.9,0.7,16.7,8.3,18.5,47.4,26.1,61.8,6.5,5.3,13.6,8.1,7.0,17.1,6.0,3.5,17.4,10.2,3.7,19.6,0.2,0.4,0.8,3.9,46.3,0.4,19.2
Samastipur,Bihar,923,1061,118,60.9,37.8,1071,39.2,95.7,98.6,48.8,36.1,91.9,19.0,3.4,54.3,26.5,63.7,53.8,41.1,0.1,0.6,3.0,4.4,1.7,11.1,5.5,20.6,59.4,26.7,54.3,8.0,5.6,14.3,7.9,7.0,15.9,7.1,4.2,15.8,9.4,4.4,16.4,0.6,0.6,0.4,3.5,51.7,0.1,10.5
Begusarai,Bihar,966,1170,165,65.0,36.4,1076,37.5,96.2,99.1,62.2,45.2,89.2,13.2,26.3,62.3,34.1,55.8,46.2,36.7,0.4,1.0,1.2,2.9,1.2,16.0,9.0,17.4,53.1,26.0,68.6,6.8,5.6,13.2,9.1,5.6,15.8,7.1,2.4,13.9,9.7,3.1,17.0,0.2,0.2,0.0,4.0,49.6,0.4,13.7
Khagaria,Bihar,909,1072,125,60.6,41.3,1111,31.8,94.5,98.8,65.0,33.2,88.0,15.6,7.2,51.8,26.6,40.9,34.9,27.4,0.1,0.2,1.7,2.8,0.5,15.4,9.5,14.4,56.2,24.7,56.5,8.4,7.8,17.1,9.8,10.8,21.7,7.5,2.3,13.0,9.4,3.1,16.1,0.7,0.2,0.9,3.5,43.7,0.1,6.9
Bhagalpur,Bihar,966,1154,179,65.1,35.1,986,26.4,94.5,98.0,60.9,49.2,85.2,16.3,17.4,65.6,35.1,57.4,46.8,31.9,0.0,0.0,3.4,9.1,1.6,12.8,6.5,31.2,39.9,22.9,70.1,7.5,7.1,15.6,8.5,7.3,16.3,7.0,3.2,13.3,8.8,3.1,14.7,1.6,1.2,1.3,2.4,47.3,0.2,21.2
Banka,Bihar,979,1098,147,59.3,36.1,1083,32.8,96.2,96.3,38.2,32.3,90.1,13.6,23.7,55.7,22.6,71.5,55.7,44.7,0.2,0.7,2.1,4.7,0.4,9.7,4.8,21.7,50.0,23.8,70.7,7.2,4.7,13.0,7.2,9.1,16.9,10.6,4.8,17.4,12.4,5.4,18.8,0.6,0.0,0.0,1.8,49.4,0.5,17.9
Munger,Bihar,972,1100,157,69.5,31.3,1032,50.7,98.4,97.7,62.8,59.4,92.6,15.2,22.2,69.5,44.4,68.6,49.0,33.7,0.2,0.6,3.1,8.6,1.1,10.3,5.7,23.3,65.3,23.7,70.7,9.8,8.7,19.5,11.6,9.6,21.8,9.8,3.5,16.1,10.6,3.9,18.3,1.5,1.5,1.7,2.5,40.9,0.1,12.9
Lakhisarai,Bihar,969,1222,147,61.2,37.8,1074,37.4,98.0,96.6,51.6,42.6,84.2,15.1,22.1,57.9,30.0,67.0,50.4,37.0,0.2,1.2,3.2,5.2,0.6,11.7,6.4,19.8,53.4,25.3,67.4,7.3,4.8,12.8,8.8,7.7,17.8,6.6,3.4,12.3,9.3,2.1,13.8,0.2,0.0,0.1,2.4,45.4,0.8,20.0
Sheikhpura,Bihar,958,1160,132,58.5,37.5,1074,47.8,97.3,98.4,54.2,40.3,90.3,9.7,9.5,55.0,28.3,78.8,50.3,37.2,0.2,0.6,1.5,4.8,2.3,3.2,1.5,26.2,58.6,24.1,67.7,5.7,3.4,9.9,5.8,4.4,11.1,9.2,4.2,16.3,11.1,3.9,16.1,0.5,0.5,0.3,2.1,45.0,0.2,23.2
Nalanda,Bihar,962,1151,146,59.6,37.2,1048,40.6,98.9,98.9,52.5,41.0,89.1,12.8,16.3,56.1,28.8,72.3,52.4,37.8,0.2,0.6,2.5,6.0,2.7,7.5,4.2,27.8,54.1,23.8,68.1,6.8,3.8,11.1,7.7,5.2,13.6,8.2,3.3,13.4,9.3,3.6,14.0,0.4,0.0,0.0,2.8,49.8,0.3,21.5
Patna,Bihar,897,942,143,69.5,32.7,950,39.9,99.0,98.8,61.0,64.6,92.9,10.2,18.2,67.6,43.6,49.3,42.3,31.4,0.1,1.9,2.9,4.9,0.5,15.0,4.6,18.6,46.4,22.6,66.9,7.6,7.8,17.1,10.0,8.8,19.9,8.1,2.5,16.1,10.0,2.4,14.8,1.6,0.6,0.1,2.1,39.9,0.4,21.0
Bhojpur,Bihar,974,1213,181,67.9,34.2,1003,44.6,97.9,99.7,45.9,42.9,92.2,9.6,16.2,64.1,34.6,63.9,47.9,37.7,0.6,2.2,2.2,4.1,0.7,11.8,5.1,17.5,45.0,23.1,51.4,6.8,6.6,14.0,9.6,6.5,17.0,8.3,2.7,13.9,10.3,1.8,14.5,0.5,0.3,0.3,2.4,43.7,0.5,17.8
Buxar,Bihar,975,1295,158,64.8,32.7,1005,40.5,98.5,99.8,52.4,44.7,93.5,11.4,18.3,68.1,33.3,60.5,44.6,35.1,0.0,1.0,2.4,3.8,1.4,9.1,3.4,31.4,67.3,21.1,57.7,7.1,4.9,12.9,6.6,4.5,11.5,9.2,2.8,13.9,7.4,2.0,10.5,0.3,0.3,0.0,1.8,42.2,0.1,11.4
Kaimur (Bhabua),Bihar,973,1167,146,62.3,35.8,1018,41.3,96.7,98.0,59.1,29.0,93.7,18.1,6.1,66.0,29.5,78.6,59.7,44.0,0.1,0.4,3.5,7.3,1.7,3.7,1.7,45.1,62.6,25.6,62.6,4.4,2.0,6.9,6.1,3.4,10.3,7.9,3.3,12.3,10.4,3.7,15.0,0.0,0.0,0.0,2.8,50.8,0.5,14.1
Rohtas,Bihar,975,1302,148,70.5,32.7,1040,47.2,98.5,99.6,69.0,47.4,97.4,17.2,7.5,76.5,42.6,73.9,55.7,42.8,1.2,1.2,1.8,6.1,0.6,5.9,2.7,38.6,59.1,22.9,52.5,5.3,4.6,10.3,7.4,5.5,13.5,10.5,3.9,15.2,10.3,4.6,16.0,1.1,0.7,0.0,1.0,40.6,0.4,18.2
Aurangabad,Bihar,970,1269,161,65.0,35.2,1074,33.9,97.7,100.0,47.1,38.9,92.4,15.4,12.0,67.6,36.9,69.4,53.5,44.2,0.0,0.9,2.5,4.3,0.6,7.2,3.5,26.6,52.8,25.8,52.4,6.5,3.7,10.6,8.9,4.1,14.1,10.4,4.2,16.2,10.4,3.2,15.3,0.0,0.0,0.0,3.3,46.7,1.1,23.9
Gaya,Bihar,963,1153,147,59.6,36.3,1080,38.2,97.9,99.2,44.4,34.7,94.9,9.7,13.3,59.4,30.7,73.3,52.5,41.5,0.1,1.4,1.9,4.4,0.6,5.9,2.6,29.5,51.9,26.8,58.5,4.2,3.6,8.2,7.4,3.6,11.4,11.5,3.9,16.6,12.7,4.8,18.8,0.0,0.1,0.0,3.7,51.9,0.9,29.9
Nawada,Bihar,963,1239,121,61.4,33.4,1099,38.6,97.4,99.3,47.9,40.7,98.2,8.1,15.3,62.1,37.3,69.8,45.1,30.8,0.4,0.9,2.1,7.3,1.3,6.5,3.3,13.5,45.7,28.4,61.1,4.9,3.9,9.4,5.8,5.1,11.7,8.8,3.8,14.5,11.9,5.3,18.5,0.3,0.0,0.0,2.9,47.9,0.9,27.9
Jamui,Bihar,979,1172,119,53.1,37.0,1090,37.4,97.9,90.5,37.6,40.2,91.0,14.3,30.8,48.7,20.6,69.6,47.7,36.8,0.0,0.9,1.9,5.3,0.2,9.5,5.0,18.4,64.4,31.0,61.9,5.4,5.4,11.1,8.2,6.3,15.1,7.3,4.1,12.6,10.3,3.0,14.8,0.0,0.0,0.0,2.8,53.6,0.5,25.0
Jehanabad,Bihar,949,1072,156,61.7,36.0,1085,35.3,99.3,99.8,45.5,34.3,91.0,13.2,20.3,63.2,30.5,52.5,45.3,35.5,0.0,1.5,2.6,4.2,0.8,13.0,5.6,40.7,61.5,27.2,57.4,6.9,4.7,11.9,9.0,6.5,16.0,8.9,2.6,13.4,8.0,2.3,12.0,1.6,0.2,0.2,5.5,49.1,1.1,28.5
Arwal,Bihar,966,1185,133,62.6,36.6,1076,34.2,97.4,99.9,43.4,29.3,90.1,15.6,13.9,62.5,32.9,60.5,42.8,35.4,0.1,0.5,1.6,3.4,1.0,12.2,5.4,27.1,56.0,31.9,51.3,6.3,4.1,10.9,9.3,5.8,15.9,8.6,2.6,12.9,9.0,3.3,14.0,0.4,0.2,0.2,2.4,47.9,0.6,25.2
Chandigarh,Chandigarh,761,746,104,86.7,23.3,917,93.6,99.9,99.1,85.0,95.8,96.8,32.2,6.3,83.0,59.6,77.4,55.6,19.0,0.3,4.2,0.5,31.1,0.0,6.9,2.5,34.0,91.7,13.0,60.7,6.0,12.0,19.0,7.1,8.8,16.6,14.5,5.6,25.0,18.7,8.7,30.6,1.4,0.0,0.4,0.6,12.1,0.3,18.6
Koriya,Chhattisgarh,906,967,133,69.7,26.9,987,87.0,97.6,87.6,73.3,30.2,99.2,62.8,2.0,77.1,37.0,56.4,49.4,34.1,0.2,3.8,0.5,4.6,0.3,12.6,3.8,34.2,84.4,25.1,51.9,7.5,5.2,13.4,7.1,7.0,14.6,14.5,8.5,25.7,20.4,9.1,30.9,0.5,0.5,0.9,17.5,44.4,4.7,39.5
Jashpur,Chhattisgarh,908,945,136,67.9,27.8,1038,79.4,98.2,88.8,72.8,14.8,98.8,80.6,6.0,75.1,34.9,56.0,47.2,33.8,0.1,6.6,1.5,2.4,0.3,12.9,5.1,39.6,94.1,27.5,42.9,5.0,3.2,8.3,5.3,4.5,10.4,17.3,10.4,28.5,21.9,11.6,34.4,0.2,0.0,0.2,21.2,55.8,12.1,50.2
Raigarh,Chhattisgarh,889,990,154,72.2,24.1,1013,81.7,99.0,97.5,66.3,29.8,99.6,66.3,4.2,76.0,38.3,64.1,56.0,45.5,0.0,1.9,2.6,2.8,0.6,10.3,5.2,38.4,89.2,26.9,46.6,4.0,3.5,8.1,6.3,5.6,13.4,15.5,8.7,26.1,22.7,8.6,31.9,0.0,0.0,0.0,19.1,43.6,3.8,33.0
Korba,Chhattisgarh,876,1029,173,71.1,25.4,1034,72.4,97.9,82.2,73.3,35.5,95.4,60.6,14.3,77.6,37.1,53.6,46.9,34.5,0.6,1.4,3.5,5.7,0.4,13.4,4.4,12.7,52.4,24.4,52.4,4.2,4.5,9.6,5.3,3.8,10.2,14.7,7.5,23.9,21.1,10.1,32.7,0.9,0.8,0.5,18.6,42.6,3.7,33.4
Janjgir - Champa,Chhattisgarh,920,1046,149,67.7,25.3,999,76.2,99.5,97.2,78.8,24.8,99.4,74.0,7.0,77.0,37.3,74.8,66.3,47.6,0.4,2.1,2.1,7.8,1.0,6.3,1.9,16.5,70.2,21.5,52.7,4.1,4.1,9.0,5.1,5.0,11.2,15.1,5.1,21.6,18.1,9.1,28.3,0.0,0.0,0.2,14.8,40.4,1.3,31.3
Kabeerdham,Chhattisgarh,915,1037,151,61.7,27.4,983,84.1,99.5,97.9,80.3,25.0,95.6,72.1,0.0,67.8,32.6,75.2,72.2,63.8,0.5,2.8,1.9,1.7,0.3,6.2,2.9,43.7,92.4,20.6,59.3,5.6,2.5,8.5,5.9,2.6,9.4,16.5,6.7,24.0,19.4,6.6,26.5,0.2,0.3,0.2,13.7,40.2,2.6,27.6
Rajnandgaon,Chhattisgarh,919,1030,172,73.4,24.0,1014,81.4,99.3,98.8,79.2,27.4,99.2,80.8,0.0,82.4,38.9,73.3,70.5,58.7,1.0,2.5,2.4,1.8,0.0,6.3,2.8,27.6,90.8,25.9,50.9,4.9,4.7,10.3,3.9,3.4,8.2,18.5,8.1,27.7,20.3,7.3,28.3,0.0,0.0,0.0,19.0,47.3,1.7,35.1
Mahasamund,Chhattisgarh,916,1073,163,68.6,24.0,1057,75.6,98.4,98.8,84.2,30.4,98.9,76.2,6.1,72.6,31.2,71.4,64.2,51.0,0.9,2.5,2.7,2.6,0.0,5.5,2.6,22.6,82.6,21.3,63.1,4.1,3.0,7.6,4.4,3.4,8.5,11.7,4.3,17.9,14.3,5.3,21.4,0.5,0.2,0.4,23.7,43.2,3.7,30.3
Dhamtari,Chhattisgarh,917,1152,151,77.3,23.6,1057,87.1,99.9,99.1,89.8,30.9,99.4,86.8,2.7,83.7,40.9,81.1,78.3,64.9,1.0,1.5,2.0,5.5,0.4,4.5,2.2,37.2,92.1,18.4,50.7,5.8,3.9,10.1,6.8,6.5,14.1,13.0,5.4,21.0,16.9,6.3,24.9,0.3,0.3,0.0,14.1,38.0,2.8,32.9
Uttar Bastar Kanker,Chhattisgarh,915,1010,156,70.2,21.8,1030,89.7,99.4,98.7,80.5,25.9,97.3,84.8,1.8,78.5,40.3,74.7,69.6,53.4,3.2,2.5,2.2,0.9,0.6,3.0,0.7,41.4,85.2,25.5,63.8,3.4,3.5,7.4,4.3,3.5,8.8,17.2,9.1,27.0,20.8,8.6,30.2,0.2,0.2,0.2,16.5,39.4,5.2,31.9
Narayanpur,Chhattisgarh,916,1146,164,54.0,28.8,1077,71.7,90.1,90.5,52.8,19.5,98.4,83.1,5.5,53.8,26.5,57.7,52.8,33.3,5.1,3.0,3.5,4.3,0.2,9.2,3.4,35.4,93.1,28.1,56.8,3.9,2.8,7.0,5.4,3.2,8.8,13.4,3.7,18.8,16.1,4.2,21.1,0.0,0.0,0.0,32.7,51.3,24.7,49.7
Bijapur,Chhattisgarh,915,1087,166,47.4,30.5,1069,67.4,86.8,94.3,30.6,18.5,98.6,73.5,1.2,46.3,24.2,35.7,32.4,15.6,2.3,4.1,3.3,3.1,0.0,15.5,4.8,45.6,90.2,43.6,52.2,4.4,3.3,8.3,4.3,4.1,9.2,9.7,3.5,15.0,16.2,4.5,21.6,0.0,0.0,0.0,44.4,61.9,32.0,60.8
Balod,Chhattisgarh,919,1006,164,76.4,20.7,988,83.8,99.7,99.5,83.8,33.3,96.7,79.5,2.7,84.7,46.3,83.5,79.9,68.4,0.7,2.3,0.8,3.4,1.1,2.6,1.0,37.5,94.1,18.8,69.2,4.6,2.9,8.1,4.8,2.6,8.4,16.0,8.0,25.1,18.2,8.5,27.7,0.6,0.0,0.2,11.4,36.1,1.5,26.8
Baloda Bazar,Chhattisgarh,914,1116,169,66.7,27.2,1070,68.9,99.2,94.8,78.9,24.9,97.9,66.1,9.8,75.0,38.7,71.5,62.8,43.2,0.8,4.7,3.8,3.9,0.2,5.3,2.4,17.6,73.4,19.4,63.0,3.1,3.4,7.1,4.9,3.5,9.4,14.2,6.2,22.6,19.3,7.3,27.9,0.3,0.6,0.3,14.9,40.8,1.8,35.0
Balrampur,Chhattisgarh,897,995,128,62.1,29.2,980,78.4,97.9,84.4,57.3,13.2,99.5,62.3,1.5,66.8,32.2,52.0,46.8,32.2,0.0,2.9,1.9,3.2,0.2,16.0,3.4,35.9,83.5,28.7,40.5,4.1,3.7,7.9,5.5,5.1,11.2,15.5,9.2,25.2,20.3,10.0,31.2,0.0,0.0,0.0,21.4,53.2,16.2,44.5
Bastar,Chhattisgarh,905,1036,143,58.0,26.5,1068,55.9,96.8,94.1,61.0,31.6,97.1,69.3,16.1,54.6,25.3,54.2,47.7,31.4,0.9,2.2,6.1,4.9,0.2,12.1,5.3,36.9,86.7,34.9,59.9,4.6,3.0,9.0,4.7,4.8,11.4,13.1,7.2,23.7,16.8,5.7,24.1,0.9,0.2,1.0,36.4,55.8,18.5,41.4
Bemetara,Chhattisgarh,922,1060,134,65.3,27.0,972,80.0,99.7,98.8,80.5,18.9,97.8,63.4,1.3,74.1,33.0,75.6,71.2,62.4,0.1,1.9,1.6,2.8,0.4,5.0,2.4,37.3,88.2,21.0,57.4,4.7,3.0,8.4,6.7,4.1,11.7,17.1,7.0,26.9,19.9,6.5,27.6,0.5,0.0,0.0,10.6,40.2,0.7,29.0
Bilaspur,Chhattisgarh,881,973,173,71.0,24.8,1033,63.5,98.6,93.6,80.5,42.2,98.6,60.4,3.0,74.3,37.4,58.5,50.3,33.7,0.1,3.0,2.5,5.5,0.3,10.4,4.0,19.9,56.0,27.2,50.3,4.3,4.8,10.0,6.5,5.3,12.7,14.5,7.3,24.4,19.2,8.1,28.6,0.3,0.3,0.2,11.5,40.0,2.6,33.9
Dantewada,Chhattisgarh,917,1121,162,51.0,27.9,1098,60.7,95.9,95.1,60.5,34.6,98.3,82.2,6.4,50.3,24.2,58.8,54.4,26.6,4.8,6.8,6.1,6.3,0.2,7.1,3.6,46.8,98.8,25.9,71.6,5.8,1.8,8.1,7.4,2.5,10.7,14.8,2.6,19.1,18.5,3.7,23.7,0.9,0.5,0.5,38.1,55.7,21.4,49.8
Durg,Chhattisgarh,910,1112,184,79.4,22.9,957,81.9,99.6,98.5,89.5,76.3,98.0,67.0,4.0,84.6,52.7,80.6,76.4,61.2,0.6,3.8,1.6,6.5,0.4,4.9,3.4,36.5,89.2,12.5,65.7,6.1,3.7,11.2,6.6,4.4,12.2,14.5,5.1,22.6,18.5,5.4,26.5,0.5,0.4,0.8,7.2,36.6,0.9,32.0
Gariyaband,Chhattisgarh,922,1044,159,67.4,26.5,1048,75.6,98.7,96.8,81.0,17.1,99.2,79.8,7.0,72.1,27.8,76.2,68.3,48.5,0.4,2.5,3.5,5.6,0.4,3.5,1.4,27.7,88.1,20.0,58.8,4.0,2.9,7.4,5.0,3.1,8.6,15.5,5.6,22.6,17.6,6.6,25.6,0.2,0.0,0.0,21.0,45.3,1.2,35.1
Kodagaon,Chhattisgarh,916,1165,148,57.5,25.7,1033,57.8,97.8,98.8,79.5,12.4,99.0,80.6,3.6,56.1,24.7,68.2,60.5,38.9,7.8,1.9,5.1,4.8,0.3,3.7,2.3,28.9,91.0,31.3,59.1,4.5,2.9,7.6,4.1,4.4,9.2,12.2,6.5,21.2,14.6,5.9,21.6,0.0,0.2,0.3,28.6,48.3,18.3,41.4
Mungeli,Chhattisgarh,912,963,119,63.6,29.3,1022,83.3,99.7,98.0,80.7,22.9,97.2,68.0,0.0,68.6,32.2,64.0,60.3,51.3,1.2,0.8,1.0,1.9,0.0,11.4,4.0,25.5,89.7,20.9,52.3,4.8,6.0,11.4,5.4,6.0,11.9,17.5,7.5,26.2,20.3,8.1,29.2,0.2,0.4,0.6,13.7,37.6,1.2,26.1
Raipur,Chhattisgarh,915,1173,182,77.1,24.2,983,78.3,99.5,99.7,84.0,60.5,99.4,76.9,3.5,81.3,40.1,76.8,72.1,58.2,0.5,3.4,1.9,5.0,0.2,6.1,3.1,23.1,85.1,14.4,62.1,4.0,4.0,9.2,4.5,3.0,9.1,11.0,3.6,17.7,15.0,4.5,20.6,0.2,0.2,0.0,10.9,37.5,1.2,33.3
Sukma,Chhattisgarh,922,1218,173,45.9,29.6,1078,53.2,98.3,96.0,35.5,14.4,99.0,78.1,1.5,40.5,15.9,53.7,51.4,25.6,3.6,6.6,4.2,8.2,0.0,7.6,4.0,45.5,94.5,34.5,68.6,4.3,1.3,6.0,4.5,1.5,6.5,10.5,2.7,14.5,15.8,1.8,18.1,0.2,0.2,0.2,44.5,61.7,32.2,54.2
Surajpur,Chhattisgarh,914,1024,135,64.8,28.5,950,84.4,98.7,83.4,75.4,24.0,99.3,75.7,1.1,68.3,30.7,59.8,50.1,41.2,0.2,2.8,1.4,2.6,0.6,14.1,6.1,41.5,80.3,29.5,41.0,4.9,4.5,9.9,5.1,5.7,11.5,16.6,7.2,25.0,20.4,9.2,30.9,0.6,0.3,0.3,17.7,50.4,7.4,43.4
Surguja,Chhattisgarh,872,950,133,66.3,27.5,1036,81.6,99.3,96.4,75.8,24.5,99.4,65.1,2.8,73.7,37.7,55.2,49.1,38.5,0.2,2.2,1.1,2.4,0.3,15.0,5.4,30.8,82.7,26.8,51.5,4.3,4.2,9.0,5.0,7.1,12.5,16.7,9.8,28.5,23.6,12.5,37.5,0.0,0.0,0.2,24.0,49.3,12.1,40.6
Diu,Dadra and Nagar Haveli & Daman and Diu,911,978,101,77.8,21.2,1332,98.0,100.0,99.7,89.7,85.3,96.4,64.0,4.5,90.8,52.7,77.8,52.2,32.6,0.0,1.2,1.9,15.9,0.5,7.7,3.5,35.4,82.6,16.4,45.3,7.9,7.6,17.3,11.1,6.4,19.4,9.9,3.1,18.1,9.9,4.9,17.7,0.3,0.0,0.3,1.7,34.5,0.4,25.2
Daman,Dadra and Nagar Haveli & Daman and Diu,851,733,152,83.8,22.7,755,92.3,99.5,96.0,67.1,92.1,97.0,32.9,10.1,85.9,42.9,52.5,48.9,34.4,0.0,1.3,3.9,8.8,0.5,21.1,10.7,20.7,61.4,22.3,50.3,4.5,7.1,12.8,7.7,7.3,15.6,9.4,4.6,18.4,13.2,4.7,19.9,0.7,0.3,0.3,2.3,36.1,0.6,32.6
Dadra & Nagar Haveli,Dadra and Nagar Haveli & Daman and Diu,914,1002,174,70.8,26.8,817,96.1,99.7,94.8,63.1,74.3,85.0,58.8,1.6,72.8,31.5,72.8,64.3,45.0,0.2,2.6,3.0,12.4,1.1,9.0,3.4,26.4,71.2,27.0,43.7,7.1,5.3,13.4,7.9,7.9,16.4,6.8,3.9,13.3,8.4,3.3,13.5,0.3,0.2,0.2,3.3,39.8,1.4,26.1
North Goa,Goa,925,975,148,89.5,19.3,1017,100.0,100.0,98.1,87.7,96.7,98.1,64.8,17.6,92.4,72.0,63.1,54.8,23.0,0.0,2.3,4.0,23.1,0.0,9.2,4.5,33.2,82.1,14.1,52.3,7.9,11.0,20.6,9.7,13.1,24.9,11.0,4.1,27.3,15.8,5.6,28.3,1.4,1.9,0.9,2.7,19.2,4.4,33.8
South Goa,Goa,931,1055,165,88.2,18.9,1040,100.0,100.0,99.0,88.2,96.2,96.9,67.7,20.5,93.8,70.9,75.0,67.8,40.0,0.0,2.5,1.0,23.5,0.0,7.2,3.3,19.7,89.4,13.5,49.5,9.4,7.9,21.1,11.1,9.8,23.2,13.6,3.0,27.7,13.5,3.7,25.0,0.8,0.4,0.1,2.5,16.9,7.0,41.1
Kachchh,Gujarat,922,1026,181,66.6,26.6,979,95.1,99.2,96.8,85.8,67.2,98.0,34.3,6.5,75.6,24.1,76.5,62.5,34.4,0.0,3.9,3.3,19.5,0.4,7.8,3.9,36.1,85.8,28.1,30.9,6.7,5.5,12.9,6.9,5.7,13.4,10.8,4.4,19.1,10.7,3.8,18.2,0.4,0.0,0.0,8.9,38.7,0.3,2.7
Banas Kantha,Gujarat,889,1049,157,61.1,29.2,1007,82.3,91.1,93.6,53.9,45.6,96.6,41.0,2.3,63.7,17.6,42.6,37.5,29.1,0.0,1.7,2.2,4.3,0.2,18.5,6.9,25.1,58.7,36.7,32.0,7.6,5.0,12.9,8.9,6.3,15.8,7.9,2.9,14.3,9.2,4.4,15.7,0.3,0.3,0.0,7.5,37.3,0.1,5.1
Patan,Gujarat,904,1011,169,64.8,25.1,967,88.8,98.3,99.4,73.1,62.6,98.1,50.2,1.5,71.1,22.6,65.6,52.9,35.4,0.0,5.2,3.6,8.4,0.1,11.2,5.0,37.5,77.3,29.3,30.3,10.2,7.3,18.1,10.1,7.7,18.8,8.3,3.7,16.3,9.5,3.5,16.3,0.0,0.0,0.0,6.9,38.9,0.2,2.1
Mahesana,Gujarat,839,883,136,71.3,22.1,913,92.4,97.7,97.0,72.1,63.1,91.5,40.7,5.5,75.1,32.6,46.3,41.8,26.2,0.0,2.8,3.1,9.5,0.1,18.4,7.6,20.9,76.4,24.4,42.6,9.7,9.0,19.4,12.1,8.3,21.6,12.9,5.9,22.6,17.9,6.3,27.0,0.3,0.0,0.4,7.7,36.9,0.2,3.2
Gandhinagar,Gujarat,862,919,151,77.6,22.3,924,96.7,97.8,99.7,84.6,76.9,93.6,29.7,5.2,81.8,37.9,49.3,43.6,25.5,0.0,2.1,2.6,13.2,0.1,18.5,6.6,16.9,59.8,21.2,43.5,8.7,8.8,18.5,8.4,8.7,18.7,12.6,5.8,23.9,18.4,7.0,29.3,1.0,0.3,0.3,7.2,33.8,0.1,5.4
Porbandar,Gujarat,917,1018,169,74.9,20.8,1000,94.4,99.8,96.2,85.7,76.9,99.0,42.1,5.7,84.3,35.9,75.5,68.5,34.5,0.0,11.3,5.1,17.1,0.3,7.7,3.2,59.1,81.0,15.8,39.8,9.2,5.6,16.4,11.6,7.2,19.5,8.7,3.0,15.8,11.4,2.6,16.2,0.4,0.2,0.4,16.7,59.7,0.3,6.0
Amreli,Gujarat,870,936,127,69.9,22.7,984,98.8,99.6,97.8,73.3,65.6,93.5,47.7,12.9,77.2,27.2,62.2,51.9,40.5,0.2,3.4,0.5,6.9,0.0,9.5,5.4,30.0,75.4,18.3,39.0,8.3,6.3,15.5,8.0,8.3,17.3,8.0,4.3,18.0,6.3,3.1,11.5,0.2,0.4,0.6,5.0,53.7,0.4,1.6
Anand,Gujarat,870,914,163,75.2,22.2,912,89.5,98.0,99.7,82.1,65.1,92.6,36.2,7.4,75.9,32.2,53.7,49.2,37.6,0.0,1.5,0.6,9.2,0.4,16.5,6.3,23.9,74.5,32.0,32.3,9.8,6.0,16.6,8.4,6.3,15.5,15.9,6.1,26.6,16.6,6.9,26.9,0.2,0.2,0.2,7.3,35.8,0.3,4.8
Dohad,Gujarat,899,1221,158,59.6,35.6,1047,91.3,89.3,91.0,35.9,26.8,93.4,40.3,8.1,56.1,23.1,70.8,55.6,42.9,0.0,1.2,2.3,6.3,0.0,7.7,2.7,31.6,79.3,39.1,61.9,7.0,4.5,11.8,6.9,4.1,11.4,12.8,4.0,18.2,12.2,3.8,17.7,0.0,0.0,0.0,14.6,55.9,0.9,14.2
Narmada,Gujarat,904,1021,155,66.0,26.0,1006,98.0,92.7,96.8,54.6,31.3,98.5,51.1,4.9,67.3,22.6,80.2,67.0,56.3,0.0,1.4,0.8,7.0,0.0,5.3,2.3,45.0,75.6,30.7,56.0,6.3,4.0,10.8,6.6,6.1,13.1,12.0,5.6,19.2,14.5,4.8,20.8,0.0,0.0,0.0,14.6,48.8,1.2,11.9
Bharuch,Gujarat,856,919,124,76.7,23.7,960,86.1,98.2,97.2,77.7,60.2,98.9,37.4,3.7,74.0,31.5,36.2,35.7,29.6,0.0,0.7,0.7,4.8,0.0,20.3,10.1,16.2,72.2,30.3,42.4,7.6,9.5,18.0,10.2,9.5,20.5,14.4,4.0,23.7,16.4,4.7,24.9,0.5,0.0,0.2,11.2,35.1,1.1,7.5
The Dangs,Gujarat,897,901,130,69.9,28.8,1023,96.8,95.9,91.2,71.7,23.4,98.2,44.3,3.5,68.9,20.7,79.8,69.1,55.7,5.3,0.5,1.1,5.0,0.5,5.1,2.7,39.3,76.5,33.7,59.8,4.1,2.2,6.7,4.8,3.9,9.2,18.3,4.0,22.9,17.5,5.9,24.1,0.3,0.3,0.5,18.5,44.8,4.6,18.3
Navsari,Gujarat,893,991,162,77.9,19.6,1056,99.2,98.7,97.4,80.1,70.2,95.1,42.0,0.0,84.1,47.7,78.2,65.1,52.1,0.8,1.3,0.7,9.3,0.1,6.5,3.7,62.8,87.5,21.8,59.4,6.2,8.8,16.0,7.2,8.1,16.1,14.9,5.4,23.7,14.8,5.5,22.1,0.5,0.5,0.2,9.0,29.2,1.4,11.8
Valsad,Gujarat,882,1031,159,79.0,25.2,1009,98.0,98.6,98.0,85.3,73.1,95.7,40.6,20.3,82.9,45.6,76.1,61.9,45.4,0.0,2.0,0.7,11.9,0.3,9.3,5.5,52.7,70.5,23.8,53.3,7.3,5.4,13.6,6.8,9.5,17.2,15.5,5.1,23.8,20.1,7.2,29.3,0.1,0.4,0.1,5.3,32.3,1.5,17.9
Surat,Gujarat,902,986,195,82.7,23.1,912,94.7,99.3,98.9,82.0,88.6,96.7,31.6,12.7,84.2,44.0,78.7,65.6,45.2,0.2,2.7,2.0,14.3,0.1,5.7,1.4,39.8,83.6,21.0,58.3,6.8,6.8,14.6,9.3,6.4,16.1,15.3,4.9,23.4,17.1,3.9,22.6,0.4,0.2,0.4,7.7,32.5,1.6,8.7
Tapi,Gujarat,904,991,144,66.1,21.0,1076,95.5,97.6,99.0,70.2,45.5,97.9,42.3,4.3,72.0,32.5,83.1,74.4,60.8,4.4,2.4,0.9,5.5,0.2,3.2,1.1,41.3,71.5,35.4,57.7,7.1,7.9,15.8,9.1,8.2,18.2,16.7,7.6,25.2,19.8,6.6,28.0,0.1,0.2,0.0,10.8,35.6,2.3,14.5
Ahmadabad,Gujarat,906,1010,155,79.8,22.1,928,96.1,99.5,98.7,86.4,89.7,98.7,36.2,6.5,81.5,42.7,79.0,58.2,30.8,0.0,3.3,3.8,19.7,0.1,6.5,3.4,36.2,76.5,19.4,38.0,10.2,8.3,20.3,12.0,7.2,20.1,8.4,3.3,18.5,8.1,3.5,16.2,0.0,0.0,0.0,6.2,33.4,0.3,3.6
Aravali,Gujarat,901,1078,187,68.6,25.5,996,90.8,96.5,98.5,56.3,47.9,93.5,43.9,0.0,71.9,34.7,68.7,56.3,43.5,0.1,1.5,2.8,8.1,0.0,11.2,5.0,30.0,75.6,34.4,42.2,6.7,5.2,12.4,7.9,6.6,15.1,11.8,6.9,21.0,15.3,4.9,22.0,0.7,0.5,0.3,9.6,45.8,0.3,5.2
Bhavnagar,Gujarat,871,950,145,72.0,24.1,942,86.3,96.9,95.1,72.9,59.8,87.2,32.2,5.3,74.2,26.3,45.7,40.5,29.7,0.1,3.0,1.2,6.5,0.0,15.5,6.9,12.6,56.2,20.8,26.6,8.8,6.4,16.4,6.8,8.8,17.1,9.8,4.1,20.1,11.0,3.4,18.0,0.0,0.0,0.2,9.7,50.9,0.3,4.5
Botad,Gujarat,866,1032,149,68.9,24.8,975,92.4,99.3,99.2,72.0,63.0,98.7,38.0,1.9,71.8,22.0,49.3,44.6,31.8,0.0,2.0,3.1,7.7,0.0,13.2,6.2,17.4,64.1,19.6,25.0,8.8,7.1,16.7,8.7,7.4,16.8,6.2,3.0,12.5,6.7,2.5,12.0,0.5,0.0,0.8,5.3,48.9,0.4,1.3
Chhota Udaipur,Gujarat,896,1035,173,52.3,25.4,1016,87.4,95.3,97.4,53.0,25.7,94.3,40.0,0.0,53.2,20.3,77.5,67.3,57.4,0.0,1.7,1.1,5.5,0.3,5.1,3.4,64.2,91.2,30.9,49.2,6.3,3.4,10.4,7.3,5.9,13.8,12.1,5.7,19.4,12.7,3.8,17.5,0.4,0.2,0.4,8.9,47.7,1.3,11.2
Devbhumi Dwarka,Gujarat,915,1170,198,59.0,24.2,1010,93.4,98.7,93.9,73.4,61.2,97.5,33.5,1.7,66.1,15.8,47.7,41.1,19.1,0.0,4.5,6.1,11.1,0.3,15.9,6.0,33.5,65.9,22.4,50.6,6.4,4.7,13.5,6.5,5.8,13.5,9.7,4.4,18.1,11.0,3.3,17.3,0.4,0.0,0.0,24.2,60.6,0.5,2.6
Gir Somnath,Gujarat,900,1158,185,65.8,23.4,981,87.7,99.5,98.2,74.3,46.8,87.6,46.6,16.7,73.1,30.8,57.8,51.1,39.9,0.0,1.2,0.4,9.5,0.1,12.4,4.8,24.0,48.6,24.8,25.2,6.2,6.3,13.2,7.2,6.5,14.2,6.5,3.3,14.0,7.7,3.1,12.3,0.4,0.2,0.0,18.9,60.7,0.4,5.2
Jamnagar,Gujarat,920,1042,165,72.8,21.0,1004,98.4,98.9,99.7,86.6,81.6,99.2,38.6,4.1,83.1,35.3,85.2,66.5,31.9,0.0,11.4,4.6,18.1,0.4,2.0,0.8,60.8,92.2,17.3,35.4,8.1,5.9,15.3,8.2,6.5,15.5,8.2,3.2,18.1,7.2,2.9,15.0,0.3,0.3,0.3,7.7,52.0,0.2,1.3
Junagadh,Gujarat,886,963,164,73.8,21.6,999,94.3,99.3,97.0,81.7,67.2,97.4,47.3,5.5,82.8,35.0,48.0,42.3,25.9,0.1,2.9,2.0,11.1,0.0,13.8,4.0,26.5,69.0,18.7,37.7,9.2,7.6,18.5,10.1,8.2,19.3,12.7,5.6,23.3,14.6,3.8,20.8,0.4,0.2,0.4,13.8,54.4,0.2,2.9
Kheda,Gujarat,890,1029,183,74.0,23.7,934,90.9,96.9,97.7,63.3,48.0,89.8,32.2,13.7,70.9,24.2,29.8,28.7,21.4,0.0,1.0,0.8,5.3,0.0,16.5,7.9,13.8,49.3,32.2,45.0,8.5,6.9,16.0,9.0,7.8,18.2,14.0,6.3,24.0,16.7,4.3,24.5,0.0,0.0,0.0,13.5,45.8,0.5,6.1
Mahisagar,Gujarat,899,1017,168,66.1,25.4,993,90.1,95.2,94.8,44.4,47.4,96.6,46.0,3.5,70.9,33.9,73.3,59.1,44.6,0.0,1.2,3.1,8.7,0.7,6.8,3.1,44.3,83.1,30.7,42.8,7.0,4.7,12.3,7.3,5.0,13.1,10.0,4.1,16.3,10.4,3.2,14.7,0.6,0.9,0.6,5.0,45.5,0.3,4.1
Morbi,Gujarat,902,1119,182,70.5,22.6,981,100.0,99.9,98.3,80.1,73.6,98.1,34.4,0.0,82.4,35.4,73.3,58.7,26.7,0.2,9.7,5.0,16.9,0.2,10.2,5.7,44.4,82.0,21.2,38.8,9.7,7.1,17.8,10.4,7.5,18.7,9.3,4.2,18.4,9.0,3.3,15.1,0.2,0.0,0.0,7.3,54.7,0.2,1.9
Panch Mahals,Gujarat,908,1101,196,70.1,26.3,969,96.2,95.5,91.0,58.9,43.6,95.4,34.0,4.9,71.7,28.4,71.4,52.6,40.7,0.0,2.1,2.8,6.0,0.3,7.0,2.4,29.2,68.1,33.1,50.5,8.2,5.1,13.8,8.6,5.9,15.2,14.9,6.4,22.5,20.2,6.5,27.6,0.0,0.0,0.2,7.8,42.2,0.4,7.7
Rajkot,Gujarat,882,979,159,78.4,22.0,975,96.1,99.6,99.5,85.4,83.6,98.6,45.1,2.2,84.7,42.6,78.8,53.5,26.5,0.1,8.0,2.4,16.5,0.0,6.2,2.4,48.1,86.2,19.5,44.2,7.7,7.5,16.6,8.5,6.2,15.4,9.4,2.5,17.8,8.9,2.4,14.5,0.5,0.0,0.1,7.2,53.4,0.1,1.2
Sabar Kantha,Gujarat,892,1018,152,68.7,26.6,987,93.8,95.3,90.7,61.0,58.7,94.6,49.3,13.0,74.5,31.1,66.4,55.5,37.3,0.0,4.3,2.2,11.0,0.1,9.2,3.5,21.8,64.0,26.6,58.9,8.1,5.2,13.7,8.6,6.8,16.6,14.7,6.6,24.0,16.2,7.6,26.1,0.2,0.2,0.0,6.8,37.8,0.5,6.8
Surendranagar,Gujarat,869,931,143,66.0,23.7,957,94.0,99.4,96.9,63.8,56.9,97.6,50.4,0.0,75.1,23.3,76.0,65.7,47.3,0.1,3.4,4.3,10.3,0.0,8.3,4.0,25.1,75.5,24.1,32.9,8.5,7.0,16.4,11.3,7.0,19.3,9.9,3.5,17.1,9.1,3.7,14.7,0.0,0.0,0.3,4.7,47.5,0.1,1.3
Vadodara,Gujarat,855,894,167,82.0,21.0,953,96.5,97.3,99.5,85.6,78.1,94.6,41.7,17.8,84.6,46.4,58.5,49.1,32.5,0.0,2.8,1.7,12.0,0.0,11.4,6.5,17.5,44.5,20.9,51.2,7.8,7.4,16.6,6.5,7.4,15.1,13.8,4.9,24.3,14.0,5.5,23.8,0.2,0.0,0.5,6.8,29.1,0.4,5.4
Panchkula,Haryana,679,751,83,81.2,23.1,936,97.0,99.5,99.2,82.6,81.1,97.6,19.9,4.5,87.9,60.3,76.6,59.0,25.2,0.1,3.5,3.0,26.8,0.2,7.0,2.2,23.9,72.3,14.1,67.1,6.2,10.5,17.4,8.0,9.0,18.1,14.6,6.3,24.3,18.0,7.0,26.2,0.5,0.3,0.3,0.9,19.5,0.3,20.0
Ambala,Haryana,902,1139,200,82.2,21.6,930,87.4,99.6,99.3,87.2,81.6,96.2,19.0,23.5,88.9,55.3,69.5,57.6,25.5,0.6,3.2,3.2,23.9,0.5,7.0,2.2,15.6,41.7,14.8,62.5,4.0,6.3,11.7,5.3,6.5,13.0,15.3,9.4,28.8,19.7,9.1,31.2,2.9,0.9,0.2,0.8,22.0,0.4,18.8
Yamunanagar,Haryana,916,1154,192,79.1,23.6,923,89.9,99.8,100.0,83.5,77.7,94.4,20.6,19.0,87.1,51.2,79.1,58.0,19.5,0.9,3.4,2.8,30.3,0.3,4.2,1.9,28.0,73.6,14.0,61.7,5.7,7.7,14.6,6.7,6.9,14.9,15.6,7.2,28.7,17.3,8.7,28.8,2.5,0.7,0.7,1.7,25.3,0.4,19.7
Kurukshetra,Haryana,888,1140,184,75.3,24.7,941,86.7,99.6,99.9,82.6,77.6,97.1,19.2,20.0,83.9,48.4,68.4,63.0,22.0,1.2,4.7,3.8,30.1,0.3,9.5,4.4,20.2,76.0,11.8,69.6,4.8,6.2,12.5,5.1,4.9,12.1,17.9,7.8,30.4,22.9,9.7,34.4,1.2,0.6,0.3,1.3,24.3,0.2,19.3
Kaithal,Haryana,737,872,97,66.3,24.4,929,95.3,100.0,98.5,89.7,55.9,97.0,29.1,4.3,74.0,45.9,76.5,61.0,36.4,3.0,4.0,1.5,15.4,0.4,4.8,1.7,12.5,58.5,16.5,72.9,8.7,6.5,15.8,9.6,6.5,16.9,9.5,4.3,16.9,13.2,5.2,20.4,0.0,0.2,0.2,1.7,22.6,0.0,13.8
Karnal,Haryana,918,1237,202,79.2,26.4,970,91.2,99.2,99.9,83.5,74.1,97.8,24.6,19.2,84.5,46.8,79.1,67.1,23.4,4.8,3.1,4.8,28.1,0.0,5.4,2.2,36.3,83.9,14.9,72.6,3.5,4.8,9.4,3.7,4.2,9.0,10.7,3.8,17.6,15.2,4.6,21.2,0.7,0.4,0.4,2.6,26.6,0.3,22.0
Panipat,Haryana,852,1004,143,78.3,26.0,917,79.2,99.6,99.9,79.3,73.0,97.2,26.5,2.8,85.9,52.1,70.1,55.4,22.8,0.5,5.0,2.5,21.9,1.1,7.3,2.8,17.3,62.9,13.7,51.6,4.9,5.8,12.0,5.1,8.3,14.0,11.3,4.1,21.6,15.0,8.4,25.6,1.0,0.5,0.3,4.6,27.3,0.5,17.6
Sonipat,Haryana,872,1017,156,78.9,23.5,844,92.1,99.3,97.2,86.7,69.9,96.6,22.4,6.4,89.1,56.8,78.7,59.9,30.0,1.0,6.7,3.7,18.0,0.2,4.8,1.4,20.3,58.6,13.2,53.7,6.2,6.4,13.4,6.5,4.9,12.1,12.6,4.5,20.0,15.1,5.8,21.9,0.5,0.3,0.3,2.9,30.7,0.2,17.9
Jind,Haryana,861,1053,159,71.4,25.8,977,93.0,100.0,96.2,88.5,42.1,95.9,23.7,0.0,83.6,45.3,79.2,65.2,39.5,1.0,8.6,2.7,12.4,0.4,5.4,2.6,25.1,76.2,18.9,51.4,6.1,5.1,12.1,7.5,7.3,15.4,9.4,4.5,16.5,13.9,6.0,21.9,2.0,0.9,0.4,2.5,35.3,0.0,16.9
Fatehabad,Haryana,753,899,145,67.3,24.1,908,92.7,99.8,99.8,87.3,43.7,94.3,29.4,7.1,73.2,41.5,75.8,62.9,39.1,0.6,5.0,2.1,15.6,0.1,4.6,2.2,29.1,70.8,19.8,54.0,6.6,8.8,16.1,7.4,9.1,17.0,9.7,5.0,17.5,12.2,6.5,20.1,0.7,0.0,0.2,0.8,23.5,0.5,14.2
Sirsa,Haryana,483,588,28,68.3,22.6,909,81.6,99.9,99.3,81.9,38.8,95.7,26.6,6.8,73.1,44.7,74.0,64.2,40.4,0.0,4.0,1.7,18.0,0.1,8.3,4.2,12.1,56.1,20.8,63.7,6.2,8.6,15.4,10.3,12.5,23.6,10.4,5.1,19.9,15.9,8.5,26.8,0.0,0.0,0.6,1.1,21.7,0.3,12.9
Hisar,Haryana,832,1016,152,69.3,25.8,939,82.6,99.7,99.3,89.1,44.8,95.8,27.9,3.3,79.8,43.9,74.4,64.6,42.9,0.3,4.9,2.6,13.1,0.5,8.9,3.1,24.4,69.6,18.5,56.4,7.1,5.0,12.6,8.2,7.9,16.7,9.5,6.6,19.4,17.3,9.0,28.6,0.0,0.0,0.2,1.8,34.5,0.2,14.2
Rohtak,Haryana,826,978,139,79.6,23.7,942,88.8,99.7,98.5,90.0,67.3,95.0,24.8,5.1,88.5,55.9,74.4,63.0,34.2,0.4,7.8,2.8,16.0,0.0,8.5,3.7,19.5,71.0,15.9,58.6,6.6,5.8,14.3,7.0,6.6,14.8,10.6,5.6,20.7,15.8,6.5,24.5,0.4,0.2,1.1,2.8,30.5,0.3,17.6
Jhajjar,Haryana,800,911,142,77.3,23.0,982,92.7,99.8,96.6,91.7,55.9,96.3,27.0,1.8,89.1,62.7,80.2,62.0,33.8,0.7,7.2,2.3,17.1,0.1,4.6,2.1,23.2,60.8,10.1,55.1,5.1,4.5,10.2,5.3,5.9,11.8,11.1,7.7,21.0,17.6,7.7,26.8,0.8,0.2,0.2,2.6,34.1,0.1,14.7
Mahendragarh,Haryana,890,997,164,70.0,22.3,936,84.3,99.6,99.7,79.8,34.2,97.4,25.6,7.0,82.7,52.4,70.2,63.2,45.9,0.4,3.3,3.2,9.8,0.2,9.3,5.3,36.9,64.5,14.3,69.4,5.0,5.1,10.3,5.6,6.0,12.3,13.7,5.0,21.6,15.8,8.1,25.8,0.1,0.1,0.1,2.3,32.9,0.4,13.9
Rewari,Haryana,883,1021,150,74.6,22.6,885,84.2,100.0,99.7,86.4,54.9,97.7,25.3,10.2,87.4,58.7,70.6,64.4,37.7,1.2,3.4,5.4,14.7,0.7,8.5,4.2,32.9,70.4,11.7,78.0,4.0,3.8,8.2,5.2,4.9,10.9,15.7,6.8,24.1,16.9,9.0,26.5,0.0,0.0,0.0,4.4,33.5,0.3,19.1
Gurgaon,Haryana,800,849,98,80.9,24.7,871,91.1,99.4,99.7,84.5,81.0,97.6,34.6,4.9,87.1,59.6,70.3,61.2,34.6,0.1,6.0,1.5,18.5,0.0,7.8,3.1,29.2,74.4,9.0,64.7,7.4,5.1,13.5,9.8,5.1,15.4,10.7,4.0,16.5,17.2,4.5,22.4,0.0,0.3,0.0,2.9,32.6,0.5,18.5
Mewat,Haryana,890,1078,159,51.2,40.6,914,66.8,98.6,97.1,71.7,22.0,93.4,11.5,1.7,45.1,13.9,37.8,28.2,11.2,0.1,2.3,3.3,6.1,2.6,19.6,11.3,29.8,62.2,19.2,82.6,2.9,2.7,6.0,5.1,2.7,7.9,10.6,2.9,15.5,14.6,3.7,19.2,1.3,0.5,0.8,4.7,36.5,0.3,5.5
Faridabad,Haryana,857,1033,184,80.5,25.0,890,77.5,100.0,97.9,84.2,89.3,95.4,32.8,10.7,84.4,55.6,77.5,58.2,22.4,0.6,5.7,2.4,23.9,0.4,7.4,3.3,23.8,91.7,10.0,68.1,3.8,5.3,10.0,5.1,5.5,11.6,15.2,5.3,23.3,18.8,6.0,26.2,1.0,0.0,0.2,2.7,23.0,0.5,13.6
Palwal,Haryana,897,1166,191,67.0,31.3,943,71.1,98.9,96.7,80.3,34.6,95.3,23.5,3.5,71.1,39.4,71.2,54.2,31.9,0.4,6.9,2.8,10.2,0.7,8.0,3.1,25.2,77.3,15.8,59.9,3.1,4.5,8.6,5.3,5.3,11.1,14.0,6.2,21.9,16.5,5.9,23.2,0.6,0.2,0.4,7.0,30.9,0.1,13.3
Bhiwani,Haryana,855,1046,143,70.2,24.8,985,89.5,100.0,97.5,89.7,36.6,94.5,28.2,4.0,80.0,47.0,72.0,67.2,49.7,0.4,3.6,2.1,11.1,0.1,9.3,4.6,33.0,66.4,19.5,56.6,5.4,4.5,10.2,6.2,4.7,11.3,12.3,3.9,18.7,16.3,7.3,24.8,1.0,0.1,0.3,1.8,34.6,0.1,14.2
Charkhi Dadri,Haryana,838,960,113,69.6,23.4,964,93.9,99.5,97.3,90.4,36.2,95.5,29.7,11.6,84.4,54.5,69.4,61.3,42.6,0.6,4.0,1.6,11.8,0.0,11.1,5.2,30.6,65.6,17.0,57.0,5.2,4.7,10.3,6.7,6.4,13.4,13.7,4.7,20.6,16.9,4.2,22.9,0.0,0.0,0.0,1.9,38.3,0.1,12.0
Chamba,Himachal Pradesh,907,931,109,70.1,25.1,1073,97.5,99.1,85.5,86.5,35.0,99.1,26.8,14.0,84.1,50.9,81.8,65.2,24.4,18.4,0.2,0.9,19.3,0.0,6.2,2.9,31.8,71.7,14.6,61.1,5.4,4.4,10.6,6.1,5.0,11.5,11.9,3.5,17.8,19.3,2.8,23.2,0.2,0.0,0.0,2.5,40.3,0.6,40.5
Kangra,Himachal Pradesh,887,930,123,84.1,21.1,1051,90.8,99.7,98.6,73.3,49.1,98.7,36.4,1.2,94.4,69.9,59.1,52.0,32.6,0.5,1.3,1.1,16.4,0.0,11.8,3.6,15.8,52.2,15.2,60.9,7.4,7.9,16.4,6.0,8.4,15.7,13.4,6.8,24.9,17.5,5.1,26.6,0.2,0.2,0.0,1.2,32.9,1.1,34.1
Lahul & Spiti,Himachal Pradesh,875,698,113,65.6,17.8,1077,92.3,99.8,89.2,61.7,71.7,99.2,31.2,9.6,86.2,55.9,78.5,66.3,27.5,13.3,4.4,1.6,18.1,0.9,5.7,1.4,16.4,46.4,9.9,61.9,4.1,2.3,6.7,4.3,2.8,8.5,8.7,3.6,15.0,11.6,5.6,19.2,1.2,0.2,0.4,1.7,33.5,1.8,47.9
Kullu,Himachal Pradesh,883,892,128,77.4,21.8,1008,88.5,99.2,94.3,81.2,65.0,99.8,26.8,7.8,87.4,54.4,78.3,67.5,32.6,9.7,0.9,2.8,20.9,0.3,5.0,1.4,16.8,69.7,11.0,65.2,3.9,4.3,9.4,4.7,3.6,9.1,10.3,2.9,17.4,15.1,3.6,20.6,0.7,0.6,1.4,1.4,33.6,1.0,33.7
Mandi,Himachal Pradesh,902,878,112,79.2,22.3,1159,95.6,99.5,96.5,87.0,38.6,98.9,41.3,2.6,94.0,71.8,81.4,71.3,50.5,1.4,0.6,1.1,17.6,0.1,7.1,2.8,14.2,44.8,12.8,67.5,6.9,5.4,13.2,8.1,5.8,15.3,10.8,4.2,20.8,15.7,4.7,23.8,0.5,0.4,0.2,1.4,31.7,0.6,35.0
Hamirpur,Himachal Pradesh,881,797,87,86.7,20.3,1182,96.9,99.7,98.0,85.5,44.7,99.2,32.0,3.5,94.8,76.1,57.7,51.4,35.0,1.1,1.3,1.1,12.4,0.0,12.6,4.5,17.3,32.7,17.2,59.6,7.5,10.6,19.2,8.0,10.8,21.2,13.7,6.8,28.1,22.6,7.1,35.2,1.0,0.4,0.2,0.7,33.0,0.3,29.2
Una,Himachal Pradesh,860,876,104,86.1,21.8,1026,92.9,98.5,98.8,81.4,46.2,98.6,22.6,4.4,92.5,66.8,53.3,45.9,26.3,0.2,2.4,2.3,14.6,0.0,15.8,5.0,14.8,71.4,16.3,58.2,8.3,10.3,20.1,8.1,11.2,20.4,11.7,6.4,27.1,18.4,5.2,27.2,0.5,0.9,1.7,0.8,31.0,0.2,23.9
Bilaspur,Himachal Pradesh,898,896,117,81.3,22.1,1096,93.4,100.0,92.9,80.8,35.8,98.7,35.4,3.5,91.2,64.2,80.8,70.3,53.1,2.5,0.4,1.5,12.4,0.2,7.2,2.4,25.0,49.8,17.5,53.2,9.3,8.0,17.9,9.8,9.1,19.9,11.5,4.3,22.1,12.1,4.6,20.3,0.4,0.0,0.2,1.8,33.3,0.3,26.2
Solan,Himachal Pradesh,883,855,148,82.4,22.3,947,96.3,99.2,96.5,81.8,62.5,99.1,41.9,7.5,91.0,62.3,84.6,65.5,41.7,1.7,0.6,0.9,19.0,0.0,2.9,1.8,21.8,71.6,11.9,61.8,5.1,4.3,10.8,6.2,5.9,13.4,12.5,5.4,21.7,14.0,6.5,22.3,1.3,0.7,0.3,2.9,29.0,0.5,27.4
Sirmaur,Himachal Pradesh,906,1044,167,75.7,25.5,923,95.7,99.2,95.7,84.3,46.8,98.5,26.2,1.8,84.9,55.6,86.9,74.5,44.2,1.4,1.3,1.9,25.8,0.0,3.1,1.6,24.9,76.5,16.1,61.5,4.5,4.1,10.1,4.5,4.4,9.9,10.9,4.5,19.1,14.5,4.2,20.8,0.0,0.0,0.0,4.1,27.3,0.3,22.2
Shimla,Himachal Pradesh,904,864,126,81.6,19.0,956,96.3,100.0,97.3,87.3,78.0,99.9,37.1,9.0,93.4,69.7,89.1,76.0,36.8,4.1,1.3,1.8,31.2,0.4,3.8,1.3,29.1,76.9,9.9,63.3,4.8,4.3,10.4,7.7,4.7,14.1,10.7,4.0,19.9,16.3,4.8,23.5,3.5,1.1,0.0,1.5,31.7,0.5,34.4
Kinnaur,Himachal Pradesh,912,707,143,73.8,19.1,967,96.8,99.6,96.9,80.1,70.4,99.5,35.9,8.6,89.1,56.1,83.4,76.7,26.7,14.4,8.8,4.8,21.0,0.4,4.1,1.8,19.3,67.7,9.9,59.5,3.5,3.3,7.9,4.0,2.3,7.3,11.3,3.8,18.5,15.1,5.6,22.8,0.8,0.2,0.0,2.0,44.1,0.9,50.6
Kupwara,Jammu & Kashmir,904,1233,175,68.7,26.7,987,74.2,99.3,88.0,67.7,62.0,98.5,10.4,1.5,76.0,44.9,64.5,56.5,25.7,0.3,6.8,11.6,9.4,2.2,5.9,3.1,8.9,64.6,5.1,95.3,3.6,1.5,6.5,4.7,1.9,7.9,10.5,2.1,18.1,11.5,2.7,18.9,0.8,0.4,0.4,6.8,49.8,0.0,0.2
Badgam,Jammu & Kashmir,911,1200,172,62.5,22.3,937,76.4,99.5,95.8,77.0,71.1,98.9,5.2,0.0,74.1,48.2,59.9,57.7,19.0,0.0,7.4,8.4,12.5,9.8,4.2,2.1,13.7,55.4,4.7,86.4,2.9,2.8,7.3,3.1,2.8,6.9,10.9,4.5,19.9,11.0,3.7,18.6,0.2,0.2,0.0,5.4,42.9,0.0,0.2
Punch,Jammu & Kashmir,918,1182,168,72.1,27.2,946,82.1,99.7,76.8,66.7,44.6,98.9,11.1,0.0,79.3,46.8,58.8,53.3,12.2,0.4,8.2,11.8,10.1,9.3,8.4,5.4,15.1,70.0,6.8,91.2,3.0,4.1,7.8,3.2,2.9,7.0,11.4,1.9,17.9,11.7,1.6,16.3,0.0,0.4,0.6,2.3,38.8,0.3,2.4
Rajouri,Jammu & Kashmir,917,1183,181,72.6,26.4,901,74.2,100.0,77.7,63.3,42.8,96.0,16.4,0.0,79.4,46.4,65.9,56.2,24.2,0.0,7.0,14.4,6.3,3.5,5.7,3.8,6.4,53.7,4.8,86.5,4.7,2.6,8.0,5.4,2.4,8.4,11.3,2.7,16.5,9.6,2.4,13.8,0.2,0.2,0.0,3.2,44.8,0.1,8.2
Kathua,Jammu & Kashmir,903,1064,149,77.4,19.8,894,68.7,99.7,96.1,75.4,68.5,98.0,7.0,0.0,87.7,64.9,74.9,72.7,40.1,0.7,1.1,3.7,25.9,0.5,4.2,3.6,28.7,74.5,5.3,96.6,7.8,3.3,12.4,9.1,2.3,11.8,15.3,1.9,18.9,19.4,2.2,23.6,0.8,0.4,0.8,2.1,33.3,0.5,21.1
Baramula,Jammu & Kashmir,908,1329,166,62.9,24.8,955,61.8,98.7,93.3,77.7,76.5,99.1,6.5,3.2,67.9,35.9,31.1,28.2,14.1,0.0,2.1,5.0,4.5,1.6,15.7,7.4,11.9,55.9,10.6,78.3,4.5,3.8,10.0,3.8,3.3,8.3,13.6,3.9,23.7,11.7,3.2,19.0,1.8,1.7,4.0,6.5,34.7,0.2,1.2
Bandipore,Jammu & Kashmir,904,1263,177,62.4,25.5,970,75.3,99.0,89.8,66.8,77.9,98.5,9.1,3.4,66.6,35.9,41.4,34.6,18.1,0.3,1.7,6.3,6.3,1.6,13.8,5.5,12.0,61.1,10.4,89.8,2.9,4.2,8.7,3.5,3.7,8.0,8.8,5.0,21.4,8.7,3.3,17.4,1.0,0.4,0.2,9.1,40.1,0.1,0.4
Srinagar,Jammu & Kashmir,889,1030,138,68.2,20.2,972,91.7,100.0,98.5,86.8,98.4,99.0,17.9,0.0,78.4,60.5,56.5,52.2,23.3,0.7,11.2,5.1,5.1,5.4,4.7,2.0,9.7,78.7,3.5,92.2,3.5,2.5,7.4,2.6,2.4,5.7,9.9,1.6,20.1,10.4,1.6,18.1,0.2,0.0,0.0,1.9,36.5,0.0,0.4
Ganderbal,Jammu & Kashmir,900,1202,158,60.2,25.1,931,67.1,99.5,97.2,78.4,84.4,97.7,8.3,1.2,64.0,34.3,34.4,27.7,14.7,0.3,0.8,3.8,6.5,1.0,14.1,6.0,7.2,36.1,7.7,75.0,4.2,3.8,9.7,4.3,2.0,7.8,10.7,3.2,21.5,10.9,3.0,19.1,0.4,0.0,0.1,6.3,36.3,0.2,0.1
Pulwama,Jammu & Kashmir,906,1155,151,67.2,22.1,953,81.4,99.1,98.0,91.6,76.6,98.6,9.9,1.5,76.6,49.4,61.8,46.1,20.3,0.2,3.2,10.0,10.4,1.3,11.1,4.6,4.3,55.1,2.9,93.2,2.9,2.4,7.2,1.7,1.6,4.8,14.2,4.0,22.6,14.1,2.3,19.1,0.0,0.0,0.2,3.3,41.2,0.0,0.6
Shupiyan,Jammu & Kashmir,912,1135,148,71.4,23.0,958,85.6,99.9,99.2,86.5,66.1,98.5,8.4,0.0,80.8,55.2,60.8,53.1,20.2,0.3,4.5,16.4,8.8,1.1,7.1,4.0,8.7,49.8,2.0,91.0,3.0,1.1,5.4,2.9,0.9,5.1,11.5,1.4,15.1,11.5,1.1,14.2,0.4,0.0,0.0,5.0,47.0,0.4,0.4
Anantnag,Jammu & Kashmir,906,1102,125,65.5,22.4,974,86.8,98.7,99.3,84.7,76.5,98.3,7.3,0.0,74.7,52.8,58.3,57.3,15.3,0.0,4.8,8.1,20.2,7.5,7.8,4.3,18.8,72.0,4.1,90.8,5.0,4.1,10.4,5.3,3.7,9.9,11.5,3.8,20.0,11.5,3.7,19.4,0.2,0.0,0.0,2.9,47.0,0.2,0.1
Kulgam,Jammu & Kashmir,912,1190,139,64.0,25.4,962,69.0,99.8,96.4,80.5,40.3,97.8,4.2,0.0,70.9,42.4,70.8,55.0,12.6,0.0,6.6,18.6,11.1,4.8,5.0,3.0,5.7,63.3,2.1,83.8,3.4,1.7,6.4,3.6,1.7,6.1,19.4,3.1,25.8,15.9,2.2,19.9,0.5,0.3,0.4,3.3,37.7,0.1,0.3
Doda,Jammu & Kashmir,877,1000,141,65.1,28.4,943,76.9,99.6,92.6,70.9,42.4,97.7,7.6,2.2,69.2,46.8,69.5,49.4,22.6,0.2,3.7,10.1,11.2,0.3,7.2,5.0,10.8,58.6,5.0,77.2,4.4,4.9,9.9,4.5,5.0,9.9,12.6,3.9,23.1,14.6,3.3,21.5,1.2,0.2,5.1,3.2,37.1,0.2,7.9
Ramban,Jammu & Kashmir,911,1192,182,60.8,29.5,915,63.6,97.4,73.4,48.9,35.8,98.6,9.2,0.0,62.2,35.5,56.5,52.6,16.7,0.4,7.8,9.5,8.1,8.6,10.3,4.2,15.6,62.3,7.6,83.7,5.8,1.3,7.5,3.7,1.3,5.5,11.5,2.0,17.5,11.1,1.7,15.7,1.2,0.7,0.5,2.8,36.4,0.5,10.0
Kishtwar,Jammu & Kashmir,895,1158,152,68.9,24.8,978,62.4,88.8,86.8,59.6,50.6,94.7,16.4,1.4,71.3,48.0,52.5,47.8,25.9,0.4,5.1,7.4,6.7,1.9,9.6,4.6,3.1,45.6,5.1,81.7,2.9,0.8,5.3,3.5,1.3,6.8,4.3,2.2,13.2,5.3,1.7,13.3,0.2,0.3,0.3,3.5,41.3,0.1,9.4
Udhampur,Jammu & Kashmir,908,1148,150,73.0,26.1,946,76.1,99.9,76.4,69.8,55.1,96.1,16.8,0.0,77.3,43.7,69.7,63.9,29.6,0.2,7.8,10.3,10.5,4.4,6.3,2.3,9.0,57.8,4.0,87.4,6.1,2.6,9.9,5.8,1.8,8.8,12.9,3.4,20.1,13.0,2.7,18.3,0.0,0.0,0.0,4.7,45.2,0.6,27.1
Reasi,Jammu & Kashmir,915,1100,140,66.9,30.7,967,66.9,99.9,76.5,62.7,35.2,92.3,11.2,0.0,68.2,41.9,56.9,51.7,21.8,0.3,4.8,9.6,12.3,2.5,7.5,4.1,8.0,56.0,4.3,75.9,4.2,1.6,7.1,3.8,1.9,7.1,11.0,1.2,15.4,13.3,1.1,17.6,0.0,0.0,0.0,4.0,41.7,0.1,10.3
Jammu,Jammu & Kashmir,889,1050,125,84.0,22.2,939,80.8,100.0,99.9,81.2,87.9,98.9,23.3,6.6,91.5,70.8,67.9,57.1,19.7,0.8,6.9,9.7,17.3,1.8,6.7,2.9,6.8,73.1,4.2,90.0,3.6,4.2,9.9,3.5,3.6,8.6,10.4,3.6,20.5,13.3,3.9,22.6,0.0,0.0,0.0,0.8,25.7,0.3,25.5
Samba,Jammu & Kashmir,901,1121,150,76.6,24.5,960,81.8,99.8,95.4,78.8,73.0,98.7,19.0,2.0,84.8,60.6,62.8,50.4,21.0,0.3,6.4,6.9,14.1,1.3,9.5,4.2,7.2,63.6,3.6,88.6,4.8,4.0,10.3,5.7,4.4,11.2,11.6,4.0,21.1,12.4,5.1,21.5,0.9,0.2,0.4,3.0,38.9,0.7,28.1
Garhwa,Jharkhand,913,1060,128,60.5,33.3,1108,35.8,85.0,92.5,54.1,24.7,97.5,55.3,9.7,62.7,31.0,58.3,48.7,44.2,0.2,0.8,0.4,0.9,0.5,12.3,5.7,18.4,48.0,28.8,35.5,7.0,4.7,12.3,7.1,7.7,15.7,11.1,5.3,18.3,13.5,7.9,23.4,0.9,0.2,0.2,4.8,46.7,3.0,29.2
Chatra,Jharkhand,933,1154,120,60.7,36.8,1136,33.1,92.1,83.3,48.1,20.4,97.8,46.5,4.4,61.8,27.7,59.5,51.8,45.9,0.5,1.0,0.8,0.6,0.3,10.1,4.6,35.7,64.0,32.2,57.8,4.8,5.1,10.8,7.3,5.4,13.1,8.7,5.0,16.0,13.3,6.7,22.1,0.0,0.0,0.2,6.4,49.7,5.9,38.7
Kodarma,Jharkhand,918,1227,142,64.4,35.8,1141,46.8,97.1,83.9,54.0,35.8,99.2,56.8,12.8,66.9,31.8,63.6,56.6,50.1,0.5,0.5,0.8,1.7,0.4,12.0,5.5,26.4,40.4,29.9,50.3,6.3,4.4,11.2,10.7,11.0,22.4,8.5,3.7,13.8,13.0,5.5,20.6,0.3,0.2,0.2,1.4,37.3,0.5,29.2
Giridih,Jharkhand,958,1124,114,61.6,34.6,1091,30.8,96.5,87.6,59.2,32.4,96.8,52.4,14.8,57.3,25.0,63.7,54.3,45.2,0.3,0.7,1.1,3.6,0.3,12.0,4.3,22.4,45.0,27.3,53.9,5.5,4.2,10.3,7.8,7.1,15.9,10.1,5.1,17.4,16.2,6.2,23.9,1.9,0.4,0.4,4.4,44.8,1.4,29.8
Deoghar,Jharkhand,953,1066,136,59.8,36.0,1068,44.8,95.6,90.8,41.6,23.5,98.3,53.8,6.4,54.2,19.7,65.4,48.5,40.1,0.2,1.0,1.5,2.6,0.4,11.1,4.6,25.0,35.3,32.5,56.6,4.9,4.7,10.0,7.3,5.8,13.5,8.6,4.2,14.2,12.5,4.4,18.5,0.7,0.2,0.2,6.6,52.0,2.0,26.3
Godda,Jharkhand,913,913,109,52.7,33.8,1012,30.1,93.5,91.4,54.9,19.7,98.9,45.9,7.7,50.4,19.6,65.0,50.6,38.0,0.3,2.2,3.2,3.4,0.5,11.3,3.2,34.3,56.7,23.6,59.4,6.7,5.9,13.2,7.1,8.7,16.1,12.4,5.1,18.6,14.0,4.9,20.2,0.5,0.0,0.5,2.7,45.1,3.3,34.2
Sahibganj,Jharkhand,912,1007,113,57.3,39.4,1092,49.5,91.6,88.2,43.2,17.4,98.2,34.8,4.5,54.9,18.6,50.4,34.0,23.2,0.0,1.0,2.7,1.8,0.4,13.2,3.2,32.9,56.8,28.5,66.4,6.8,5.7,12.8,8.0,8.5,17.1,8.2,5.2,15.0,10.6,3.8,16.6,0.2,0.2,0.9,4.7,47.2,6.7,34.4
Pakur,Jharkhand,905,966,104,53.1,36.3,1074,39.1,91.7,88.6,38.3,16.9,97.0,52.5,2.1,46.7,13.6,55.4,45.4,32.5,0.2,0.7,6.4,2.9,0.5,12.0,6.0,22.3,36.5,34.4,49.7,7.9,5.1,13.3,10.4,8.7,19.7,10.1,5.7,17.1,13.8,5.4,20.2,0.0,0.0,0.0,5.8,50.8,5.1,34.5
Dhanbad,Jharkhand,945,1181,166,68.7,27.8,986,45.2,98.5,88.9,67.6,37.2,98.3,45.7,15.1,72.0,37.9,67.3,51.6,37.7,0.3,1.0,5.2,5.2,0.4,9.7,4.7,15.0,41.3,26.0,59.9,4.5,4.6,10.1,5.0,6.7,13.1,12.0,4.8,18.5,16.2,6.7,24.9,0.3,0.0,0.1,9.6,45.7,1.1,25.8
Bokaro,Jharkhand,955,1127,157,71.5,27.3,1006,35.2,97.3,86.4,64.4,47.0,95.7,44.7,9.0,72.6,45.0,68.5,59.6,45.2,0.4,1.4,4.1,6.4,0.6,9.5,4.0,23.2,40.1,26.6,55.4,4.0,5.0,9.4,6.4,7.4,14.8,13.4,6.2,21.5,17.9,8.0,27.5,0.6,0.0,0.4,9.0,45.0,2.0,27.9
Lohardaga,Jharkhand,980,1107,145,65.6,32.4,1052,42.3,99.2,78.4,67.7,34.0,99.4,58.9,5.8,67.5,35.0,56.6,41.1,27.3,0.7,4.7,2.6,3.6,0.5,13.9,5.0,31.2,67.2,24.1,62.6,6.0,3.3,10.0,5.5,3.7,9.7,11.8,4.7,17.5,14.4,5.1,20.2,0.4,0.0,0.0,12.8,51.7,7.9,37.6
Purbi Singhbhum,Jharkhand,989,1133,177,74.1,23.4,1016,46.7,95.7,89.7,70.2,57.6,99.4,50.7,13.9,77.4,46.8,61.0,47.2,35.3,0.0,2.8,3.1,4.4,0.5,11.4,3.8,35.0,58.6,15.5,74.6,6.2,4.8,11.7,7.9,7.9,16.5,13.4,4.7,19.8,16.5,4.7,22.4,0.0,0.0,0.0,8.6,38.8,4.5,25.6
Palamu,Jharkhand,969,1204,143,63.5,34.6,1183,40.2,95.8,94.9,46.3,25.4,96.6,55.8,9.1,65.4,36.5,60.1,53.1,47.8,0.5,0.5,0.2,1.7,0.4,13.8,6.3,24.6,61.0,26.7,42.2,4.9,4.1,9.4,6.0,5.9,13.1,11.0,5.0,18.3,16.1,7.4,24.3,0.2,0.2,0.0,6.0,48.9,3.1,34.9
Latehar,Jharkhand,964,1148,161,60.5,35.9,1115,36.8,89.0,79.2,51.4,14.2,96.8,52.2,1.8,58.7,26.5,56.6,45.9,35.9,0.3,1.1,1.4,2.3,0.8,13.4,5.5,46.5,63.8,31.1,65.1,5.1,3.3,9.0,6.4,4.5,11.4,8.7,5.7,15.3,14.0,6.4,22.2,0.5,0.0,0.2,11.0,51.6,12.7,47.3
Hazaribagh,Jharkhand,914,1189,95,66.1,32.6,1083,31.8,98.2,85.5,55.6,36.8,95.0,55.0,9.4,69.7,40.1,60.8,53.6,45.8,0.2,0.8,1.1,3.4,0.3,11.5,6.4,20.3,37.8,25.3,51.7,4.4,3.8,8.8,6.4,6.3,13.5,10.6,5.9,18.8,19.4,9.9,30.8,1.0,0.0,0.0,4.8,42.5,3.4,35.1
Ramgarh,Jharkhand,938,1123,178,68.4,27.9,955,42.4,98.4,76.7,64.2,33.2,97.8,49.7,4.1,72.7,44.3,68.2,54.2,44.0,0.1,1.0,1.9,3.5,0.4,7.3,2.8,20.5,43.4,27.3,49.3,3.8,2.9,7.5,5.3,6.4,13.3,12.9,5.8,21.1,15.4,10.2,27.4,1.4,0.3,0.2,8.6,48.5,5.9,37.0
Dumka,Jharkhand,942,958,122,59.7,31.7,1067,44.5,93.2,92.6,41.5,18.1,97.6,45.4,8.7,55.6,19.1,60.0,43.4,28.4,0.1,1.6,5.3,5.1,0.4,13.1,5.1,22.1,35.9,29.6,48.1,5.1,4.6,10.2,5.4,7.3,13.6,9.5,4.0,14.1,13.5,5.4,20.0,0.0,0.0,0.2,9.6,56.6,8.8,44.5
Jamtara,Jharkhand,948,1073,144,63.7,29.5,996,36.9,92.2,93.0,52.8,20.3,98.3,62.9,11.5,57.4,21.4,69.3,54.1,35.3,0.1,1.3,9.5,4.1,0.4,9.9,3.6,34.7,49.1,30.6,57.3,5.6,4.2,10.5,6.7,5.3,12.9,10.1,5.1,17.8,14.2,5.3,21.9,0.0,0.0,0.0,13.6,49.7,5.3,29.9
Ranchi,Jharkhand,979,1182,156,73.3,25.4,1004,55.2,99.3,86.3,77.2,57.7,99.0,43.9,12.8,78.4,49.5,61.5,51.3,34.0,0.4,5.0,3.2,6.4,0.4,12.0,4.8,32.9,72.0,21.2,71.9,5.1,3.5,9.7,5.3,6.3,12.0,12.9,4.6,19.6,16.0,5.7,23.1,0.3,0.2,0.4,8.3,45.8,5.7,36.4
Khunti,Jharkhand,987,1103,142,63.1,29.8,992,35.1,92.9,68.6,55.2,18.7,97.4,58.2,6.6,59.9,29.3,58.4,43.4,27.7,0.1,3.2,4.5,5.0,0.9,11.8,4.8,37.5,67.0,20.6,63.5,6.1,1.9,8.6,10.6,4.4,15.7,7.2,3.2,11.7,9.0,4.5,14.2,0.5,0.3,0.2,16.2,57.2,19.8,57.5
Gumla,Jharkhand,986,1113,176,65.1,30.7,1024,34.7,89.1,75.2,50.1,19.1,97.7,51.7,0.0,69.3,33.3,52.7,45.0,30.7,0.1,2.1,2.8,4.0,1.9,14.9,7.9,38.8,61.6,25.2,70.8,6.3,2.4,9.0,8.3,2.6,11.6,11.0,3.4,15.1,14.8,4.6,19.9,0.4,0.2,0.2,14.8,55.5,16.1,53.1
Simdega,Jharkhand,988,1135,158,68.2,30.0,1064,35.0,84.1,66.7,71.3,15.9,98.9,60.6,2.3,68.8,29.7,48.5,27.7,15.5,0.8,1.7,3.1,4.1,0.1,15.8,4.7,41.1,81.2,25.8,64.6,4.7,3.1,8.1,5.3,3.5,9.2,11.6,7.8,20.9,18.4,7.9,26.7,0.2,0.0,0.0,17.6,56.5,15.7,54.1
Pashchimi Singhbhum,Jharkhand,990,1076,145,58.4,35.8,1049,42.0,83.3,79.3,37.7,15.5,96.9,46.7,11.4,49.8,22.9,55.9,36.3,12.9,0.5,2.9,7.4,7.6,1.0,12.5,5.0,43.6,71.2,33.1,70.3,4.2,2.8,7.5,7.4,3.5,11.1,12.0,4.6,17.8,13.1,5.4,19.5,0.2,0.1,0.1,19.9,56.4,28.5,57.1
Saraikela-Kharsawan,Jharkhand,984,1126,183,64.4,26.2,996,40.1,93.5,85.7,60.9,31.5,96.8,63.1,6.6,68.3,36.0,66.9,52.4,33.4,0.1,2.8,3.1,8.3,1.7,7.2,3.6,49.6,73.7,20.3,63.9,7.1,3.6,11.1,9.7,5.0,15.5,9.7,4.8,15.6,12.4,4.2,17.2,0.2,0.0,0.0,11.2,42.6,11.3,37.3
Belgaum,Karnataka,907,1147,179,72.4,25.0,1032,90.4,99.1,94.4,67.7,74.8,95.2,20.7,21.6,74.0,47.8,70.8,70.6,63.3,0.0,1.9,2.2,1.9,0.2,5.5,2.1,29.4,66.4,22.2,44.1,4.8,6.6,12.9,5.1,5.9,12.2,11.6,4.3,19.4,14.7,4.9,22.2,0.5,0.6,0.8,6.6,28.8,0.5,11.5
Bagalkot,Karnataka,881,1138,182,67.3,26.5,1007,76.8,98.9,99.2,51.3,56.6,81.3,22.3,7.1,69.7,37.7,65.3,65.3,59.2,0.0,2.2,2.2,1.2,0.3,5.8,4.0,15.8,51.1,17.1,40.5,5.4,5.4,11.8,6.0,5.9,12.8,11.1,3.8,19.1,13.2,4.9,21.0,0.6,0.2,0.2,10.7,33.7,0.6,14.8
Bijapur,Karnataka,887,1091,149,66.1,28.0,995,86.2,97.6,92.5,44.8,60.6,92.3,21.2,24.9,66.6,37.1,63.1,62.7,55.5,0.0,1.3,2.1,2.5,0.5,7.0,4.0,23.8,62.1,18.1,32.0,4.9,5.7,11.6,5.4,7.3,14.3,11.2,5.1,20.2,13.2,5.1,21.0,0.7,0.2,0.4,10.8,34.6,0.8,15.3
Bidar,Karnataka,914,1181,172,68.2,27.3,1034,76.5,98.8,98.9,56.5,65.2,97.7,21.4,7.1,73.8,45.0,69.1,68.5,50.1,0.0,2.0,8.0,5.4,1.6,8.1,3.6,40.7,81.9,24.9,39.6,4.7,3.4,9.0,6.3,5.0,12.5,13.0,4.2,21.2,15.7,5.4,24.1,0.4,0.2,0.5,8.5,31.2,0.3,16.6
Raichur,Karnataka,891,1177,166,55.3,29.3,1033,70.9,99.7,94.0,53.0,64.9,73.3,17.8,15.5,54.3,31.7,50.1,49.6,46.3,0.0,0.7,0.6,1.8,0.2,10.0,6.8,19.2,54.1,23.3,42.6,4.7,3.6,8.9,3.9,4.7,9.2,11.2,4.4,18.5,10.4,4.3,16.7,0.8,0.4,0.5,13.5,28.4,0.9,15.8
Koppal,Karnataka,872,1017,171,63.9,28.8,994,78.0,99.2,96.0,58.8,47.4,47.9,20.6,29.6,59.8,34.4,63.4,63.2,58.4,0.0,1.9,0.7,1.2,0.7,9.7,6.0,15.6,59.0,24.9,28.6,4.9,4.2,9.6,6.6,6.8,14.5,11.6,5.6,19.5,14.2,5.1,22.2,0.5,0.4,0.2,19.9,34.1,1.2,13.0
Gadag,Karnataka,892,1136,193,73.3,24.1,1060,87.1,98.6,95.5,55.2,56.3,77.1,28.3,16.3,70.7,45.1,58.3,57.7,48.8,0.0,2.5,3.0,2.7,0.5,7.0,3.8,25.4,70.0,18.9,41.4,4.9,5.9,12.1,5.4,6.9,13.2,12.1,6.8,22.1,14.7,7.1,23.9,0.2,0.0,0.5,8.5,35.6,0.5,13.7
Dharwad,Karnataka,864,1051,156,78.2,22.1,1022,96.2,99.4,87.9,79.3,79.1,92.3,24.5,7.7,81.8,51.4,67.1,65.7,58.7,0.0,2.1,1.9,1.8,0.3,6.3,3.8,29.7,79.5,17.3,41.9,5.6,6.2,13.8,7.0,6.3,14.1,15.1,6.0,26.6,15.0,6.1,23.7,0.3,0.1,0.0,6.8,36.8,0.5,15.8
Uttara Kannada,Karnataka,897,1000,164,81.1,18.2,1011,87.3,99.1,84.8,89.6,73.4,94.3,32.0,8.1,84.3,49.2,69.3,69.3,56.7,0.0,4.8,3.6,2.8,0.6,7.4,3.7,42.5,63.8,18.4,47.5,4.9,6.6,12.7,6.2,6.9,13.8,14.8,7.1,26.9,14.7,6.8,25.1,0.0,0.0,0.0,10.5,26.1,0.3,12.3
Haveri,Karnataka,875,1060,141,72.6,25.4,978,89.6,99.1,99.1,68.9,60.7,87.9,28.8,13.8,71.5,40.0,44.6,44.6,42.6,0.0,0.7,0.3,1.0,0.0,8.4,3.5,20.8,55.8,19.9,42.1,4.8,6.4,12.7,6.4,7.0,15.2,11.1,4.7,21.4,14.4,6.9,24.4,0.2,0.0,0.2,9.2,33.1,1.0,12.1
Bellary,Karnataka,883,1103,156,64.2,23.6,1038,89.2,98.9,94.7,64.1,76.2,84.7,25.7,28.0,64.4,39.9,62.7,62.3,56.6,0.0,1.7,1.2,2.6,0.0,5.6,2.9,33.5,54.8,22.2,45.1,4.2,3.9,9.2,5.3,5.3,11.6,12.7,4.8,21.2,14.0,4.4,20.9,0.5,0.2,1.0,8.2,26.2,1.0,14.3
Chitradurga,Karnataka,909,953,134,73.0,22.5,1023,89.2,99.8,97.8,63.1,80.6,96.4,35.3,27.2,75.6,48.3,72.8,72.5,62.0,0.0,3.7,1.3,4.3,0.2,5.0,3.5,63.4,87.0,14.5,36.3,6.3,6.9,15.1,5.4,7.5,14.4,18.4,8.4,29.7,19.6,8.6,30.6,0.4,0.4,0.4,14.2,36.9,2.0,21.2
Davanagere,Karnataka,840,973,133,74.9,21.9,967,82.4,98.8,97.5,83.3,79.1,94.9,25.2,18.1,76.0,47.1,47.1,46.9,41.6,0.0,1.5,1.1,2.3,0.4,11.5,4.8,16.2,45.0,15.9,40.4,6.3,7.9,16.1,6.5,9.7,17.5,12.6,6.5,24.8,17.6,7.4,29.5,0.9,0.9,0.6,8.9,30.0,1.7,14.1
Shimoga,Karnataka,902,1033,161,78.8,22.9,1010,83.9,99.5,94.6,85.4,85.7,91.0,26.5,22.9,79.8,49.1,76.4,76.4,68.3,0.0,3.4,0.7,2.4,0.7,5.3,3.9,42.0,74.7,15.0,52.6,6.3,7.2,15.3,8.5,6.9,16.7,15.4,7.1,27.2,19.3,7.1,28.7,0.4,0.3,0.2,11.3,32.0,1.4,18.5
Udupi,Karnataka,894,1065,145,82.0,19.5,1148,85.4,99.6,81.5,94.5,67.8,95.6,50.9,3.2,90.3,55.4,72.0,71.3,46.1,0.0,6.4,5.4,8.9,1.2,7.1,4.7,42.3,84.5,23.8,51.9,6.0,9.1,16.7,6.0,9.7,17.7,16.2,8.2,31.2,18.4,9.1,32.5,0.3,0.2,1.1,7.0,17.4,1.0,15.6
Chikmagalur,Karnataka,885,945,143,76.2,19.4,1041,90.9,99.3,95.7,92.3,79.0,96.8,30.0,10.4,82.9,48.3,79.7,79.6,64.8,0.0,5.3,2.6,6.1,0.3,3.8,2.8,42.8,74.4,14.2,50.6,6.6,7.5,15.6,6.9,7.7,15.7,18.2,7.7,29.2,19.0,6.0,28.7,0.7,0.0,0.0,10.9,32.3,1.5,23.8
Tumkur,Karnataka,906,912,129,72.3,21.2,1085,92.8,99.6,96.2,86.1,85.3,94.7,31.0,2.0,81.9,58.9,77.0,75.8,60.9,0.0,5.1,2.4,4.4,0.6,5.3,4.4,59.4,76.1,15.2,48.1,5.6,8.1,15.4,7.4,11.0,19.9,16.3,6.5,27.4,22.3,9.4,34.0,0.5,0.2,0.2,9.8,26.7,0.8,18.8
Bangalore,Karnataka,837,840,125,85.7,20.6,1006,91.0,98.8,99.2,90.4,97.2,99.4,28.8,23.4,87.3,70.1,73.2,73.0,55.2,0.0,3.4,2.9,9.1,0.5,4.7,3.0,54.7,90.7,10.0,44.4,8.4,9.7,19.4,10.4,9.2,21.3,21.2,5.6,30.7,21.8,7.5,33.5,0.2,0.4,0.6,2.9,20.9,1.1,17.3
Mandya,Karnataka,873,844,127,67.7,18.1,1122,89.8,98.4,98.4,86.7,90.5,97.7,39.9,15.5,78.3,52.5,80.0,78.5,70.2,0.0,3.6,0.4,3.6,0.1,3.8,1.9,44.6,77.3,13.7,47.0,5.2,9.3,16.1,7.2,10.0,18.2,17.0,7.6,30.1,20.6,6.2,29.8,0.0,0.4,0.0,5.3,20.1,0.7,19.1
Hassan,Karnataka,905,979,136,74.4,20.2,1102,90.0,99.3,96.8,87.9,86.1,98.5,36.9,8.9,82.0,51.3,78.1,77.5,62.1,0.4,6.3,3.2,3.3,0.8,5.2,1.8,57.1,82.2,11.1,57.0,6.6,8.4,16.3,8.8,9.1,18.7,15.7,7.6,28.1,18.0,8.0,29.5,0.0,0.0,0.0,10.9,29.0,1.0,26.6
Dakshina Kannada,Karnataka,867,987,149,83.9,19.8,1063,93.8,99.8,88.6,97.1,82.0,96.9,36.3,11.0,92.7,62.8,61.9,60.2,46.2,0.0,3.0,0.4,7.5,0.8,9.5,6.6,34.8,67.9,12.6,53.5,6.0,7.5,15.4,6.9,6.8,14.8,17.5,8.6,30.1,18.5,8.1,29.9,0.4,0.4,0.4,4.4,15.1,0.6,11.6
Kodagu,Karnataka,898,885,139,83.6,21.2,1168,92.0,98.7,89.2,93.9,78.3,98.5,45.6,13.0,88.5,58.9,73.0,72.3,53.7,0.0,6.3,2.8,5.6,1.4,5.6,2.2,42.0,70.8,12.0,54.7,6.2,9.1,17.4,6.6,9.9,19.3,16.1,10.6,31.5,19.5,8.6,33.3,0.2,0.8,0.5,8.7,22.2,2.3,27.9
Mysore,Karnataka,857,951,134,72.4,20.7,1077,85.3,99.5,95.4,86.4,94.7,98.0,26.2,14.1,78.9,49.6,79.5,77.3,68.2,0.0,2.4,1.1,4.2,0.4,5.6,4.4,37.6,78.6,14.7,54.0,5.2,7.1,13.8,4.2,8.2,14.0,13.8,7.3,25.5,18.1,6.8,27.4,0.9,1.0,0.3,6.7,22.7,1.6,22.2
Chamarajanagar,Karnataka,890,957,136,63.2,19.4,1037,84.0,98.7,99.9,75.2,89.0,98.0,34.4,21.8,72.4,41.7,79.8,79.4,70.0,0.0,2.9,0.8,4.5,0.4,3.4,2.6,54.8,83.5,17.9,37.7,6.5,6.3,14.1,6.0,8.1,14.8,16.9,9.3,28.8,18.9,9.1,29.9,0.2,0.2,0.7,2.8,22.4,0.9,20.0
Gulbarga,Karnataka,909,1147,167,65.0,26.8,1023,76.3,99.4,92.5,36.5,58.5,92.2,17.4,19.5,68.2,42.0,53.0,53.0,40.3,0.0,0.7,3.5,5.4,1.0,12.6,5.3,32.3,70.1,20.8,46.2,5.9,3.8,11.4,7.2,6.1,15.1,10.3,3.4,17.0,16.1,5.5,24.8,1.4,0.8,1.8,11.0,33.5,0.8,17.0
Yadgir,Karnataka,904,1242,171,51.9,29.2,1020,74.2,99.0,95.2,37.4,48.8,76.3,16.7,6.2,48.1,26.4,64.0,63.7,57.6,0.1,1.7,2.1,1.1,0.3,7.5,5.9,23.1,65.0,26.0,32.4,3.6,3.6,7.7,6.5,5.9,13.1,10.6,4.5,17.5,11.2,4.5,18.0,0.0,0.1,0.2,14.6,31.8,1.1,19.4
Kolar,Karnataka,883,990,164,71.6,21.8,1030,92.8,99.5,98.5,89.2,89.9,94.7,33.9,17.0,78.3,55.0,72.7,71.9,65.4,0.0,4.2,0.5,0.8,0.5,5.1,3.5,44.5,71.7,17.8,47.5,4.4,7.5,12.5,6.1,8.1,15.1,13.2,9.0,24.3,17.9,8.7,27.9,5.0,0.4,0.2,13.0,19.2,0.3,12.8
Chikkaballapura,Karnataka,883,881,144,65.9,21.7,1067,86.4,99.9,98.1,84.9,89.4,95.0,26.1,14.6,76.3,48.0,77.8,77.4,69.4,0.0,3.4,1.6,1.8,0.6,3.8,2.6,49.7,79.5,22.6,43.1,4.8,5.8,11.9,5.1,9.2,16.5,13.5,7.5,24.1,21.3,9.1,32.5,0.4,0.4,0.6,18.2,20.2,1.2,11.7
Bangalore Rural,Karnataka,891,956,142,74.3,20.5,986,94.5,99.2,97.9,88.8,93.6,95.6,34.9,16.4,83.8,56.3,77.5,76.3,65.7,0.1,3.2,1.7,3.5,0.8,5.9,4.1,46.6,85.8,14.1,60.2,5.9,6.2,13.6,5.6,10.6,17.7,15.6,7.4,26.7,20.9,8.0,30.8,0.9,0.2,0.2,13.1,24.8,1.5,17.8
Ramanagara,Karnataka,878,814,108,68.8,18.1,1064,90.0,99.6,98.3,89.6,92.0,95.7,35.7,41.1,82.7,54.5,78.1,77.5,70.0,0.0,2.8,1.5,2.4,0.4,5.1,3.1,34.1,82.9,13.2,45.4,6.5,9.7,18.2,6.3,11.9,19.6,16.1,7.3,28.2,17.8,7.9,29.9,0.3,0.3,0.7,3.6,25.9,0.5,17.9
Kasaragod,Kerala,922,945,116,90.8,24.1,1134,95.5,99.5,93.2,98.9,73.5,99.6,44.0,9.6,95.9,68.3,56.4,46.6,39.0,0.2,2.4,0.0,3.5,0.0,12.5,6.4,23.9,69.1,9.4,76.8,8.1,10.2,20.4,10.0,10.2,22.3,13.5,5.3,26.1,15.9,4.6,26.0,3.5,1.7,0.6,3.5,14.2,0.1,14.9
Kannur,Kerala,919,950,101,96.7,23.9,1203,98.5,99.7,93.9,99.5,70.4,99.2,47.9,32.3,99.1,74.1,61.9,54.2,47.7,0.0,1.3,0.7,4.3,0.0,12.7,9.2,16.8,77.0,8.7,72.9,10.5,11.1,23.8,10.2,11.6,25.0,17.2,7.6,31.0,23.3,5.8,34.8,2.9,2.1,0.3,1.7,12.9,0.1,14.1
Wayanad,Kerala,919,813,128,88.2,21.2,1019,97.1,97.0,94.1,97.6,55.7,99.0,64.8,33.6,93.7,68.0,78.9,69.5,64.8,0.2,2.7,0.2,1.1,0.0,5.6,4.0,11.8,68.5,14.0,73.9,7.5,8.4,18.3,8.2,7.9,17.9,15.1,7.2,28.8,17.7,7.4,28.3,1.5,1.2,0.2,10.6,26.0,1.2,23.2
Kozhikode,Kerala,888,825,107,97.7,19.9,1112,98.6,99.6,93.3,99.6,73.8,99.8,61.1,36.5,99.1,84.3,67.7,58.5,52.5,0.0,1.4,0.3,3.4,0.0,9.6,5.9,14.4,71.5,8.4,74.2,7.7,11.7,22.5,10.2,11.7,23.9,16.0,6.0,29.6,18.9,4.0,28.4,2.3,1.6,1.1,0.8,11.3,0.0,13.5
Malappuram,Kerala,905,1004,141,94.9,27.0,1101,97.3,99.7,97.7,99.9,59.0,99.4,42.8,24.7,99.2,69.5,58.6,41.5,36.8,0.0,0.8,0.4,1.9,0.0,13.8,8.5,10.9,61.3,10.3,69.1,6.9,12.1,21.4,10.1,11.8,24.0,14.3,4.9,25.4,18.5,4.9,27.4,1.4,0.4,0.0,1.5,12.5,0.2,7.7
Palakkad,Kerala,912,881,113,89.6,19.3,1148,95.4,98.9,94.7,99.0,67.5,99.7,53.8,32.8,94.4,63.2,58.9,51.9,48.1,0.0,1.7,0.2,1.9,0.0,10.8,6.7,14.6,56.6,12.9,66.2,9.0,12.8,24.6,10.5,13.0,26.3,17.9,7.8,32.4,22.4,8.5,35.3,3.7,1.1,0.6,5.1,22.5,0.4,23.1
Thrissur,Kerala,852,715,66,97.8,18.8,1167,100.0,100.0,93.7,99.5,76.3,99.7,48.7,30.9,99.4,79.2,69.7,61.5,52.9,0.0,2.9,0.6,4.6,0.0,10.9,4.9,10.1,59.7,10.9,71.6,8.9,15.1,28.3,11.0,16.6,31.7,14.3,6.1,31.4,18.1,8.2,36.8,3.0,2.8,0.9,2.3,17.8,0.2,26.2
Ernakulam,Kerala,857,747,115,97.2,18.8,1046,98.7,100.0,98.2,99.3,88.4,99.3,46.2,37.7,99.3,83.8,69.7,61.5,51.9,0.0,1.5,0.3,6.1,0.0,10.7,6.8,12.9,79.9,8.0,74.2,9.3,11.8,25.8,9.5,11.5,25.5,15.7,5.0,29.6,18.1,5.5,30.2,2.9,2.0,0.7,1.4,15.3,0.5,25.0
Idukki,Kerala,857,710,121,93.0,19.0,1029,97.6,99.0,82.3,97.5,54.3,99.6,58.1,18.3,94.4,73.2,72.3,67.8,60.5,0.0,2.1,0.0,5.2,0.0,9.4,5.3,22.3,64.3,9.0,72.1,8.2,10.6,22.8,10.3,10.7,23.9,17.6,10.1,34.8,18.2,7.9,31.8,3.5,2.6,0.6,3.7,24.8,0.4,24.1
Kottayam,Kerala,867,659,100,97.9,18.8,1071,97.6,99.6,97.1,98.6,72.5,97.4,53.2,33.7,99.7,85.8,44.7,40.3,33.0,0.0,1.9,0.7,3.6,0.0,16.1,5.6,17.5,40.8,12.3,63.1,7.6,16.9,28.7,8.9,15.5,29.4,15.4,8.6,34.2,21.0,9.2,38.8,2.6,3.0,1.5,1.7,18.3,0.6,27.4
Alappuzha,Kerala,886,685,111,97.8,16.6,1108,100.0,99.9,98.4,99.2,79.2,99.9,60.4,46.8,99.7,78.8,61.5,56.9,49.6,0.6,1.3,0.2,4.3,0.0,12.3,6.0,11.0,40.9,14.3,58.9,9.4,12.4,25.2,8.2,14.6,25.4,15.2,6.3,32.1,20.5,7.7,36.2,4.7,2.6,0.7,1.8,18.3,0.2,29.0
Pathanamthitta,Kerala,854,625,92,97.7,16.4,1174,95.1,99.6,94.1,98.9,60.1,99.6,50.1,31.5,99.7,84.5,59.3,54.4,47.6,0.2,2.6,0.5,3.4,0.0,12.3,4.9,16.2,63.1,12.3,61.6,8.5,17.9,32.1,9.2,20.5,34.7,17.7,11.7,42.1,24.0,9.2,41.9,7.7,4.1,0.8,1.5,22.3,0.2,23.8
Kollam,Kerala,859,753,78,96.6,18.9,1171,96.2,99.8,95.7,97.5,80.1,99.0,56.0,11.8,98.2,80.6,62.9,60.5,57.2,0.0,0.6,0.6,1.7,0.2,11.9,7.2,15.1,62.0,9.5,74.4,8.1,13.6,26.2,9.5,16.7,30.2,16.3,6.6,32.4,18.6,8.2,35.3,4.5,2.2,0.5,1.6,21.5,0.2,22.3
Thiruvananthapuram,Kerala,833,657,84,94.5,20.3,1145,94.2,99.9,92.9,95.4,72.2,99.3,48.7,28.5,98.5,83.1,41.3,38.5,33.2,0.0,1.2,0.2,3.4,0.0,19.3,9.8,18.6,33.9,6.6,74.1,6.3,16.5,26.1,10.2,21.1,36.2,12.3,6.0,31.4,14.5,6.9,32.1,6.7,6.8,1.2,0.8,15.0,0.0,15.2
Leh(Ladakh),Ladakh,909,1154,141,66.3,21.0,967,77.7,99.8,87.1,42.4,93.5,99.1,16.2,1.6,76.4,49.8,55.6,54.2,19.3,0.4,10.0,6.6,9.3,7.2,7.1,3.2,15.8,62.0,5.3,84.6,4.6,0.7,6.1,4.2,1.6,6.4,8.7,0.7,12.8,9.2,0.8,14.7,0.2,0.0,0.2,4.4,39.5,6.1,40.6
Kargil,Ladakh,909,1201,166,69.6,24.5,975,71.6,99.1,90.2,42.3,58.1,98.6,13.6,0.0,77.2,50.3,46.9,41.6,14.1,0.3,5.7,6.6,8.6,5.1,8.8,4.9,9.1,55.4,3.5,88.0,3.2,2.8,7.3,4.6,3.4,10.2,12.0,2.7,18.7,13.2,3.8,20.1,0.4,0.4,0.2,1.9,31.9,1.4,6.8
Lakshadweep,Lakshadweep,921,1234,135,93.0,22.3,1187,96.6,99.8,92.9,99.8,59.4,96.7,60.1,32.0,96.5,67.8,52.6,30.1,20.7,0.0,1.0,1.2,4.1,0.0,12.3,8.0,14.8,85.0,8.0,68.4,8.4,9.9,19.5,10.2,8.1,20.7,13.9,6.5,24.8,16.6,5.1,24.7,1.7,0.5,0.3,17.5,28.5,0.3,0.4
Sheopur,Madhya Pradesh,883,997,119,53.1,31.0,963,76.8,98.0,91.1,48.0,22.9,94.9,27.1,1.0,54.8,15.9,67.7,63.5,51.8,0.0,0.7,2.0,7.2,0.4,9.0,5.0,32.5,63.3,30.5,33.6,4.8,4.4,9.6,5.5,4.2,10.1,13.9,4.1,19.2,17.5,7.4,25.7,0.0,0.0,0.2,13.9,53.4,0.3,12.9
Morena,Madhya Pradesh,932,1079,137,67.0,31.1,964,77.0,99.5,97.1,62.7,32.6,94.0,36.3,6.5,70.7,25.6,58.9,51.8,42.5,0.0,0.4,1.7,5.2,0.2,15.0,7.8,20.8,63.9,22.3,27.8,8.0,3.6,11.7,9.9,6.0,16.8,9.6,4.5,14.9,13.6,4.2,19.1,0.0,0.0,0.4,4.9,39.3,0.2,6.9
Bhind,Madhya Pradesh,900,956,133,66.9,28.5,979,79.3,98.2,95.5,79.9,31.0,94.8,31.0,6.9,73.8,28.9,58.7,48.5,38.4,0.2,1.2,0.7,5.7,0.3,17.2,7.6,27.8,69.7,24.3,30.5,7.1,5.0,12.7,7.5,6.1,13.8,10.6,3.5,15.2,12.0,4.3,17.0,0.4,0.2,0.6,5.6,37.9,0.4,6.7
Gwalior,Madhya Pradesh,866,958,123,72.2,24.4,902,81.5,99.5,98.6,83.2,69.8,94.9,40.6,0.0,78.1,37.9,60.6,51.5,36.5,0.2,0.5,2.3,10.9,0.2,13.4,5.9,22.5,70.5,20.4,38.8,4.9,5.6,11.1,5.1,7.1,13.0,12.6,4.9,19.9,16.9,6.3,25.1,0.2,0.0,1.5,4.6,30.2,0.2,11.3
Datia,Madhya Pradesh,906,1015,145,67.4,24.1,916,82.4,99.8,95.8,66.8,31.2,91.5,30.9,4.4,71.2,27.8,73.1,66.3,58.2,0.0,0.2,0.8,5.9,0.0,7.4,4.2,32.2,56.0,23.0,39.0,6.8,5.0,12.2,8.3,5.9,14.6,10.6,3.4,15.3,14.1,4.4,19.7,0.7,0.7,1.1,6.7,44.7,0.2,9.4
Shivpuri,Madhya Pradesh,810,790,115,61.4,27.8,898,79.5,97.2,86.8,55.5,32.7,96.2,38.9,2.9,62.5,21.2,64.3,55.5,49.1,0.0,0.3,0.3,5.2,0.3,12.7,7.7,31.5,54.1,26.7,32.6,5.9,3.5,10.0,7.0,6.5,15.1,8.9,3.5,13.7,11.2,3.1,15.7,0.9,0.0,0.0,7.5,43.4,0.2,12.2
Tikamgarh,Madhya Pradesh,630,620,82,66.8,26.6,912,78.4,99.7,80.0,56.6,32.1,96.9,40.5,4.1,70.6,25.8,76.2,71.0,66.0,0.0,0.2,0.8,3.7,0.2,4.1,2.6,42.8,69.0,21.3,42.6,7.5,4.4,12.2,9.1,5.5,14.9,11.3,1.8,14.4,10.5,2.1,12.9,0.0,0.0,1.6,5.6,53.9,0.3,14.4
Chhatarpur,Madhya Pradesh,935,1001,161,65.1,29.6,929,57.6,96.8,86.5,55.5,30.1,86.6,17.1,19.0,63.7,24.7,72.9,60.6,48.8,0.2,0.3,0.4,8.9,0.1,6.4,3.9,17.8,53.6,25.2,46.8,4.5,4.1,9.0,6.2,5.7,12.7,12.4,3.3,17.2,12.9,3.4,17.5,3.9,3.4,3.2,10.8,60.5,0.5,17.5
Panna,Madhya Pradesh,946,992,152,63.7,27.5,956,38.7,95.8,85.5,43.8,22.1,83.4,12.6,18.1,62.9,24.0,67.6,57.8,47.0,0.1,0.7,1.3,7.0,0.8,9.4,4.2,21.7,58.2,26.8,56.3,4.7,3.3,8.6,7.7,4.4,12.5,10.4,4.3,16.1,9.4,3.8,14.4,0.5,0.0,0.0,13.6,55.5,0.3,14.1
Sagar,Madhya Pradesh,925,1014,174,76.4,26.9,937,64.1,98.6,86.7,68.8,32.7,92.2,27.5,10.8,74.3,32.9,68.5,60.9,47.5,0.5,0.7,1.6,8.1,0.1,8.0,3.6,23.0,61.7,22.8,52.0,3.1,2.9,7.0,5.0,4.9,10.6,16.1,6.6,25.3,17.7,6.8,26.4,4.2,3.3,3.5,10.6,51.6,0.3,15.7
Damoh,Madhya Pradesh,942,988,160,70.3,28.4,953,55.2,97.3,81.0,40.6,28.1,87.0,21.6,17.2,68.3,24.8,72.9,67.5,58.1,0.0,1.2,1.4,4.6,0.2,6.4,3.6,16.8,57.0,23.7,46.0,4.4,3.2,8.5,5.0,4.9,10.0,13.6,6.3,22.6,14.6,5.0,21.4,0.5,0.2,0.0,16.1,55.4,0.1,15.2
Satna,Madhya Pradesh,666,689,79,71.9,27.5,1014,44.2,97.8,92.7,55.4,35.2,93.3,22.0,9.2,73.0,31.5,71.6,61.2,52.1,2.4,0.7,0.5,3.8,0.5,9.1,3.4,25.8,69.8,21.3,44.6,5.6,4.5,10.4,8.3,5.2,15.1,10.0,4.1,16.2,11.7,3.1,16.3,3.0,2.8,3.3,6.3,55.9,0.1,21.7
Rewa,Madhya Pradesh,859,927,83,65.2,28.6,1055,55.1,96.5,82.1,46.1,21.4,92.1,29.4,12.3,67.7,23.1,70.7,59.9,46.7,1.2,1.3,1.2,6.4,1.0,8.8,3.8,24.2,66.3,16.5,57.5,6.4,5.7,12.4,7.5,6.4,14.4,12.7,3.7,17.6,14.9,4.2,20.1,0.3,0.0,0.2,7.6,55.3,0.6,17.6
Umaria,Madhya Pradesh,979,1135,172,68.0,26.1,1026,66.0,98.2,79.5,53.7,26.9,92.2,19.9,10.8,67.7,26.4,71.2,60.5,49.6,1.4,0.8,0.9,5.3,0.1,5.7,2.6,40.5,82.9,21.1,58.6,4.6,4.3,9.4,6.9,5.7,13.1,14.2,5.8,20.9,17.5,3.8,22.1,0.9,0.4,0.8,13.9,59.1,2.0,29.8
Neemuch,Madhya Pradesh,962,1178,181,64.1,23.8,982,78.5,99.6,91.7,68.9,52.4,99.6,43.3,3.0,68.5,27.9,73.4,66.3,48.9,1.0,0.5,2.9,11.1,0.1,7.6,3.9,32.4,74.6,18.8,42.9,5.3,4.0,9.8,5.6,3.8,10.0,17.4,7.0,26.0,19.5,7.1,28.5,0.3,0.2,0.0,3.0,31.1,0.4,9.1
Mandsaur,Madhya Pradesh,932,1015,173,63.1,22.9,974,87.2,99.9,77.6,65.4,45.6,99.3,48.4,4.1,67.2,24.1,72.6,64.8,48.1,0.8,0.5,2.6,11.8,0.0,8.7,4.6,35.8,79.4,29.4,30.1,5.5,4.2,10.2,5.7,5.3,11.6,18.2,9.4,29.6,24.5,10.2,36.2,0.4,0.2,0.6,2.3,35.3,0.3,11.3
Ratlam,Madhya Pradesh,915,1087,158,66.2,28.2,991,81.2,99.0,91.0,69.4,53.1,98.8,37.9,10.9,63.4,23.8,72.6,68.3,51.6,0.6,0.5,1.9,12.4,0.2,7.0,3.5,29.3,70.9,23.4,30.8,3.6,4.2,7.9,5.3,4.3,9.7,13.4,6.3,21.3,18.3,5.4,24.0,0.2,0.2,0.2,3.9,33.9,0.2,15.6
Ujjain,Madhya Pradesh,902,1108,194,68.9,23.7,957,86.3,99.3,94.7,72.8,60.7,98.7,35.7,16.9,66.3,29.0,75.4,72.9,56.1,0.4,0.9,3.1,11.8,0.1,6.4,4.2,18.3,80.4,21.1,23.8,4.3,2.8,8.2,6.0,4.0,10.8,14.5,6.1,23.3,17.3,6.1,25.0,0.7,0.2,0.4,4.7,38.1,0.8,15.7
Dewas,Madhya Pradesh,953,1107,188,68.6,25.0,946,72.4,99.6,93.6,69.6,51.0,99.1,35.1,21.4,67.3,27.7,63.6,61.2,45.5,0.1,0.9,3.6,9.8,0.8,7.7,3.1,15.1,64.9,22.5,29.6,4.0,2.9,7.9,5.2,3.5,9.3,14.3,7.6,24.4,18.3,9.0,28.6,0.2,0.0,0.8,7.3,42.1,0.5,15.4
Dhar,Madhya Pradesh,592,679,101,59.5,26.9,991,76.7,97.6,89.2,61.9,44.8,97.4,30.3,13.5,58.6,23.8,77.7,75.5,60.9,0.3,2.4,3.9,6.1,1.2,4.8,2.4,24.5,84.4,17.1,49.4,5.4,3.1,9.7,6.5,3.4,10.5,13.9,4.3,19.9,14.9,3.8,19.8,0.7,0.7,1.0,7.4,44.1,3.9,25.7
Indore,Madhya Pradesh,868,1071,188,78.0,23.8,987,81.3,100.0,98.9,90.0,86.9,98.3,40.3,15.6,81.7,47.7,83.4,79.6,47.9,1.0,2.3,4.6,22.0,1.0,4.0,2.0,27.1,79.1,15.6,34.2,4.9,4.0,9.9,5.8,4.1,10.5,13.2,4.1,20.7,15.2,4.3,21.3,2.2,1.5,1.5,4.6,36.3,0.2,14.4
Khargone (West Nimar),Madhya Pradesh,974,1173,180,62.1,25.9,936,78.8,98.8,97.0,73.8,61.6,97.2,43.7,0.0,61.7,27.2,77.8,75.0,62.4,0.1,0.9,1.9,9.1,0.5,5.5,3.7,40.0,85.7,16.7,52.9,4.6,3.8,8.9,5.7,3.0,9.4,13.6,5.9,21.2,17.6,6.5,24.9,0.1,0.3,0.3,8.5,43.0,1.1,16.6
Barwani,Madhya Pradesh,981,1236,189,54.1,33.3,997,79.4,99.3,90.4,61.0,40.5,90.3,29.2,4.3,52.5,19.3,76.1,73.5,59.0,0.3,0.9,2.9,7.9,0.3,6.6,3.5,41.3,78.7,27.1,49.8,6.0,1.8,8.5,6.5,2.4,9.6,15.2,4.8,21.1,19.3,4.7,25.0,1.0,0.5,0.7,9.9,43.8,1.4,21.9
Rajgarh,Madhya Pradesh,898,1020,144,58.9,26.5,969,66.6,97.8,74.2,47.8,24.8,95.5,27.1,17.1,56.5,21.3,69.2,59.7,42.7,0.1,1.1,2.5,11.7,0.2,8.7,3.8,15.4,62.1,28.0,32.2,3.6,3.1,7.6,4.5,3.2,8.4,14.7,6.7,24.4,15.3,7.1,24.0,0.9,0.4,0.4,7.5,48.8,0.5,10.4
Vidisha,Madhya Pradesh,910,1019,166,69.2,29.0,924,81.7,98.7,95.7,65.2,31.8,99.0,48.2,9.8,68.9,21.7,75.1,64.6,44.7,0.0,1.4,3.4,13.8,1.0,5.9,3.4,28.5,63.8,23.1,31.7,6.9,4.9,12.2,7.5,6.0,14.1,9.6,4.5,17.2,12.7,4.1,18.1,0.2,0.0,0.2,8.8,54.0,0.1,13.9
Bhopal,Madhya Pradesh,376,337,38,78.3,22.5,927,88.1,99.6,96.7,79.6,83.6,99.5,50.7,24.4,81.3,47.4,78.7,73.7,46.4,0.6,2.9,3.9,17.3,0.0,9.6,5.2,20.6,78.1,18.2,29.0,7.8,5.9,14.3,6.9,4.9,12.9,11.5,6.8,22.4,18.5,5.1,24.9,0.0,0.0,0.0,8.5,32.9,0.2,14.5
Sehore,Madhya Pradesh,933,1088,168,68.5,25.6,894,66.2,99.2,92.2,75.2,33.7,97.6,33.2,16.5,69.7,28.2,53.4,51.5,34.6,0.4,0.7,2.9,11.3,0.8,14.7,6.1,14.6,51.5,27.1,36.8,3.3,3.1,8.2,4.7,3.9,10.0,14.1,8.0,26.0,17.9,7.0,26.6,1.4,0.8,1.5,9.7,47.1,0.3,10.5
Raisen,Madhya Pradesh,463,474,52,73.3,26.1,900,77.0,99.3,92.4,69.6,38.9,98.5,41.0,26.3,78.6,34.6,76.3,72.6,53.7,0.7,0.0,1.7,16.3,0.0,5.3,2.8,25.2,83.9,20.5,41.4,6.2,1.3,7.9,6.7,3.8,11.3,12.0,4.1,19.0,15.0,4.1,21.2,1.0,0.0,0.9,9.7,52.1,0.2,12.7
Betul,Madhya Pradesh,911,1021,141,71.2,24.3,993,80.1,98.1,87.1,59.8,36.0,98.2,51.3,10.1,76.1,38.7,77.2,70.7,58.7,1.5,0.8,1.2,5.7,0.0,4.6,2.2,34.1,59.5,24.7,36.6,7.2,5.2,13.6,7.2,6.8,14.7,11.5,3.9,17.8,15.6,4.7,21.6,0.4,0.2,0.2,11.9,45.7,3.1,20.5
Harda,Madhya Pradesh,980,1207,204,74.1,24.3,962,75.6,98.8,92.3,68.8,57.6,99.6,33.3,15.3,73.9,30.8,78.0,75.5,57.0,0.3,0.4,4.2,10.9,0.9,5.2,3.1,23.9,78.3,15.9,34.7,3.8,3.3,8.3,5.2,4.0,10.2,13.8,5.2,21.7,13.6,5.4,20.9,0.2,0.0,0.3,8.6,49.0,0.7,16.0
Hoshangabad,Madhya Pradesh,942,1042,162,74.0,24.7,951,71.7,97.2,93.5,68.5,47.3,96.3,28.6,23.5,73.6,35.5,28.6,28.0,20.0,0.2,0.4,1.6,4.9,0.1,17.7,7.1,16.8,52.1,21.9,31.9,2.4,3.3,7.1,5.4,4.7,12.4,14.0,7.0,24.0,18.9,8.5,29.9,1.2,0.4,0.4,21.4,50.4,1.2,15.7
Katni,Madhya Pradesh,739,777,101,71.4,25.3,979,60.3,97.9,94.0,53.5,29.5,85.3,18.1,6.3,72.0,32.5,72.4,64.1,50.8,1.1,1.0,2.2,6.3,0.5,6.0,3.2,27.3,55.6,18.1,57.7,5.1,4.1,9.3,9.8,5.3,16.0,13.1,4.1,18.5,16.5,3.2,20.8,0.0,0.4,0.0,11.7,57.4,0.4,18.8
Jabalpur,Madhya Pradesh,213,216,36,70.0,23.4,965,,99.7,98.0,61.9,28.5,98.6,61.2,,72.4,30.4,83.0,77.8,74.1,0.8,0.5,0.5,1.9,0.0,2.9,1.4,28.8,54.5,27.8,25.2,6.3,4.7,11.3,9.8,8.5,19.1,15.8,3.5,22.7,12.2,5.5,20.1,0.0,0.0,0.0,18.2,56.6,0.3,23.5
Narsimhapur,Madhya Pradesh,958,1110,160,73.8,24.3,950,79.4,99.0,99.8,77.0,36.7,98.4,49.4,9.5,73.6,31.4,78.9,70.4,63.4,0.1,0.8,1.0,4.3,0.4,3.5,1.8,24.4,69.4,25.1,28.1,4.9,4.1,9.9,6.3,6.6,13.5,12.6,6.9,23.2,16.9,5.6,24.4,0.4,0.0,0.0,27.2,55.2,0.3,15.7
Dindori,Madhya Pradesh,951,1047,163,64.8,27.2,1037,79.8,97.4,66.1,47.9,12.1,88.4,47.2,16.3,66.8,25.8,78.1,70.4,62.4,0.6,1.8,1.0,2.2,0.7,3.5,2.5,38.3,73.4,29.3,37.2,4.5,4.0,8.8,4.4,6.0,10.6,16.2,7.9,25.2,21.0,6.3,27.7,0.2,0.2,0.2,22.8,60.6,6.8,36.0
Mandla,Madhya Pradesh,971,1049,153,68.3,25.1,1052,86.7,96.8,79.7,58.4,22.3,94.3,42.6,21.2,69.1,30.5,79.1,74.3,64.0,1.4,2.0,1.1,3.4,0.3,3.6,1.0,38.8,63.7,26.8,49.3,6.2,5.4,11.9,6.5,6.9,14.6,18.2,4.4,24.9,21.8,7.2,30.4,0.2,0.0,0.2,29.5,57.5,3.6,28.6
Chhindwara,Madhya Pradesh,926,1009,128,73.1,22.5,1032,92.3,98.9,89.1,77.1,43.6,98.5,48.5,12.9,75.0,40.2,80.2,74.2,65.4,0.7,2.1,0.8,4.6,0.0,3.6,2.3,35.1,60.1,28.5,21.9,5.8,4.6,11.1,5.5,7.6,14.1,10.9,6.2,21.7,14.4,6.0,22.6,0.2,0.0,0.2,21.1,49.0,2.3,21.8
Seoni,Madhya Pradesh,909,989,136,71.3,24.2,1089,80.3,99.2,79.1,56.2,29.0,96.7,44.6,15.7,73.7,33.0,78.0,74.5,65.0,0.4,1.3,0.8,4.7,0.3,4.4,2.9,37.0,57.6,26.6,36.7,5.8,4.7,11.1,6.7,9.3,17.2,11.7,6.1,21.1,16.9,6.8,25.7,0.0,0.0,0.0,30.6,57.2,1.8,23.3
Balaghat,Madhya Pradesh,830,860,137,72.8,23.1,1037,93.3,98.7,83.3,79.6,31.1,98.0,68.4,5.7,79.8,39.2,75.2,70.1,60.0,4.7,0.3,0.7,1.6,0.0,6.5,3.7,49.8,96.6,30.2,50.5,7.1,2.3,9.7,8.7,2.5,12.0,15.4,4.6,22.3,17.7,3.2,21.9,0.2,0.0,0.1,20.2,49.9,2.8,27.2
Guna,Madhya Pradesh,955,1165,162,61.4,28.6,907,79.6,98.3,81.4,55.6,34.5,95.9,43.1,6.5,56.8,17.7,73.0,69.2,56.6,0.1,0.6,2.3,8.0,0.6,8.5,5.0,35.1,67.7,18.4,42.4,5.0,2.8,8.4,6.1,2.7,9.6,11.8,3.8,17.0,12.8,4.2,18.2,0.4,0.2,0.2,6.0,42.1,0.4,12.8
Ashoknagar,Madhya Pradesh,827,862,96,62.4,28.6,935,78.7,98.6,90.1,53.7,20.3,96.0,34.2,6.2,61.3,17.6,76.6,68.2,57.8,0.4,0.5,0.8,7.6,0.2,6.5,3.1,24.8,46.2,26.1,42.1,6.2,4.2,11.4,7.3,6.6,14.1,11.2,3.9,16.3,13.4,5.4,19.8,1.5,0.0,0.2,8.4,46.8,0.5,12.2
Shahdol,Madhya Pradesh,868,860,127,67.2,24.7,979,87.3,97.5,79.2,61.4,26.5,89.4,58.4,3.4,72.1,30.7,64.5,58.3,47.1,2.6,1.7,0.5,3.2,0.2,9.2,5.1,35.3,72.7,28.3,52.0,5.5,5.6,11.5,8.5,7.3,16.6,11.9,6.4,19.8,15.5,6.4,23.2,0.0,0.0,0.0,8.6,46.4,2.3,26.2
Anuppur,Madhya Pradesh,948,1020,187,65.0,24.1,1008,78.4,97.0,79.8,69.4,21.7,92.9,52.8,2.8,75.0,28.6,65.5,57.6,52.2,2.1,0.7,0.1,1.2,0.0,8.2,3.2,30.7,79.0,26.5,48.5,6.0,4.2,10.8,7.3,6.3,14.0,14.0,8.5,24.3,18.8,6.5,26.4,0.5,0.0,0.0,16.7,53.8,3.7,36.2
Sidhi,Madhya Pradesh,978,1148,136,66.7,30.7,1053,60.4,96.4,83.7,44.7,20.9,94.7,26.1,6.2,71.7,27.1,71.7,58.6,41.9,2.7,2.5,0.9,6.6,0.6,6.4,2.3,25.7,79.8,22.9,67.1,4.4,3.7,8.5,9.0,4.7,14.0,12.7,3.5,17.5,19.9,5.2,26.0,0.0,0.0,0.0,7.4,54.5,0.7,22.0
Singrauli,Madhya Pradesh,706,643,64,60.9,29.5,915,84.9,92.7,77.9,52.6,31.7,93.0,58.5,0.0,65.4,29.9,58.1,50.0,42.1,1.6,1.8,0.2,1.2,0.0,12.5,5.2,38.9,77.9,25.6,50.7,5.9,4.2,10.6,7.7,4.5,13.7,13.6,5.1,18.9,18.5,7.0,25.9,0.6,0.3,0.0,5.8,46.0,1.2,25.5
Jhabua,Madhya Pradesh,960,1037,140,45.9,38.9,1061,75.4,98.9,85.2,57.6,17.5,96.1,43.7,0.7,38.6,16.0,76.0,71.6,58.8,0.2,1.0,1.8,5.4,0.0,5.8,2.4,38.2,84.2,29.2,44.5,5.7,3.3,9.3,6.6,4.5,11.2,16.9,5.5,23.5,18.2,5.0,23.7,1.6,0.7,1.1,4.2,35.2,1.1,22.0
Alirajpur,Madhya Pradesh,974,1080,157,45.4,34.8,1008,74.5,98.5,89.6,84.7,17.4,97.1,42.5,0.0,42.1,17.3,75.9,72.2,61.2,0.1,1.1,3.3,6.1,0.4,6.8,3.2,40.5,76.1,19.6,52.9,4.2,2.5,7.3,5.9,1.8,8.0,16.7,4.4,22.0,21.7,5.6,27.7,0.0,0.0,0.0,10.6,46.3,7.0,37.4
Khandwa (East Nimar),Madhya Pradesh,531,562,17,67.1,26.0,999,89.3,99.3,88.7,76.7,48.3,98.7,38.1,11.3,67.7,27.9,72.9,71.1,64.8,0.0,0.0,2.2,3.6,0.1,8.5,6.4,36.1,78.2,21.7,34.6,5.0,3.0,9.0,6.1,3.4,9.5,13.9,4.8,21.3,12.6,3.8,17.6,0.0,0.4,0.3,6.9,44.9,0.4,14.8
Burhanpur,Madhya Pradesh,955,1139,197,69.8,27.9,941,77.1,98.3,96.0,74.0,68.2,94.9,42.2,4.1,67.6,26.3,75.7,71.5,53.1,0.1,0.9,4.8,10.8,0.5,6.8,3.5,32.7,82.8,20.9,36.2,3.5,2.7,7.1,5.2,3.3,9.1,8.7,3.1,13.9,10.7,3.5,15.9,0.9,0.2,0.2,9.5,35.4,1.0,13.7
Agar Malwa,Madhya Pradesh,712,588,82,56.3,23.6,919,84.0,99.5,81.4,72.3,39.5,99.9,58.9,12.1,59.4,19.3,78.2,73.0,64.0,0.0,0.6,1.2,5.8,0.0,3.4,3.0,24.2,55.0,26.7,40.7,12.2,6.9,19.5,12.2,6.3,18.9,16.7,3.6,21.2,20.2,3.7,25.2,0.3,0.3,0.3,2.6,37.6,0.5,8.2
Shajapur,Madhya Pradesh,970,1226,184,62.6,25.0,957,67.7,99.9,91.8,74.5,37.7,97.2,34.3,21.8,62.0,19.6,78.2,71.8,53.4,2.0,1.8,1.9,10.9,0.9,6.1,3.0,28.2,75.9,23.1,32.6,3.4,2.6,7.0,4.5,2.4,7.5,14.7,6.8,23.3,17.5,7.2,26.1,1.0,0.7,0.9,5.3,46.6,0.3,11.6
Nandurbar,Maharastra,897,1040,171,63.5,26.6,961,84.2,96.2,94.6,54.1,40.3,97.6,15.3,20.0,57.7,29.9,62.6,61.2,50.7,2.0,1.2,3.4,3.6,0.1,9.7,3.7,11.8,50.3,36.1,47.0,5.5,4.3,10.4,4.8,4.6,10.5,13.8,6.4,23.5,17.8,4.7,24.6,0.7,1.2,0.4,26.7,42.6,2.8,13.1
Dhule,Maharastra,838,883,137,73.5,27.3,999,87.1,96.0,89.9,58.9,65.1,98.0,19.8,36.6,68.8,40.8,51.9,50.3,41.2,0.3,1.0,1.1,6.7,0.0,13.1,5.0,19.1,48.4,26.5,30.5,5.5,6.3,13.4,6.7,6.1,15.3,10.4,5.8,21.4,15.8,5.3,25.1,0.4,0.3,0.2,15.6,38.2,0.5,12.2
Jalgaon,Maharastra,842,881,155,77.5,25.1,983,94.0,96.8,94.3,59.7,79.5,96.8,11.9,30.0,76.5,40.8,44.0,43.6,35.4,0.0,1.8,0.6,5.6,0.1,14.9,4.9,9.4,47.0,22.2,39.3,5.7,5.9,12.8,7.1,7.1,15.2,10.9,5.4,20.7,15.6,6.2,24.4,0.4,0.3,0.2,12.6,37.7,0.5,12.3
Buldana,Maharastra,931,1055,189,78.1,24.0,957,91.5,97.1,89.7,68.9,69.2,97.8,37.9,22.3,79.9,41.8,81.1,78.1,56.1,0.7,2.9,2.3,14.7,1.1,4.4,1.4,33.5,67.9,21.6,38.0,6.4,2.9,10.2,5.2,2.9,9.0,12.6,4.7,20.1,14.2,3.5,20.5,1.0,0.0,0.4,12.0,42.5,0.2,14.3
Akola,Maharastra,926,1098,202,86.3,23.5,951,94.4,97.6,95.1,69.5,75.5,95.2,40.1,16.2,87.5,52.7,77.0,72.8,48.6,0.6,2.9,3.8,16.3,0.5,6.8,3.7,33.8,59.5,16.1,25.2,5.1,3.5,9.6,5.7,3.2,9.8,11.7,4.2,19.4,12.6,4.2,19.1,1.6,0.4,0.5,10.4,44.0,0.2,12.9
Washim,Maharastra,903,986,196,76.0,22.0,948,85.3,97.2,73.7,61.5,61.4,96.5,24.1,23.2,78.0,42.0,71.3,68.3,54.8,0.3,1.3,0.9,10.7,0.1,8.0,4.0,14.2,37.9,20.1,18.0,4.0,3.0,8.1,4.9,3.5,9.1,14.4,4.7,21.9,16.2,3.2,21.0,1.8,0.6,0.9,14.3,39.1,0.4,11.3
Amravati,Maharastra,913,1060,180,86.2,21.1,994,89.5,99.1,95.8,75.7,71.7,98.5,31.9,24.4,87.8,55.0,79.2,77.7,56.4,1.3,1.3,3.7,14.4,0.3,4.6,2.5,20.0,52.8,20.5,34.6,5.1,4.5,10.3,7.1,4.9,13.1,10.9,4.8,19.8,12.0,4.1,18.7,0.5,0.0,0.0,9.0,40.8,0.9,18.4
Wardha,Maharastra,909,925,158,85.1,20.4,979,92.0,98.8,98.5,80.2,83.9,97.9,27.1,33.9,93.0,56.5,79.2,78.1,64.3,0.4,1.5,2.4,8.6,0.8,6.6,3.7,36.5,52.8,17.1,39.6,4.5,3.7,9.0,5.4,4.4,10.4,9.8,2.7,17.1,10.0,1.8,14.0,0.4,0.0,0.2,9.5,52.6,0.6,24.6
Nagpur,Maharastra,917,1063,169,86.5,20.9,971,92.4,99.5,99.5,88.9,96.0,97.6,25.6,33.1,94.6,67.6,84.1,81.2,61.0,0.6,3.5,1.7,14.0,0.4,4.2,2.6,39.5,62.4,17.1,46.1,6.0,3.9,10.7,7.0,4.3,12.8,13.2,3.6,21.3,13.2,2.4,18.3,0.8,0.3,0.7,5.0,40.2,0.4,17.8
Bhandara,Maharastra,918,920,152,80.3,22.5,1004,94.4,98.8,92.0,81.8,71.4,95.4,30.0,21.1,89.1,53.9,77.5,75.6,63.3,2.5,1.1,1.6,6.7,0.1,6.1,2.4,30.5,51.6,25.8,37.1,5.6,4.0,10.5,5.6,3.9,10.1,12.2,4.7,21.8,11.4,4.1,19.3,0.7,0.2,0.5,19.7,60.7,1.3,26.0
Gondiya,Maharastra,915,938,167,80.4,21.6,994,90.7,98.2,91.6,74.3,68.0,98.0,30.6,16.3,87.5,54.1,78.3,77.8,62.3,5.8,0.9,1.1,6.6,0.3,7.8,2.4,36.4,61.7,23.4,43.0,3.7,3.3,7.9,6.0,3.9,10.2,11.6,5.5,21.8,10.9,5.0,18.9,0.9,0.6,0.7,17.2,55.1,0.4,22.6
Gadchiroli,Maharastra,921,915,164,67.1,22.7,1048,92.2,95.8,83.0,62.4,60.5,97.7,33.3,21.8,79.4,42.3,76.5,76.0,50.6,13.0,0.6,1.2,10.1,0.2,5.6,3.2,32.7,58.3,24.3,45.1,4.3,2.3,7.3,5.4,4.3,10.3,10.4,3.1,17.0,11.1,3.7,17.2,1.1,0.9,0.9,26.5,61.4,3.1,34.7
Chandrapur,Maharastra,922,965,175,78.9,19.6,974,92.4,98.9,96.5,77.3,85.1,97.4,28.9,17.4,87.8,57.5,80.1,78.1,60.1,1.6,3.1,1.0,11.9,0.3,4.5,2.7,39.1,57.4,26.5,43.5,5.2,2.4,8.8,6.3,3.8,11.3,12.4,4.8,20.7,14.0,4.1,20.6,1.0,0.2,0.6,11.3,49.1,0.5,20.8
Yavatmal,Maharastra,913,1001,177,77.6,22.1,986,79.6,97.2,89.5,66.4,71.8,94.6,29.0,25.6,80.8,38.9,78.3,75.7,64.6,0.0,1.7,1.0,7.5,0.6,5.5,2.9,22.4,62.2,23.2,31.1,5.8,4.3,10.6,5.4,4.1,10.7,10.5,3.5,17.2,12.3,4.0,18.2,1.3,0.4,0.0,12.3,46.6,0.7,20.1
Nanded,Maharastra,908,1026,164,68.1,24.8,970,75.6,96.4,94.8,68.0,64.5,96.9,15.7,24.2,71.9,31.6,68.1,67.3,58.5,0.0,1.5,1.6,5.3,0.0,9.2,4.3,15.3,49.9,22.9,37.0,4.9,3.6,9.1,5.5,5.8,12.1,8.9,4.6,16.7,10.2,4.2,17.3,1.6,0.2,0.0,5.7,36.7,0.2,14.1
Hingoli,Maharastra,907,1121,173,69.4,24.8,962,79.3,98.1,92.4,69.0,53.1,99.0,14.7,18.4,76.5,33.2,73.1,72.9,58.7,0.0,1.3,3.5,8.8,0.5,10.4,5.6,11.3,41.5,24.9,24.7,5.3,4.5,10.5,5.5,4.6,10.7,10.7,3.5,17.4,11.4,3.8,17.4,0.7,0.0,0.0,7.8,32.7,0.2,11.8
Parbhani,Maharastra,860,888,158,67.1,29.5,966,74.4,96.8,89.0,60.1,54.8,95.1,10.5,22.5,73.4,28.8,42.0,41.5,33.5,0.0,1.3,1.0,5.4,0.2,18.5,6.1,17.4,48.3,20.4,27.1,6.0,4.8,11.6,5.7,6.4,13.4,11.2,4.7,21.0,13.5,3.7,21.6,3.8,0.9,0.2,7.0,37.7,0.1,13.8
Jalna,Maharastra,863,937,145,67.6,26.9,948,75.0,95.7,82.8,63.6,56.4,97.6,9.7,33.8,71.8,34.3,49.7,48.9,34.7,0.1,1.6,2.6,9.6,0.1,13.1,3.9,15.7,43.3,23.3,21.4,5.5,4.4,11.0,7.4,4.8,13.0,12.5,4.2,21.8,17.9,3.3,24.8,2.4,1.4,1.9,7.0,32.5,0.2,11.3
Aurangabad,Maharastra,875,1011,147,78.4,27.4,978,83.2,97.0,91.7,69.1,78.4,98.9,12.4,31.6,83.1,48.4,48.1,46.0,28.8,0.0,2.4,2.8,11.7,0.3,17.1,5.1,11.8,44.4,20.3,24.7,6.5,5.5,13.1,8.0,5.0,14.1,11.5,5.2,20.8,14.3,4.0,20.9,2.5,0.2,0.4,7.9,33.8,0.2,13.7
Nashik,Maharastra,860,1023,155,78.2,25.5,913,94.2,95.3,86.3,68.3,72.5,91.6,14.7,16.7,80.0,42.6,55.0,54.0,41.3,0.3,1.5,1.8,8.8,0.2,12.0,4.6,10.7,55.7,25.6,37.6,4.4,4.8,10.3,5.2,5.6,12.0,13.3,5.4,22.5,16.6,7.2,26.1,0.4,0.2,0.0,15.4,35.0,0.2,12.2
Mumbai Suburban,Maharastra,635,552,64,88.5,20.2,921,92.7,99.2,99.8,62.6,98.7,99.5,20.2,30.8,91.6,65.7,64.6,58.7,37.5,0.0,2.2,0.9,18.0,0.0,10.4,3.4,20.4,48.2,12.2,58.3,8.1,9.9,19.7,7.9,11.0,21.0,15.7,4.4,26.6,18.0,4.6,28.0,3.2,2.1,2.1,5.9,20.0,0.3,10.0
Mumbai,Maharastra,826,779,127,92.5,16.2,939,100.0,99.6,100.0,58.6,98.3,98.3,30.7,38.3,94.3,71.1,74.3,71.7,47.0,0.0,4.1,1.9,18.1,0.2,4.9,1.9,19.2,77.8,12.0,54.4,9.2,6.3,17.5,11.4,6.1,18.2,14.1,2.1,21.0,16.9,3.3,23.3,1.0,0.0,0.2,5.3,20.3,1.1,16.0
Raigarh,Maharastra,905,918,172,73.7,21.3,1003,95.3,97.9,87.8,74.8,83.3,80.3,26.3,16.7,79.2,45.0,73.6,70.9,55.1,0.0,1.5,2.2,11.6,0.2,6.1,3.4,22.4,64.7,21.8,59.3,5.1,5.4,11.5,6.5,6.1,13.5,14.8,6.1,24.8,18.3,5.4,26.4,1.0,0.6,0.4,16.2,31.8,0.4,18.7
Pune,Maharastra,786,832,140,84.8,22.8,918,93.0,99.4,96.9,79.6,89.5,97.0,14.4,45.8,89.0,61.2,57.8,55.9,43.3,0.0,2.3,2.3,7.6,0.0,13.7,5.2,23.5,35.7,19.6,43.7,4.2,5.4,12.3,7.2,6.5,15.1,14.3,3.7,22.4,16.1,6.4,25.8,3.8,2.3,0.9,11.7,27.9,0.2,11.6
Ahmadnagar,Maharastra,883,993,139,77.4,23.0,967,85.7,94.5,90.0,79.5,77.4,95.5,12.0,21.6,86.2,45.7,69.5,67.4,56.6,0.0,1.7,1.0,8.0,0.0,8.3,2.6,19.5,31.7,21.5,44.6,5.0,4.4,11.0,5.4,5.2,12.5,13.4,5.1,23.6,16.0,6.3,25.3,1.3,0.2,0.2,14.7,37.7,0.2,10.5
Bid,Maharastra,877,864,146,64.6,24.0,934,68.1,94.8,85.4,66.4,54.4,96.3,9.3,14.8,76.3,38.6,58.1,56.7,42.9,0.0,3.0,2.2,8.4,0.1,13.9,4.5,14.5,48.5,20.8,30.4,5.2,3.8,10.5,6.0,5.5,12.9,15.0,8.0,26.4,16.9,5.9,24.1,4.9,0.8,0.7,6.0,37.8,0.5,9.8
Latur,Maharastra,906,1006,160,70.6,23.7,979,81.7,97.2,94.6,72.5,78.5,97.8,33.6,33.5,83.3,40.7,78.2,77.2,64.0,0.0,0.9,2.7,9.5,0.1,4.6,3.3,18.6,72.5,24.2,51.2,5.5,3.6,10.2,5.4,4.3,11.1,11.1,4.9,18.6,13.7,4.2,19.6,0.9,0.5,0.4,3.7,37.5,0.2,14.2
Osmanabad,Maharastra,919,916,147,71.3,24.7,992,88.7,96.8,96.4,71.2,69.7,97.5,14.8,32.7,83.7,41.5,78.9,77.1,62.1,0.0,1.7,3.0,9.7,0.6,6.4,3.3,28.5,58.1,19.1,44.5,4.9,3.8,9.5,5.8,4.4,11.2,14.1,6.3,23.5,18.1,6.4,26.2,4.3,0.0,0.0,8.0,44.2,0.3,12.4
Solapur,Maharastra,912,1003,153,72.0,25.7,962,90.8,97.1,90.4,67.8,73.1,96.5,20.5,26.2,76.4,36.0,75.7,74.2,66.4,0.0,1.7,2.3,3.7,0.0,5.6,1.7,35.1,54.4,21.2,52.1,4.8,5.1,11.1,5.2,6.4,12.2,16.2,6.5,25.7,18.9,5.0,26.2,1.3,0.3,0.5,10.2,39.2,0.3,13.1
Satara,Maharastra,896,978,149,78.5,20.6,1049,87.1,97.9,95.6,78.7,82.1,93.9,11.4,27.2,87.2,48.3,74.7,72.8,61.8,0.1,2.4,1.0,7.4,0.2,6.2,3.0,26.8,68.1,22.9,47.2,5.1,5.1,12.0,4.0,6.9,12.9,16.4,6.2,27.2,17.7,8.5,29.8,1.2,0.5,0.0,29.5,40.6,0.5,11.7
Ratnagiri,Maharastra,869,807,127,80.3,16.3,1069,95.5,99.2,90.9,85.6,58.1,91.1,16.6,26.6,87.2,41.2,62.3,60.5,50.1,0.0,1.6,1.0,7.6,0.0,10.4,3.8,22.0,57.5,25.8,53.2,8.1,7.7,16.9,6.2,9.3,16.5,18.2,8.1,32.4,21.1,8.7,33.9,1.4,0.4,0.2,18.4,31.3,0.5,13.0
Sindhudurg,Maharastra,861,722,115,83.1,16.2,1035,95.5,99.4,73.2,87.9,66.0,94.9,13.2,16.7,92.1,49.4,58.7,56.8,45.9,0.0,1.2,1.2,8.5,0.0,12.1,4.6,26.8,63.8,21.5,61.4,9.6,9.7,20.6,9.4,12.7,23.4,21.4,6.9,36.6,24.0,6.7,37.9,1.9,0.6,0.4,11.5,26.8,0.1,8.5
Kolhapur,Maharastra,887,986,150,80.2,20.7,1025,98.2,98.8,97.3,82.0,84.7,97.7,16.5,20.9,90.7,53.8,71.4,69.2,60.2,0.0,0.4,1.7,6.6,0.0,8.1,3.5,27.9,52.4,19.2,46.0,5.8,7.2,14.2,7.9,7.1,16.5,17.0,6.6,31.0,19.1,7.1,33.2,9.4,8.5,8.3,9.6,25.8,0.0,10.0
Sangli,Maharastra,898,966,152,80.4,21.4,1027,94.6,98.2,96.8,84.7,87.3,98.8,12.3,39.9,90.3,54.6,67.1,64.7,56.5,0.3,1.1,0.9,5.7,0.2,10.4,4.7,27.6,56.2,15.0,50.8,8.3,5.6,15.2,10.5,6.1,18.0,18.2,6.7,30.1,21.6,5.9,32.0,3.9,4.1,4.1,11.4,31.5,0.2,7.7
Palghar,Maharastra,890,941,131,77.5,22.6,963,91.7,97.7,91.1,75.1,75.0,86.5,18.8,33.8,77.6,48.3,71.8,66.0,49.6,0.1,1.2,1.9,12.4,0.2,8.2,4.0,21.6,53.0,27.9,61.9,4.9,6.1,12.2,6.5,5.6,12.9,16.0,3.6,23.4,16.0,4.1,22.4,1.8,0.4,0.0,8.3,26.2,1.4,22.4
Thane,Maharastra,755,756,91,86.1,22.5,982,91.1,99.3,96.7,74.7,90.4,97.5,22.7,15.6,90.5,55.9,61.6,57.1,37.6,0.0,1.7,1.7,16.1,0.0,10.3,5.3,24.7,56.9,18.9,62.2,6.5,7.8,15.7,5.9,6.7,13.9,13.9,6.1,24.5,19.2,7.1,29.7,4.3,3.0,4.8,6.9,24.2,0.4,15.6
Senapati,Manipur,859,837,120,79.6,33.0,1053,75.4,98.8,64.4,84.4,50.0,98.8,15.4,26.3,81.9,39.6,65.2,17.5,2.8,0.1,4.3,6.1,3.2,0.8,8.5,4.1,6.4,44.9,5.3,69.2,4.6,4.8,9.8,5.9,4.3,10.9,10.8,7.1,18.7,18.0,9.5,28.2,1.5,0.7,0.0,46.1,63.7,1.2,35.1
Tamenglong,Manipur,882,839,133,78.4,33.2,1032,51.8,93.6,51.6,77.9,30.5,99.5,16.8,25.4,76.8,33.1,65.2,22.2,3.9,0.0,12.3,1.5,4.4,0.0,8.4,3.2,4.0,52.5,4.6,64.5,6.3,4.6,11.7,7.4,4.7,12.7,15.7,4.9,21.5,21.1,7.5,29.4,2.2,0.7,0.3,17.2,52.2,2.2,33.9
Churachandpur,Manipur,847,872,119,84.0,34.1,1144,52.5,94.0,62.5,81.2,62.3,99.1,18.2,22.7,84.2,36.6,61.8,22.6,5.6,0.0,6.3,4.1,5.5,0.2,8.7,4.2,5.0,48.1,7.1,54.7,7.0,5.6,13.5,7.1,6.9,15.2,9.7,4.6,16.3,17.0,5.8,25.2,0.6,0.5,0.4,62.1,73.8,1.2,38.1
Bishnupur,Manipur,907,1043,140,81.5,26.4,1094,24.4,98.6,77.7,52.6,71.3,99.4,9.3,28.6,88.4,48.7,46.3,21.6,5.3,0.1,3.9,8.2,3.7,0.2,20.0,5.7,8.6,42.4,7.7,63.3,5.9,6.1,13.4,5.7,8.9,15.8,13.9,5.3,23.6,18.0,8.6,31.3,1.7,1.1,0.2,48.8,60.2,0.8,44.3
Thoubal,Manipur,893,1069,149,79.9,28.5,1095,40.4,98.6,72.5,61.3,74.7,99.8,19.1,37.4,85.4,40.7,72.2,17.8,2.4,0.0,5.5,4.9,4.8,0.2,6.0,2.3,2.0,54.2,7.3,74.9,4.2,5.4,10.6,5.5,6.2,12.9,13.8,6.5,23.2,20.4,10.5,33.4,2.9,0.7,0.2,47.9,58.5,1.0,34.1
Imphal West,Manipur,885,893,129,89.0,24.8,1041,49.6,99.4,89.1,58.7,88.6,99.0,15.7,23.4,92.5,61.9,69.9,16.4,3.5,0.1,4.5,3.0,5.2,0.0,12.5,6.4,7.1,35.4,6.3,70.6,7.7,7.2,16.6,8.5,11.8,21.8,16.4,6.1,27.5,24.5,10.1,38.4,2.5,2.0,1.9,38.0,52.3,0.5,39.3
Imphal East,Manipur,896,1021,161,87.2,26.0,1059,32.8,98.6,90.2,59.5,79.0,99.1,7.0,15.2,90.0,49.9,50.1,16.9,3.9,0.0,3.1,4.1,5.4,0.0,16.7,5.4,6.3,44.5,8.7,59.1,7.3,7.4,15.9,7.8,9.3,18.5,11.9,4.9,21.9,21.6,9.8,36.0,2.3,3.3,1.9,39.6,53.5,0.8,36.1
Ukhrul,Manipur,865,711,106,83.7,30.9,969,49.1,95.0,50.9,81.4,22.9,99.4,17.0,17.5,86.9,49.7,56.9,12.3,2.0,0.0,3.8,2.0,2.9,0.8,12.7,5.2,6.7,41.4,9.7,48.0,3.5,3.8,7.9,5.6,5.5,11.7,13.3,7.6,22.3,17.3,7.1,25.0,2.0,0.0,0.3,32.9,69.1,0.9,36.4
Chandel,Manipur,847,757,105,76.9,29.8,1077,53.7,99.9,68.6,85.2,52.0,99.4,16.1,17.6,80.2,43.3,56.6,23.6,4.9,0.0,9.0,4.3,4.9,0.3,11.0,4.8,10.6,49.9,3.7,71.2,5.7,6.7,13.4,8.0,5.7,14.5,12.7,7.4,21.7,19.8,7.7,28.2,1.1,0.0,0.1,47.9,64.7,1.2,39.1
South Garo Hills,Meghalaya,921,1088,143,89.2,31.4,984,53.8,98.6,60.4,88.4,22.3,83.6,79.5,20.1,88.6,38.4,37.6,33.3,3.8,0.0,9.0,15.8,2.8,1.6,25.3,14.4,20.3,63.7,6.6,67.7,10.0,2.1,12.8,18.3,5.1,23.7,10.1,1.1,15.8,16.6,3.3,22.8,0.2,0.0,0.0,9.7,50.7,1.4,33.1
Ribhoi,Meghalaya,927,1238,145,85.3,40.4,998,51.1,92.1,86.2,85.3,21.0,96.6,66.8,28.7,89.5,23.1,33.1,19.7,6.3,0.0,4.9,3.7,4.4,0.2,27.0,18.4,34.2,71.1,15.5,59.4,4.6,2.8,8.0,4.9,2.7,8.1,7.4,2.0,13.5,12.3,2.9,16.0,0.6,0.4,0.4,34.1,60.4,0.7,30.9
East Khasi Hills,Meghalaya,918,1066,131,88.7,34.3,1049,55.3,96.6,90.0,80.9,47.4,93.3,47.1,41.3,93.7,43.5,12.1,10.6,4.3,0.0,2.4,1.8,1.6,0.2,33.0,25.2,22.7,,11.6,49.3,2.7,3.5,9.1,3.6,3.4,9.4,11.2,5.6,24.5,14.5,4.3,25.0,1.3,1.3,0.8,29.8,51.9,1.2,24.0
East Garo Hills,Meghalaya,919,1280,198,90.9,31.1,1026,45.9,97.4,67.0,83.9,29.1,69.0,71.9,3.2,86.7,40.5,37.0,35.8,4.4,0.0,4.7,18.5,4.9,2.2,21.0,12.4,22.1,79.2,8.5,63.7,6.3,2.0,9.3,12.0,3.6,16.2,8.5,2.9,15.3,16.4,4.4,23.2,0.2,0.2,1.1,6.3,54.0,0.9,36.8
East Jantia Hills,Meghalaya,924,1311,200,76.0,46.1,1066,43.5,85.1,74.6,83.6,26.5,97.2,74.1,45.6,76.0,23.0,33.6,24.0,9.2,0.0,1.9,7.6,2.0,3.4,26.0,20.1,44.1,81.1,13.5,62.3,3.2,2.1,6.3,4.0,3.3,7.7,9.1,5.9,18.7,11.1,4.3,17.2,0.7,0.0,0.6,49.2,68.5,3.6,42.0
North Garo Hills,Meghalaya,923,1283,180,91.3,29.2,1009,43.8,97.5,51.5,84.9,24.4,84.1,60.8,12.7,86.1,38.4,19.2,17.7,2.9,0.0,3.4,7.4,3.2,0.7,25.2,12.9,8.0,70.4,7.7,65.9,7.8,2.7,12.2,11.8,4.1,18.7,10.5,4.6,20.0,15.7,5.3,25.4,0.0,0.0,0.2,3.8,54.1,2.2,40.2
South West Garo Hills,Meghalaya,921,1161,140,81.7,30.3,995,71.4,95.5,58.6,71.4,33.9,74.5,75.1,7.8,82.6,33.0,36.7,32.3,3.5,0.0,5.5,14.9,6.2,1.0,30.4,16.7,24.2,82.9,8.5,71.5,8.9,3.5,12.9,12.4,4.3,16.7,8.0,2.1,13.6,14.5,2.7,20.0,0.0,0.0,0.0,11.1,52.4,1.2,30.6
South West Khasi Hills,Meghalaya,924,1203,196,84.6,46.7,1025,49.5,87.9,85.3,89.6,11.6,99.7,72.3,44.2,85.9,23.4,26.5,15.7,6.2,0.0,1.2,5.6,1.2,1.1,26.2,20.1,42.8,82.3,17.2,53.5,3.2,2.2,6.3,4.2,2.6,6.9,10.9,4.4,18.5,12.8,5.2,19.0,0.2,0.0,0.2,50.0,63.7,1.1,31.7
West Garo Hills,Meghalaya,923,1090,158,88.7,30.8,1025,65.8,94.7,83.7,86.3,47.6,88.5,77.9,20.2,89.0,45.1,44.1,39.9,6.7,0.0,9.5,17.4,4.1,1.6,19.7,9.2,32.0,58.1,7.7,74.0,7.6,3.3,12.1,15.9,7.9,24.6,11.5,2.7,17.4,17.2,3.4,24.7,0.0,0.2,0.0,17.6,58.3,2.1,38.8
West Jaintia Hills,Meghalaya,924,1172,155,73.8,44.8,1143,55.7,75.4,70.6,75.1,20.7,97.3,65.6,33.3,80.0,24.7,19.3,17.5,4.5,0.0,2.5,7.1,1.0,2.4,29.3,21.7,31.4,70.4,9.6,59.1,3.8,3.5,8.8,4.4,2.8,7.8,9.0,3.3,18.0,8.6,3.2,15.5,0.5,0.1,0.4,44.8,64.7,1.3,36.9
West Khasi Hills,Meghalaya,924,1197,178,85.1,50.6,1038,49.0,85.0,80.5,87.8,8.6,97.3,60.1,34.8,87.4,16.4,26.3,15.3,9.3,0.0,1.6,2.8,0.5,1.1,25.8,21.1,43.4,72.8,14.6,57.8,2.3,2.6,5.6,4.3,2.7,7.6,9.1,4.8,16.0,11.8,3.8,16.4,0.8,0.0,0.2,50.2,73.3,1.6,34.4
Chandel,Mizoram,847,757,105,76.9,29.8,1077,53.7,99.9,68.6,85.2,52.0,99.4,16.1,17.6,80.2,43.3,56.6,23.6,4.9,0.0,9.0,4.3,4.9,0.3,11.0,4.8,10.6,49.9,3.7,71.2,5.7,6.7,13.4,8.0,5.7,14.5,12.7,7.4,21.7,19.8,7.7,28.2,1.1,0.0,0.1,47.9,64.7,1.2,39.1
Mamit,Mizoram,917,898,146,90.7,30.7,991,88.4,97.9,97.3,92.7,73.3,99.4,61.7,1.3,89.6,40.0,41.6,41.3,17.7,0.0,4.0,19.2,0.2,0.2,17.0,14.0,15.8,62.6,4.1,53.1,5.7,5.0,11.4,8.0,4.6,13.4,10.1,2.4,14.3,16.5,3.1,21.0,4.9,2.4,0.8,70.2,80.6,0.4,26.2
Kolasib,Mizoram,918,926,145,93.9,28.6,1002,96.3,99.1,95.3,96.8,87.5,99.7,61.1,1.4,96.9,41.7,38.1,37.9,16.7,0.0,2.2,17.4,1.6,0.0,15.6,11.7,18.7,73.9,5.9,48.8,9.0,5.8,15.7,6.6,6.6,13.8,10.3,4.0,16.5,16.9,5.7,24.3,6.3,1.9,0.7,70.6,75.3,0.9,21.7
Aizawl,Mizoram,876,894,115,97.8,25.1,1052,86.2,99.7,98.3,96.1,95.4,99.2,37.5,8.7,98.9,60.7,21.6,21.0,6.9,0.0,2.8,9.7,1.6,0.0,24.0,14.0,12.0,44.4,3.8,46.0,6.8,6.8,15.2,7.2,6.8,17.3,14.1,2.7,23.4,19.8,6.8,33.6,10.8,4.7,1.6,54.7,68.7,1.0,25.8
Champhai,Mizoram,902,806,150,93.3,27.2,944,98.3,100.0,98.6,98.3,79.4,99.8,64.9,4.9,97.7,47.8,50.0,49.6,22.5,0.0,4.2,19.6,2.5,0.2,11.2,8.3,24.9,70.0,5.8,52.1,6.9,5.8,13.4,7.4,6.1,13.9,9.1,4.5,16.1,13.9,3.9,19.6,3.7,0.6,0.2,66.7,74.5,1.6,21.3
Serchhip,Mizoram,915,917,134,96.8,29.0,981,93.4,99.3,97.7,98.2,81.8,98.7,58.8,1.5,99.7,43.1,40.0,39.4,15.6,0.0,2.6,19.5,1.8,0.0,15.9,11.8,17.3,59.8,5.9,47.4,7.0,5.8,14.2,7.2,5.6,13.8,7.7,2.5,11.6,12.5,3.1,17.7,8.0,1.5,0.8,62.7,74.2,0.4,22.4
Lunglei,Mizoram,915,973,128,89.8,24.6,1004,86.6,98.0,96.0,95.6,79.9,99.0,46.5,2.0,91.6,46.3,33.0,33.0,18.8,0.0,1.7,10.2,2.3,0.0,15.4,12.5,13.0,62.8,6.2,48.9,7.4,4.9,13.5,9.9,6.0,17.1,7.7,3.6,13.9,12.7,5.2,20.0,2.2,0.4,0.2,62.8,75.0,0.9,19.2
Lawngtlai,Mizoram,923,975,153,79.9,32.8,1051,85.4,89.0,82.2,90.3,56.3,97.0,31.3,3.6,76.0,32.2,29.7,29.1,12.2,0.0,1.6,12.1,2.8,0.3,17.3,13.0,11.3,59.1,7.1,44.4,6.6,4.3,11.4,9.0,5.5,15.4,8.2,3.2,13.0,12.9,5.4,20.3,2.7,1.5,0.5,65.4,77.2,0.9,27.2
Mon,Nagaland,899,832,123,79.4,23.5,1006,50.9,96.4,86.7,86.4,13.0,99.5,39.3,4.5,78.2,24.3,68.7,55.6,12.6,0.0,31.8,7.2,2.2,1.1,3.7,0.6,11.2,79.8,8.7,73.8,5.2,3.7,9.0,7.4,5.5,13.0,13.1,7.1,20.4,25.3,10.0,35.7,0.3,0.3,0.0,6.9,52.4,0.2,23.7
Mokokchung,Nagaland,921,892,118,88.0,20.4,1041,29.7,97.7,97.4,96.7,46.2,98.7,22.3,7.3,94.0,55.8,66.7,52.5,16.0,0.0,25.8,6.1,3.3,0.0,6.4,3.4,11.4,70.3,11.3,73.0,4.6,3.8,8.6,4.5,5.5,10.1,14.7,7.9,23.2,21.6,6.9,28.9,0.0,0.4,0.0,22.2,53.0,0.4,23.4
Zunheboto,Nagaland,924,778,103,87.4,22.2,1132,51.0,99.4,91.0,88.9,18.6,99.1,18.1,0.0,87.1,40.2,68.8,56.5,19.3,0.0,28.2,5.5,1.9,0.2,2.8,0.7,14.8,70.4,5.6,74.9,5.7,5.3,11.1,5.2,4.6,9.9,22.5,10.5,33.2,29.2,11.8,41.2,0.2,0.4,0.7,8.0,48.9,0.2,21.3
Wokha,Nagaland,921,789,124,85.8,21.4,1105,47.5,99.7,83.4,88.5,41.2,98.9,20.6,2.2,91.6,45.3,64.6,50.1,15.7,0.0,22.0,6.0,4.7,0.2,3.2,1.4,10.8,58.1,8.8,44.0,6.2,5.8,12.2,10.4,8.2,18.8,16.0,7.6,24.3,23.2,12.0,35.7,0.0,0.0,0.0,12.9,50.4,1.1,27.2
Dimapur,Nagaland,912,1053,155,89.8,24.5,1010,61.6,99.8,92.4,81.1,84.2,98.7,5.7,5.3,86.6,52.5,46.9,38.4,15.7,0.0,9.6,9.1,3.4,0.0,14.3,5.8,7.3,36.7,9.6,59.9,6.8,4.7,12.0,5.6,7.4,14.1,11.0,5.2,18.6,12.0,6.9,20.8,0.2,0.0,0.7,16.4,44.0,1.7,25.7
Phek,Nagaland,919,931,154,80.5,24.3,1021,31.2,99.4,98.1,90.1,24.2,98.3,24.9,9.2,85.8,39.4,56.3,47.1,15.1,0.0,21.7,4.1,5.1,0.4,6.5,3.5,11.3,63.1,14.8,59.8,5.1,3.9,9.0,7.5,5.8,13.4,14.8,10.3,25.9,21.1,12.2,33.8,0.0,0.0,0.0,9.9,45.5,0.9,24.1
Tuensang,Nagaland,924,987,142,80.5,32.8,946,26.5,96.6,90.4,92.0,19.7,98.2,22.0,5.5,77.8,27.0,52.6,37.4,9.9,0.0,15.6,5.8,3.2,0.5,12.9,5.9,7.9,51.7,15.9,58.8,4.3,1.9,6.4,7.0,3.4,10.5,12.3,7.8,20.4,17.1,6.8,24.3,0.9,0.7,0.5,14.9,50.2,0.6,18.5
Longleng,Nagaland,924,873,132,81.2,28.8,969,12.7,99.1,76.3,86.6,11.8,98.6,38.3,1.6,82.0,23.8,66.5,56.3,16.4,0.0,32.2,3.8,2.2,0.1,4.3,2.9,9.4,55.0,14.4,41.7,6.0,3.8,10.2,9.6,4.7,14.5,14.1,7.2,22.6,20.5,8.7,30.0,0.8,0.6,0.7,7.9,54.0,0.5,24.0
Kiphire,Nagaland,922,799,125,77.4,32.4,954,28.1,97.9,90.9,83.1,16.4,99.7,8.8,3.5,73.7,22.0,42.5,32.7,5.8,0.0,20.2,3.8,2.5,0.2,17.3,10.2,9.7,66.1,13.9,58.7,5.7,2.0,7.8,7.0,3.7,11.7,10.2,4.1,15.3,15.3,5.2,22.0,1.2,1.1,0.9,10.1,44.2,1.0,15.8
Kohima,Nagaland,923,817,132,90.4,18.7,954,42.8,99.5,89.9,87.4,61.7,99.7,26.7,16.1,95.2,70.9,60.7,46.7,18.6,0.0,19.0,4.5,3.1,0.4,9.1,7.2,11.6,51.5,11.7,60.3,3.6,2.8,6.6,6.0,3.8,9.9,15.2,9.8,25.7,19.8,11.2,31.1,0.1,0.4,0.4,14.4,47.9,1.2,27.4
Peren,Nagaland,923,943,148,81.1,28.5,1079,19.3,98.2,92.5,89.4,31.4,99.5,5.4,4.3,77.6,35.5,58.6,42.0,9.9,0.0,19.0,7.0,4.0,0.5,6.2,4.5,8.2,75.9,6.6,65.9,4.1,3.7,8.0,7.5,7.0,14.6,13.2,5.1,19.8,19.7,7.2,27.7,0.3,0.2,0.2,13.4,49.2,1.4,26.1
Central,NCT of Delhi,804,897,101,84.4,23.9,901,87.1,99.8,99.7,77.0,98.8,96.8,22.6,24.8,84.7,57.1,68.5,49.8,17.6,0.6,5.7,2.1,22.9,0.5,9.4,3.3,11.9,59.8,10.4,66.9,4.5,5.7,11.7,6.0,7.9,15.8,15.7,7.0,26.5,25.3,12.9,41.5,1.5,1.1,2.5,3.4,27.8,0.3,19.8
East,NCT of Delhi,887,1055,158,84.4,24.6,885,94.7,99.5,98.4,78.0,99.1,98.1,30.7,9.5,84.3,57.2,81.9,60.3,17.3,0.0,5.8,2.4,32.8,0.0,2.6,0.7,23.3,87.6,11.9,79.1,4.6,5.1,11.7,4.1,7.0,12.9,16.6,6.2,25.8,22.2,9.4,33.8,0.1,0.2,0.0,1.5,25.0,0.4,19.8
New Delhi,NCT of Delhi,852,924,170,85.9,25.3,859,84.8,100.0,99.1,69.4,98.3,98.1,25.2,22.9,83.9,57.9,77.0,59.9,17.8,0.3,7.3,2.6,30.8,0.0,5.3,1.8,16.4,66.7,12.8,58.3,4.0,6.0,12.0,4.8,6.8,12.7,14.8,7.0,25.8,21.8,10.8,33.8,1.5,0.7,1.2,2.4,29.0,0.0,28.2
North,NCT of Delhi,800,929,120,80.8,25.9,905,77.7,99.8,99.3,70.2,98.1,93.8,18.1,10.2,81.9,53.9,57.4,47.3,17.7,0.1,6.6,3.2,17.8,1.1,15.7,5.8,13.1,82.4,9.2,61.5,4.0,4.8,10.6,5.8,6.1,13.9,11.6,6.0,21.3,20.7,9.5,32.9,1.1,0.9,1.0,2.8,30.3,0.4,23.5
North East,NCT of Delhi,869,1057,155,82.7,25.8,906,91.3,99.9,98.2,89.5,99.7,96.3,19.4,14.6,85.1,59.8,79.0,57.8,12.9,0.3,6.8,1.7,34.2,0.2,5.1,1.7,20.5,72.4,9.6,64.7,3.6,7.5,12.9,3.8,9.6,14.5,16.6,7.5,27.2,24.9,10.1,37.0,1.0,0.0,0.0,3.1,24.1,0.2,14.6
North West,NCT of Delhi,868,996,164,84.2,24.4,904,93.2,100.0,99.7,88.2,99.1,97.6,28.2,3.7,86.4,62.9,80.0,60.5,18.8,0.1,7.7,2.4,28.8,0.6,5.3,1.6,17.8,58.0,9.0,60.9,5.0,7.9,14.4,5.9,7.6,14.7,14.3,5.1,24.1,20.8,6.3,29.9,0.4,0.2,0.0,1.3,24.1,0.4,22.0
Shahdara,NCT of Delhi,888,1151,174,83.1,23.2,935,85.5,99.9,99.8,83.4,99.8,96.4,21.5,24.9,85.5,58.4,78.0,56.1,14.9,0.0,5.6,2.7,30.2,0.4,4.6,2.1,22.1,79.3,11.0,83.9,3.6,6.4,12.3,4.4,6.3,12.5,15.3,6.9,26.1,23.1,9.8,35.0,0.8,0.4,0.4,1.8,24.6,0.7,18.1
South,NCT of Delhi,875,990,147,83.5,22.9,922,87.5,99.9,100.0,89.5,97.7,98.6,28.7,23.3,86.6,61.6,83.2,62.0,21.9,0.2,6.1,1.7,31.5,0.4,2.6,0.8,10.2,64.4,10.1,75.6,4.8,6.5,12.1,5.8,9.4,15.9,15.2,4.5,22.3,22.3,6.1,30.4,0.4,0.2,0.4,3.8,28.2,0.7,25.1
South East,NCT of Delhi,897,1096,193,83.9,22.1,949,93.7,99.7,100.0,83.8,99.1,96.8,24.5,12.7,86.8,65.5,84.1,65.2,18.0,0.4,6.9,3.5,34.3,0.4,2.6,1.0,26.1,86.9,7.7,80.7,3.7,5.0,9.9,4.8,4.3,10.3,15.8,5.3,23.7,19.5,6.6,27.8,0.6,0.2,0.5,1.6,20.8,0.8,19.5
South West,NCT of Delhi,891,1064,151,86.6,22.8,881,95.4,100.0,99.7,86.2,99.3,96.8,37.7,22.5,88.3,68.4,78.5,60.8,21.2,0.4,6.4,2.4,29.4,0.2,4.6,1.5,23.9,76.9,9.0,61.5,3.8,7.4,12.6,7.4,8.6,17.0,13.3,3.0,19.5,16.7,7.7,26.5,0.5,0.0,1.6,1.8,27.4,0.6,23.0
West,NCT of Delhi,855,1000,167,83.3,25.4,953,88.8,100.0,99.8,76.8,99.0,96.3,21.0,16.1,83.2,56.3,75.4,56.6,18.9,0.1,7.5,4.1,24.6,0.1,7.0,1.5,9.2,62.9,10.5,59.6,4.5,6.2,12.9,5.2,7.5,14.4,13.3,6.7,23.8,23.3,9.1,34.1,0.4,0.0,1.9,2.0,28.5,0.5,24.3
Bargarh,Odisha,896,891,145,72.1,22.2,957,76.2,98.4,98.0,61.9,31.9,99.0,45.5,9.3,75.7,37.4,75.4,55.7,33.2,0.0,3.3,11.6,6.0,0.3,5.1,1.6,28.0,80.9,19.0,57.5,7.5,7.8,15.7,6.5,8.3,15.4,14.2,5.1,22.6,17.6,4.8,24.3,0.4,0.4,0.9,21.2,40.1,2.2,28.3
Jharsuguda,Odisha,854,904,133,77.8,19.6,956,78.6,98.1,88.4,70.0,41.8,98.9,37.7,8.1,81.0,40.9,81.4,50.3,28.0,0.2,3.3,9.1,8.4,0.2,3.7,1.3,25.5,93.5,21.2,63.0,6.9,8.6,16.6,5.9,12.1,19.0,11.5,4.6,20.4,17.3,5.0,25.3,0.2,0.0,0.2,20.6,45.9,2.3,30.4
Sambalpur,Odisha,890,876,133,74.6,22.6,1067,83.7,98.8,93.0,62.4,42.6,97.8,49.3,4.3,76.6,36.5,77.1,58.1,32.6,0.3,2.5,14.5,5.5,0.4,9.1,3.6,24.2,83.9,19.7,71.2,6.7,4.4,11.7,9.2,6.4,16.6,14.3,5.0,22.2,18.2,4.1,24.5,0.3,0.3,0.0,22.4,50.8,7.6,40.0
Debagarh,Odisha,857,859,114,71.8,25.0,1053,67.9,95.3,86.2,69.9,18.4,98.8,57.5,9.8,69.5,31.3,74.1,42.8,21.9,0.0,4.1,11.9,3.8,0.2,6.8,2.4,21.0,71.4,23.3,54.7,5.6,4.5,10.7,8.2,7.9,16.9,11.8,5.5,20.1,17.0,7.8,27.5,0.9,0.0,0.2,20.8,59.2,6.9,44.2
Sundargarh,Odisha,862,883,119,72.0,21.9,1030,69.7,97.1,91.5,65.5,40.2,99.4,39.3,6.0,74.1,35.6,79.7,47.9,24.9,0.5,4.6,11.0,5.5,0.5,2.4,0.6,25.1,77.4,21.1,61.7,5.8,5.7,12.4,5.7,7.3,13.6,12.6,5.4,21.1,17.2,6.5,25.3,0.2,0.0,0.2,21.9,52.2,11.5,45.9
Kendujhar,Odisha,892,971,128,68.2,27.2,1115,61.1,91.1,92.9,47.6,27.9,98.4,43.3,6.6,67.0,29.5,77.6,45.8,21.3,0.0,3.7,13.8,5.4,0.1,3.8,1.4,16.9,67.2,25.9,58.4,5.8,4.7,11.3,7.1,7.7,15.8,14.4,5.4,24.1,18.4,5.2,25.1,0.2,0.0,0.0,34.9,64.2,13.6,43.2
Mayurbhanj,Odisha,896,921,123,63.0,26.0,1056,65.5,90.3,80.1,54.4,16.1,98.9,46.5,10.1,61.5,25.1,76.3,50.8,25.0,0.3,2.9,14.9,5.4,0.1,5.9,2.5,18.4,69.4,30.2,61.3,4.3,3.8,8.8,4.9,6.7,12.3,14.3,8.9,26.1,19.0,7.8,28.8,0.5,0.2,0.0,34.9,62.2,17.0,45.6
Baleshwar,Odisha,893,856,100,77.1,25.0,1073,70.5,97.1,98.5,70.9,28.4,95.2,40.6,7.7,76.5,38.3,68.3,49.7,21.0,0.2,2.0,18.3,7.1,0.2,9.3,2.8,21.7,59.0,23.9,57.2,5.5,5.1,12.2,5.4,7.4,13.8,12.1,5.9,22.9,20.2,6.6,29.5,1.4,0.4,0.8,29.8,44.9,4.3,20.2
Bhadrak,Odisha,853,936,106,81.2,26.8,1150,69.0,97.8,100.0,62.0,22.9,98.8,44.9,18.6,82.6,37.0,72.0,50.4,28.5,0.0,1.1,15.4,3.9,0.3,11.8,5.3,14.3,67.8,24.7,58.8,6.5,5.8,13.7,7.0,9.2,17.5,12.5,5.1,21.7,17.0,5.9,26.1,1.5,0.4,0.0,34.1,59.8,0.3,18.0
Kendrapara,Odisha,833,860,111,84.3,25.1,1127,67.6,99.5,99.7,57.3,27.9,98.9,50.0,12.8,86.7,42.5,64.7,34.3,20.6,0.2,1.1,7.4,4.5,0.2,12.3,4.2,22.0,48.3,20.5,59.1,6.5,7.4,15.7,7.7,11.3,21.6,12.4,5.4,21.9,14.2,6.9,24.8,1.3,0.6,0.4,30.9,54.9,0.5,19.1
Jagatsinghapur,Odisha,885,889,103,84.7,20.4,1095,57.7,98.2,99.5,60.1,30.5,98.2,56.8,15.4,86.3,46.6,71.9,38.8,22.0,0.0,2.1,6.8,7.3,0.5,11.5,3.5,13.5,56.5,12.9,64.2,6.6,9.1,16.9,7.5,11.6,21.4,14.8,7.1,26.2,19.4,7.4,30.2,1.6,0.5,0.3,25.7,51.1,0.4,19.1
Cuttack,Odisha,879,845,130,80.6,21.3,1019,69.8,98.2,92.3,60.2,45.1,98.9,42.3,14.6,83.2,40.9,84.4,47.0,26.1,0.2,2.8,8.2,8.5,0.5,3.7,1.1,9.8,53.3,15.7,63.7,7.9,8.8,17.8,8.3,11.3,21.1,12.1,4.6,22.7,16.2,6.8,27.1,2.9,0.4,0.0,25.8,51.0,0.5,20.2
Jajapur,Odisha,889,959,140,78.7,25.4,1018,61.9,97.0,92.0,47.4,28.4,98.7,53.9,8.5,78.4,38.0,76.2,44.9,27.1,0.0,1.9,7.8,7.2,0.1,9.0,2.0,11.9,54.1,24.4,58.5,6.6,7.7,15.2,7.0,9.6,17.5,13.6,6.1,23.8,17.6,7.2,28.0,4.6,0.6,0.6,34.4,58.8,3.4,21.9
Dhenkanal,Odisha,845,857,98,76.2,25.4,1047,64.2,96.3,63.4,58.2,28.8,98.0,55.2,19.4,77.1,33.3,75.9,48.2,31.5,0.3,1.4,10.7,3.4,0.3,8.1,2.4,23.9,64.0,18.9,59.6,7.0,7.1,14.7,5.9,10.8,17.0,13.0,7.4,25.3,15.0,7.3,26.0,0.6,0.0,0.0,28.2,56.0,2.6,29.6
Anugul,Odisha,913,964,148,73.2,24.5,1027,68.7,96.7,76.2,66.4,23.8,97.1,63.1,10.6,74.6,33.7,85.8,52.6,25.7,0.0,2.8,16.3,6.6,0.3,2.9,1.5,11.9,62.0,20.6,63.6,8.4,6.5,16.1,8.1,9.1,18.2,10.2,3.7,18.9,13.5,4.6,21.1,1.8,0.0,0.0,17.2,56.9,3.9,32.9
Nayagarh,Odisha,881,917,132,76.1,23.1,1083,71.8,98.3,82.9,67.1,42.3,98.1,49.3,9.6,81.9,27.1,78.2,43.7,31.7,0.1,1.7,4.2,5.5,0.0,4.6,1.5,32.2,81.8,13.1,68.5,9.9,9.7,20.7,10.1,12.5,24.0,10.4,5.9,22.0,10.6,5.0,18.8,1.0,0.2,0.0,16.9,54.3,0.3,20.9
Khordha,Odisha,827,927,116,84.4,22.2,1024,84.4,99.5,94.6,73.2,63.3,99.7,43.2,11.6,85.7,43.2,74.7,42.4,24.5,0.4,2.0,5.6,8.4,0.3,7.4,1.7,28.9,73.8,10.0,69.0,9.1,11.9,22.1,8.5,14.6,25.0,10.1,3.8,20.2,14.6,5.0,25.1,0.0,0.0,0.2,20.1,44.7,0.5,20.5
Puri,Odisha,870,930,120,83.3,21.6,1045,82.8,99.5,98.5,67.3,34.4,97.7,61.5,13.3,87.7,38.1,74.4,48.6,31.1,0.0,2.7,7.7,5.8,0.0,7.3,2.9,31.8,82.6,12.9,64.2,8.9,10.6,20.7,9.5,12.3,23.1,10.6,4.9,20.8,14.3,5.4,23.3,0.9,0.2,0.5,25.5,52.6,0.0,19.4
Ganjam,Odisha,849,955,111,68.6,24.6,1165,72.8,99.3,89.6,72.9,63.7,98.9,51.9,11.5,71.9,32.6,59.2,46.7,33.9,0.0,1.1,3.9,6.4,0.1,16.9,5.8,32.3,80.1,11.2,68.3,6.6,8.3,15.3,9.1,11.4,21.8,12.4,7.1,23.4,16.6,9.1,29.7,0.3,0.3,0.7,17.9,45.1,0.2,23.5
Gajapati,Odisha,855,883,109,55.5,28.2,1087,72.5,94.1,78.1,58.3,28.9,88.3,39.6,7.8,50.5,22.5,76.2,53.9,40.7,0.5,2.0,6.6,0.8,1.1,5.4,2.2,26.2,80.2,23.5,68.6,5.6,4.8,10.9,6.2,4.5,12.0,12.6,4.1,19.7,16.4,7.0,24.9,0.3,0.3,0.0,16.5,36.2,5.4,28.8
Kandhamal,Odisha,915,1015,152,64.2,29.0,1052,74.4,96.6,64.4,52.4,24.1,97.7,54.5,8.2,70.3,28.1,76.7,49.6,19.2,0.3,6.3,16.1,5.8,0.3,4.5,2.5,24.4,72.0,21.0,71.8,4.7,5.2,10.5,7.1,4.9,12.3,16.8,5.7,24.4,17.7,6.2,24.8,0.4,0.2,0.2,25.5,52.0,1.5,31.3
Baudh,Odisha,916,970,140,68.6,25.9,1009,66.0,96.3,92.5,52.9,30.9,95.5,44.7,20.0,71.0,29.9,70.7,45.3,21.5,0.2,1.8,15.6,5.4,0.0,5.2,2.1,28.5,67.3,22.1,71.7,5.1,5.2,10.8,7.5,7.1,15.0,13.4,5.1,20.9,17.2,5.7,24.0,1.2,0.2,0.2,19.1,42.7,0.9,25.1
Subarnapur,Odisha,911,947,144,74.4,23.5,974,78.3,98.7,94.2,66.7,41.6,98.5,45.8,7.7,79.2,37.8,77.4,57.0,27.9,0.0,4.4,18.8,3.6,0.2,5.8,1.7,25.8,88.0,20.5,69.0,6.8,5.9,13.0,6.5,5.6,12.8,15.4,4.6,22.4,15.3,4.0,20.5,0.5,0.2,0.2,17.9,39.4,0.8,21.5
Balangir,Odisha,909,989,143,69.3,23.9,1056,74.3,97.8,92.9,66.3,32.6,98.2,44.0,9.0,69.8,31.4,77.8,58.6,34.9,0.1,2.9,15.1,3.6,0.2,3.4,1.8,30.8,84.9,21.5,66.2,5.6,4.7,10.8,8.9,6.6,16.0,14.7,2.7,20.1,18.1,3.5,24.4,0.2,0.0,0.0,23.7,44.2,0.8,27.6
Nuapada,Odisha,881,944,139,60.9,27.2,1060,63.2,94.6,97.5,58.4,23.2,99.0,45.3,12.1,57.2,27.3,71.4,54.9,34.1,0.1,4.4,11.2,3.6,0.8,7.3,2.4,38.3,73.8,30.7,54.0,5.5,4.7,10.6,6.2,5.2,12.2,13.9,6.0,21.4,16.7,5.7,23.6,0.5,0.0,0.8,23.7,48.6,0.9,34.6
Kalahandi,Odisha,919,1034,161,62.5,25.8,1051,66.5,97.2,96.5,64.4,28.9,97.6,48.6,16.2,63.8,26.5,75.9,48.6,29.4,0.2,1.8,11.3,4.4,0.1,4.0,1.6,36.1,80.7,23.8,58.1,5.2,6.0,11.7,7.2,6.9,14.4,16.5,7.8,26.4,18.7,6.1,26.2,0.0,0.0,0.0,23.2,50.5,0.8,30.1
Rayagada,Odisha,880,910,135,50.8,30.9,1110,68.8,96.6,91.3,50.5,30.2,96.5,45.5,8.9,45.1,19.1,72.7,45.3,30.6,1.5,2.2,6.7,1.9,0.7,6.1,2.6,30.1,77.3,26.7,57.3,6.6,5.4,12.8,6.9,8.4,16.0,9.5,7.2,19.5,15.2,8.1,25.1,0.2,0.2,0.2,29.1,47.0,4.9,32.5
Nabarangapur,Odisha,916,1017,155,52.9,31.8,1060,60.4,97.4,99.1,44.1,19.0,96.7,48.4,6.5,41.0,15.5,77.1,56.3,30.7,0.0,2.5,18.5,2.3,0.1,3.4,2.1,27.5,86.9,30.9,73.4,3.9,2.9,7.1,5.2,4.9,10.3,15.7,4.0,20.8,18.0,3.4,22.6,0.2,0.0,0.0,34.4,61.2,6.0,36.2
Koraput,Odisha,885,982,140,50.6,29.7,1079,60.2,96.2,89.5,39.4,31.5,96.4,54.6,6.8,41.7,17.6,65.4,56.0,34.8,4.0,3.6,8.4,3.3,0.0,6.6,2.9,44.9,84.8,27.2,56.1,5.0,2.9,8.1,7.0,5.3,12.7,13.5,6.7,21.1,17.4,6.4,24.5,0.0,0.0,0.2,32.7,58.0,11.5,37.3
Malkangiri,Odisha,916,1080,137,48.9,34.1,1137,60.9,95.8,94.7,41.4,20.9,96.5,47.0,15.6,41.3,14.0,74.1,53.4,34.3,1.0,4.2,9.1,2.4,0.1,4.4,2.0,37.1,82.8,38.6,62.8,7.4,3.6,11.6,7.4,6.0,13.9,10.5,4.9,17.1,13.5,6.3,20.7,0.6,0.0,0.0,33.5,54.9,18.4,42.1
Yanam,Puducherry,919,968,157,80.9,21.8,1089,94.7,99.8,100.0,84.1,98.6,83.3,29.2,20.1,83.3,51.6,79.6,78.5,71.8,1.9,0.9,0.4,2.9,0.2,1.2,0.3,34.9,59.4,8.5,65.0,6.3,13.2,22.0,8.9,14.0,24.7,16.3,7.9,32.2,20.0,8.4,33.3,0.7,0.2,2.3,0.8,10.3,0.2,18.8
Puducherry,Puducherry,845,830,110,83.8,20.1,1106,91.3,100.0,100.0,84.6,95.0,93.8,31.3,20.9,91.7,67.2,66.5,62.1,53.3,0.3,1.9,0.5,5.2,0.5,11.4,3.1,24.6,60.3,8.1,51.1,7.0,9.1,19.1,6.6,11.8,21.0,11.5,3.5,22.7,20.0,6.1,31.1,9.2,5.0,1.9,2.1,14.0,0.3,27.3
Mahe,Puducherry,893,981,154,99.2,16.8,1164,96.8,99.7,98.0,99.8,90.9,99.8,23.6,14.4,99.7,88.2,73.6,65.9,54.4,0.0,1.6,0.1,9.0,0.0,6.8,4.9,12.4,74.1,6.2,65.6,14.6,9.2,27.1,14.6,10.5,28.6,20.2,9.3,33.3,24.8,9.4,37.7,4.3,2.1,1.6,1.0,12.6,0.6,23.2
Karaikal,Puducherry,863,890,113,86.3,21.9,1132,95.9,99.6,99.9,84.3,81.2,93.0,26.9,33.1,89.6,59.0,59.7,57.9,51.3,0.0,1.8,0.4,3.9,0.1,10.2,3.7,28.8,73.8,12.7,61.8,7.3,13.0,22.4,6.5,13.5,22.8,12.1,4.1,20.5,14.5,6.6,24.4,3.0,2.5,0.1,5.1,19.5,0.0,32.4
Kapurthala,Punjab,853,968,154,79.2,21.8,998,91.7,99.8,99.4,87.7,84.2,93.9,20.7,2.4,85.3,60.3,61.0,47.2,22.1,0.8,1.6,1.6,20.5,0.0,13.4,4.4,19.5,86.4,11.5,68.3,6.4,8.4,15.8,7.2,7.4,15.9,19.5,8.6,32.3,24.9,8.8,36.2,2.3,0.0,0.0,0.2,11.6,0.2,22.3
Jalandhar,Punjab,867,898,141,82.1,21.7,997,95.5,99.6,99.9,88.2,82.3,94.7,25.9,6.5,88.1,64.4,66.6,40.1,14.9,0.2,2.0,1.0,21.0,0.3,8.8,2.1,26.9,81.2,11.9,66.3,5.8,10.7,17.8,6.4,7.4,14.8,20.3,8.5,32.5,27.2,8.3,37.5,3.3,0.2,1.0,0.7,11.3,0.3,22.5
Hoshiarpur,Punjab,883,1027,155,89.0,19.9,999,98.5,99.9,99.9,89.7,77.3,97.4,27.7,18.3,92.8,73.2,65.6,46.3,20.4,0.1,1.2,1.4,22.6,0.0,11.9,5.7,22.8,,10.8,75.8,5.3,6.5,12.9,7.6,5.8,13.8,22.4,11.1,35.9,29.0,13.1,43.0,4.3,0.2,0.0,0.2,10.1,0.3,16.4
Shahid Bhagat Singh Nagar,Punjab,889,1103,162,82.3,20.9,1004,97.7,100.0,99.7,91.3,76.4,97.7,23.3,10.8,89.9,65.4,66.1,49.4,19.4,1.3,3.0,0.5,25.0,0.1,10.8,4.4,22.8,77.8,9.8,70.6,8.1,6.3,15.1,8.5,6.9,15.8,21.0,9.3,32.7,29.8,11.9,42.8,3.5,0.3,0.1,0.2,10.9,0.2,18.7
Fatehgarh Sahib,Punjab,841,905,147,80.1,21.1,899,97.6,99.6,99.7,87.6,74.3,93.8,35.1,7.6,87.2,62.3,71.6,44.1,16.3,1.0,2.0,0.8,23.6,0.1,7.7,2.3,28.4,66.1,9.8,66.8,6.5,9.4,17.2,6.9,8.2,16.1,18.1,8.7,31.8,22.1,10.1,35.1,2.3,0.6,0.8,0.2,12.3,0.1,23.6
Ludhiana,Punjab,799,817,134,81.4,21.3,918,95.6,99.7,99.9,84.6,83.2,94.9,25.2,2.2,85.3,61.6,69.8,50.5,21.2,0.3,1.8,0.5,26.6,0.0,8.3,3.8,25.1,88.9,10.1,80.8,6.8,7.6,15.3,5.6,8.6,15.5,15.1,6.9,26.3,21.3,8.0,32.2,0.8,0.4,0.3,0.5,13.5,0.3,20.8
Moga,Punjab,869,1032,187,72.0,22.8,906,87.3,99.9,99.2,87.8,71.5,96.4,23.7,17.0,76.0,45.2,75.0,60.0,25.6,0.6,3.2,1.9,28.2,0.0,8.0,2.7,16.7,70.0,13.4,73.2,5.8,8.0,14.9,6.2,6.0,12.8,18.3,9.6,31.2,23.1,10.3,35.3,0.5,0.0,0.0,0.3,16.9,0.5,30.4
Muktsar,Punjab,849,1022,173,68.5,23.2,942,87.3,99.5,97.8,82.9,72.9,95.2,23.9,10.8,72.7,39.8,72.0,59.7,31.3,0.6,3.0,1.7,22.6,0.3,6.2,2.3,13.3,81.9,18.4,68.1,6.5,6.6,13.5,6.6,5.3,12.6,15.1,6.0,24.4,20.9,9.6,32.0,0.5,0.0,0.2,0.4,20.8,0.3,32.0
Faridkot,Punjab,856,968,142,71.7,23.4,924,91.8,99.0,92.5,87.5,79.1,94.0,20.4,6.7,75.3,46.5,56.3,47.7,24.7,0.2,3.0,2.3,17.1,0.3,15.7,5.0,13.4,78.4,16.3,69.1,5.3,9.1,15.1,7.9,7.7,16.5,13.2,7.6,26.1,21.7,10.9,35.4,0.9,0.3,0.7,0.1,18.6,0.2,27.6
Bathinda,Punjab,824,908,155,68.7,21.5,861,82.9,100.0,99.1,88.4,78.1,91.5,20.1,6.0,72.5,41.1,45.3,40.7,17.5,0.8,6.2,2.5,13.2,0.1,17.7,4.9,16.8,72.5,16.5,67.7,5.3,6.9,14.0,6.0,7.1,14.5,16.0,9.5,32.2,26.5,15.6,45.1,2.3,0.8,0.5,1.0,20.3,0.5,30.1
Mansa,Punjab,888,1080,153,63.6,23.0,924,84.3,99.5,99.3,85.4,52.3,97.3,18.4,10.0,69.4,37.5,67.6,57.2,30.9,1.0,7.3,2.2,15.7,0.0,7.2,2.8,19.0,66.7,16.1,65.1,5.3,5.7,11.6,4.4,5.8,10.9,17.1,9.6,30.2,25.9,14.8,42.2,3.4,0.3,0.0,0.4,16.9,0.3,28.4
Patiala,Punjab,841,981,142,76.9,20.2,922,92.4,99.7,99.1,88.1,80.4,94.3,33.8,4.3,78.6,56.0,71.7,49.3,23.1,0.6,2.8,1.2,21.1,0.3,7.5,3.8,22.8,78.4,14.0,76.9,7.5,10.1,18.5,5.5,8.1,14.8,16.7,6.6,28.7,21.0,9.4,34.3,0.2,0.2,1.2,0.3,11.2,0.4,21.9
Amritsar,Punjab,836,965,169,78.0,22.9,921,90.7,99.9,99.6,86.0,82.9,88.9,26.2,3.6,81.7,56.7,68.9,57.6,26.2,0.8,2.7,0.6,26.3,0.0,9.7,3.7,24.5,81.7,9.6,72.4,5.4,7.3,13.5,6.3,6.4,13.0,23.7,9.4,35.9,26.6,14.9,43.0,6.5,0.8,0.4,0.2,8.2,0.1,18.3
Tarn Taran,Punjab,877,1045,137,68.6,25.8,978,96.4,99.7,95.6,82.0,66.2,97.3,25.0,3.1,68.6,40.4,73.7,60.7,32.6,0.5,2.3,1.2,23.7,0.0,8.0,4.1,19.2,80.6,12.5,81.8,5.0,6.8,12.2,4.6,5.3,10.3,18.8,9.3,31.1,22.9,10.7,36.1,0.3,0.0,0.7,0.1,6.8,0.5,23.4
Rupnagar,Punjab,816,969,109,81.8,21.5,991,95.9,99.8,98.5,84.0,63.9,96.9,37.8,7.7,88.9,64.0,71.8,49.8,25.6,0.3,1.8,1.3,20.5,0.0,10.8,3.5,25.2,58.9,13.4,76.7,6.9,11.2,19.5,8.4,11.0,20.7,14.0,7.0,27.2,19.0,8.3,31.9,0.0,0.0,0.4,0.5,11.5,0.3,20.0
Sahibzada Ajit Singh Nagar,Punjab,821,873,107,84.3,20.9,876,89.7,99.6,99.9,87.6,88.9,96.8,31.0,11.0,86.7,62.5,76.5,53.6,20.1,0.4,2.4,1.0,29.7,0.0,4.7,2.4,29.4,69.6,9.5,64.3,6.5,9.5,17.1,7.2,9.9,18.1,14.3,6.8,27.7,21.6,8.3,34.0,1.3,0.0,0.0,0.5,12.3,0.6,20.9
Sangrur,Punjab,858,1052,150,73.5,21.2,937,86.2,99.6,99.7,92.4,69.8,95.3,18.7,14.5,79.8,54.4,57.0,48.2,23.3,0.0,4.3,2.7,17.9,0.0,12.3,3.4,19.4,82.8,14.1,70.3,3.3,7.0,11.2,5.4,6.5,12.6,19.1,9.5,32.9,26.2,13.4,41.8,2.6,0.7,0.5,0.6,12.7,0.3,22.0
Barnala,Punjab,853,956,158,72.4,21.7,883,90.9,99.8,99.8,90.7,73.5,93.8,20.7,24.5,78.8,53.1,69.3,53.6,25.8,0.6,3.2,2.9,20.7,0.2,9.4,3.6,17.0,69.4,13.0,78.7,4.8,8.4,14.5,6.6,6.9,13.8,19.1,9.5,32.8,25.4,12.4,40.0,0.5,0.5,0.7,0.3,14.0,0.3,28.5
Fazilka,Punjab,897,1131,187,70.8,23.7,944,79.9,99.8,97.3,81.8,57.1,97.1,20.6,9.8,72.8,41.3,68.0,56.3,28.6,0.2,4.3,2.7,20.1,0.1,7.1,2.6,12.2,68.6,19.4,63.3,6.0,6.8,13.3,6.2,7.2,14.0,16.8,6.2,27.9,25.3,8.9,36.2,5.2,0.2,0.0,0.4,17.5,0.3,20.8
Firozpur,Punjab,901,1176,172,72.5,23.7,958,81.6,99.6,95.6,84.8,68.6,97.6,21.0,8.5,75.7,47.5,77.3,63.3,31.0,0.3,6.9,1.2,23.3,0.3,5.4,1.8,14.8,70.4,12.6,64.9,5.7,6.9,13.2,6.0,6.0,12.7,18.7,8.0,29.7,20.6,10.6,33.9,9.4,0.0,0.2,0.1,12.6,0.3,26.4
Gurdaspur,Punjab,855,960,137,79.0,23.7,952,89.2,99.1,97.6,85.4,81.3,95.2,23.5,5.0,84.4,64.6,58.5,43.3,17.1,0.3,3.3,1.7,20.8,0.2,15.4,6.0,27.7,96.3,11.1,82.6,5.2,8.4,15.1,6.0,6.3,13.8,22.0,11.2,36.8,25.7,11.2,39.2,0.3,0.2,0.0,0.4,7.9,0.6,21.3
Pathankot,Punjab,851,935,125,82.8,20.9,952,95.8,99.9,98.6,79.2,79.8,96.6,27.0,0.0,90.5,74.0,62.6,42.7,15.5,0.0,1.7,2.8,22.2,0.0,10.5,3.6,25.1,81.3,11.0,84.7,4.7,9.3,15.1,5.1,4.5,10.1,20.4,10.0,33.0,23.9,7.5,32.5,0.9,0.4,0.5,0.4,15.8,0.3,24.3
Ganganagar,Rajasthan,985,1409,223,68.6,24.9,957,87.0,96.9,94.4,83.4,45.5,98.1,85.3,6.8,71.0,39.3,81.1,72.8,48.5,0.6,2.0,2.9,17.7,0.0,5.1,3.6,32.4,54.5,14.3,69.9,3.8,5.1,9.5,3.9,3.8,8.4,10.3,2.2,16.2,12.8,3.0,18.3,0.2,0.0,0.0,2.1,29.0,0.5,15.6
Hanumangarh,Rajasthan,989,1372,223,65.1,25.1,1015,89.1,99.0,97.8,83.8,36.2,97.7,89.0,9.1,69.7,38.4,80.2,70.7,49.9,0.7,1.1,5.1,13.2,0.4,6.1,3.2,21.7,49.4,19.3,69.9,3.9,3.0,7.4,4.1,4.1,8.5,11.5,4.0,20.0,15.7,4.8,22.6,0.8,0.4,0.6,1.5,36.1,0.1,13.0
Bikaner,Rajasthan,966,1473,241,64.6,30.2,968,77.3,96.1,94.9,79.8,51.4,95.7,87.4,5.8,64.3,30.2,79.5,67.5,43.4,0.1,1.7,1.7,19.9,0.1,4.6,2.7,23.6,42.5,17.8,65.1,3.9,2.7,7.3,4.8,2.8,8.5,6.2,2.2,12.0,8.4,1.4,11.8,0.0,0.2,0.2,3.4,38.0,0.4,8.8
Churu,Rajasthan,982,1493,225,62.9,29.0,1037,76.5,96.6,98.2,80.2,40.6,90.9,81.9,6.8,66.0,33.4,76.7,68.4,43.5,1.7,0.9,5.2,15.8,0.2,7.6,3.5,25.3,42.8,20.3,55.0,2.9,2.6,6.2,3.6,4.0,8.9,13.1,5.4,21.2,16.6,6.5,25.4,0.5,0.1,0.4,5.0,39.9,0.4,9.1
Jhunjhunun,Rajasthan,976,1388,186,66.8,24.8,1063,77.6,99.0,98.4,79.0,55.5,94.9,86.1,6.1,76.1,45.2,77.8,69.1,48.3,1.0,0.5,4.0,14.4,0.2,7.1,3.7,26.8,52.3,20.0,58.9,2.9,2.9,6.7,3.6,3.7,8.2,12.5,5.0,20.7,18.0,5.6,25.6,0.7,0.2,0.2,5.9,39.9,0.7,12.4
Alwar,Rajasthan,935,1182,152,64.0,29.4,991,65.0,97.8,97.6,66.0,34.9,92.6,80.8,24.5,65.6,35.1,54.6,47.3,34.0,0.4,2.2,1.5,8.5,0.6,12.0,5.9,13.5,54.7,24.3,53.0,3.0,1.7,5.0,3.3,3.4,7.2,13.1,5.3,20.3,15.7,8.7,25.8,1.5,0.6,0.2,9.7,42.5,0.3,13.3
Bharatpur,Rajasthan,950,1225,168,62.4,31.7,970,67.7,98.3,93.9,62.7,24.3,89.8,84.8,12.2,63.1,30.3,61.2,48.4,35.9,0.0,0.7,1.8,8.5,0.4,11.3,4.7,19.3,47.9,23.5,48.7,3.0,3.2,6.7,3.1,3.7,7.7,11.4,4.9,19.1,16.4,4.5,23.6,1.4,0.3,0.6,10.5,47.5,0.2,12.1
Dhaulpur,Rajasthan,974,1220,187,63.2,34.9,1002,50.5,97.5,94.8,57.5,36.5,78.0,89.0,16.2,59.9,27.0,67.9,52.9,35.1,0.0,1.3,2.2,11.5,1.2,10.9,4.5,17.5,54.2,21.5,47.2,3.0,2.6,5.8,4.0,3.0,7.3,8.6,3.7,13.4,10.3,3.8,15.1,0.4,0.6,0.0,9.9,48.0,0.2,9.9
Karauli,Rajasthan,979,1167,176,56.5,32.1,996,65.5,98.7,94.8,49.9,24.2,84.7,86.4,13.1,54.8,22.7,72.7,61.2,49.5,0.0,1.0,1.5,7.5,0.7,6.9,3.6,22.4,60.3,23.0,47.6,3.7,2.0,6.0,5.0,2.4,7.8,7.5,1.7,10.6,9.5,2.8,13.2,1.0,0.0,0.2,17.3,51.6,0.4,7.0
Sawai Madhopur,Rajasthan,934,1118,177,57.4,28.9,999,63.0,95.5,92.5,71.2,29.1,92.5,80.5,11.6,57.4,28.3,58.7,50.2,37.1,0.1,0.3,2.4,9.4,0.4,11.5,5.3,15.4,49.2,25.8,59.6,3.0,2.0,5.5,4.4,2.8,8.2,9.6,3.7,15.4,13.7,4.7,19.8,0.2,0.2,0.2,13.9,47.1,0.6,7.3
Dausa,Rajasthan,982,1332,208,59.4,29.2,986,67.6,99.0,99.4,59.4,22.6,92.8,91.2,15.9,62.2,34.6,80.0,68.7,54.6,0.3,1.2,1.8,10.2,0.2,5.2,3.1,14.7,58.5,22.7,45.6,4.4,2.6,7.4,5.5,2.6,8.5,7.8,3.0,12.2,11.0,4.0,16.1,1.2,0.3,0.0,15.8,47.5,0.2,7.2
Jaipur,Rajasthan,957,1241,198,68.1,25.6,944,81.9,99.5,99.9,79.6,60.1,95.3,81.5,19.8,73.8,47.9,76.9,66.7,44.8,0.4,1.7,2.0,16.9,0.4,5.4,2.8,20.2,58.8,16.6,60.6,4.2,2.9,7.9,4.8,2.8,8.5,9.1,3.1,14.7,11.7,3.3,16.5,1.3,0.4,0.1,6.3,33.1,0.2,7.7
Sikar,Rajasthan,971,1458,203,67.9,27.5,1061,74.8,99.2,99.4,77.9,58.4,94.5,82.4,9.1,73.3,41.4,75.2,63.3,38.6,0.4,2.2,4.7,17.2,0.2,10.3,4.7,20.2,58.0,21.4,52.7,2.9,2.6,6.3,4.7,2.7,8.8,12.1,4.3,19.4,15.1,5.2,22.0,0.3,0.1,0.3,7.0,35.1,0.2,9.8
Nagaur,Rajasthan,985,1601,221,62.9,27.6,1055,86.7,99.0,96.9,79.0,45.7,92.3,90.0,4.7,67.8,32.3,83.4,69.3,40.9,0.2,1.4,6.6,19.4,0.5,4.4,2.2,22.2,64.6,18.9,52.3,3.4,3.1,6.9,4.6,3.1,7.9,10.6,2.9,15.6,12.7,3.3,17.5,0.1,0.1,0.1,5.9,44.0,0.3,7.5
Jodhpur,Rajasthan,978,1535,239,64.8,30.3,1042,83.3,98.4,96.5,75.4,56.1,94.5,87.5,1.7,68.2,34.6,78.9,66.4,41.0,0.0,1.6,4.8,18.0,0.3,5.7,3.2,21.5,70.8,16.9,52.8,3.1,2.2,6.3,4.8,2.4,7.5,8.7,2.6,13.1,12.8,2.6,16.5,0.0,0.2,0.3,6.9,43.6,0.2,7.5
Jaisalmer,Rajasthan,979,1537,237,61.7,32.9,987,83.1,97.3,95.2,75.7,30.9,93.0,93.7,1.5,63.5,18.7,83.0,68.2,49.3,0.3,1.5,3.3,12.5,0.9,5.6,2.8,25.5,54.4,16.3,62.3,2.7,2.0,4.9,5.0,3.2,8.8,6.7,1.7,9.7,12.7,2.1,15.8,0.0,0.0,0.0,5.0,44.9,0.1,10.5
Barmer,Rajasthan,973,1621,237,67.0,31.4,986,88.7,95.5,99.9,83.6,26.8,92.5,97.8,3.4,67.6,25.6,77.9,66.7,46.3,0.0,0.5,4.5,13.5,1.4,5.1,2.8,26.8,73.6,19.7,50.6,4.3,3.6,8.2,5.9,4.2,10.2,6.6,1.1,8.5,8.8,1.6,10.9,0.2,0.0,0.0,3.9,49.1,0.4,11.4
Jalor,Rajasthan,927,1318,193,59.5,31.1,982,94.0,98.4,98.3,77.4,36.5,97.0,96.6,0.7,62.6,22.2,54.2,46.2,34.2,0.0,0.5,2.1,8.7,0.3,14.8,6.9,27.2,75.7,19.7,55.7,4.3,4.4,9.1,6.2,4.3,10.8,7.9,1.6,10.4,9.0,1.6,11.5,0.1,0.1,0.1,6.5,44.2,0.5,9.9
Sirohi,Rajasthan,951,1304,190,59.4,29.5,1060,65.8,93.9,93.6,54.1,46.0,94.1,92.0,4.2,62.2,25.7,67.9,61.5,43.0,0.2,2.5,4.3,10.3,1.1,8.9,3.7,30.1,71.7,17.7,76.9,3.0,1.7,5.1,5.1,2.9,8.6,10.8,2.1,14.2,14.2,3.4,18.7,0.3,0.0,0.3,8.7,39.9,0.3,13.5
Pali,Rajasthan,929,1236,159,67.1,27.3,1085,90.4,99.7,96.2,81.8,53.1,96.2,96.2,3.4,76.3,36.6,57.8,47.6,33.5,0.1,1.1,2.9,9.1,0.4,12.9,5.2,30.6,65.1,16.3,65.9,5.4,3.6,9.5,8.4,5.1,13.8,8.5,1.9,13.0,12.2,2.7,16.5,0.0,0.0,0.0,4.6,40.1,0.1,9.0
Ajmer,Rajasthan,894,1082,146,67.3,26.7,993,83.4,99.9,98.1,77.5,52.9,97.7,88.7,10.1,70.2,40.2,60.6,56.6,41.1,0.1,0.5,2.4,12.0,0.3,11.9,5.2,27.4,48.1,14.2,59.9,3.8,2.9,7.5,3.3,3.7,7.9,6.8,3.3,14.5,7.8,2.5,13.1,0.4,0.2,0.2,4.1,38.6,0.2,12.4
Tonk,Rajasthan,966,1240,187,54.8,25.9,987,67.5,97.8,90.9,66.2,24.1,96.9,84.5,15.2,56.4,27.3,69.1,61.3,47.3,0.1,1.3,1.9,9.0,0.6,8.7,4.4,16.5,51.1,23.8,60.0,3.0,2.4,5.8,3.2,2.9,6.5,9.9,4.8,16.7,14.1,4.7,20.1,0.1,0.0,0.3,8.6,47.6,0.5,12.1
Bundi,Rajasthan,984,1253,190,57.9,28.4,1002,81.9,98.4,95.7,56.3,26.5,94.9,87.7,9.3,57.9,27.4,75.8,66.6,46.1,0.0,0.3,3.9,14.2,0.9,7.1,4.0,29.1,63.2,29.6,53.8,3.4,2.0,5.9,3.4,4.0,8.0,10.5,4.6,17.2,13.4,4.0,19.0,0.0,0.2,0.2,13.8,52.8,0.5,11.5
Bhilwara,Rajasthan,952,1147,171,57.1,29.2,1069,83.4,99.3,93.1,62.3,26.5,96.2,89.1,10.3,58.1,25.3,71.1,58.9,41.8,0.1,2.2,1.6,12.2,0.4,7.2,4.6,25.4,83.9,16.3,70.4,3.9,2.4,6.7,6.2,4.1,10.7,10.7,3.5,15.4,11.3,3.7,15.7,0.0,0.0,0.0,4.2,41.9,0.4,11.5
Rajsamand,Rajasthan,919,1153,152,64.2,27.6,1065,79.1,98.9,94.8,72.1,37.1,97.5,93.2,5.4,69.7,33.9,56.6,50.7,36.9,0.0,1.0,1.9,10.0,0.2,14.7,7.4,22.0,54.4,18.1,56.6,3.9,2.2,6.8,4.4,2.4,7.9,8.6,2.6,15.1,11.4,2.1,15.4,0.0,0.0,0.0,4.8,44.6,0.1,11.6
Dungarpur,Rajasthan,972,1359,223,64.6,28.8,1029,72.7,99.4,94.1,59.9,27.3,96.6,97.5,3.4,68.2,32.5,70.7,60.8,41.6,0.0,2.9,2.9,12.2,1.3,5.9,1.8,16.0,71.2,26.8,63.7,5.7,4.0,10.1,9.1,5.7,15.1,9.9,1.9,12.9,11.7,2.4,14.9,0.0,0.0,0.3,3.6,40.8,0.3,11.4
Banswara,Rajasthan,976,1172,170,55.9,31.7,1056,58.9,93.1,95.6,40.8,21.1,88.4,84.2,4.7,54.8,28.5,70.4,58.5,43.5,0.0,0.6,2.2,8.5,1.7,8.1,3.1,39.0,68.2,23.3,77.0,5.7,3.1,8.9,6.2,4.4,10.8,12.7,3.1,17.1,15.2,3.6,19.4,0.0,0.0,0.0,5.8,38.7,0.8,18.1
Chittaurgarh,Rajasthan,972,1090,141,55.3,26.1,1037,73.3,99.0,97.6,63.8,31.3,97.3,90.6,4.4,57.5,24.8,66.9,49.6,33.5,0.1,1.6,2.1,9.6,1.1,8.1,3.2,33.5,72.4,20.2,68.0,5.6,2.9,9.1,8.0,4.0,12.3,11.9,4.3,18.3,14.9,5.1,21.1,0.2,0.2,0.3,3.7,44.4,0.5,10.5
Kota,Rajasthan,979,1278,158,74.7,23.9,981,84.4,99.4,99.6,79.0,72.3,96.0,80.9,15.7,77.9,44.0,77.2,68.3,39.9,0.0,2.1,2.5,22.7,0.8,4.6,2.7,31.1,59.5,15.5,57.3,3.1,1.8,5.8,5.0,2.1,7.8,10.0,2.8,15.9,14.1,3.8,20.2,0.3,0.3,0.7,9.2,43.2,0.3,12.6
Baran,Rajasthan,985,1301,227,61.7,28.4,1019,60.0,98.3,96.1,59.0,39.6,94.1,89.5,6.8,59.7,24.4,78.9,71.8,51.3,0.0,1.0,3.0,13.0,2.8,4.0,2.9,23.0,66.1,20.5,53.0,4.5,2.1,7.2,4.8,2.5,7.6,7.6,2.9,12.6,10.6,3.4,15.6,0.2,0.0,0.0,19.3,57.0,0.8,16.2
Jhalawar,Rajasthan,977,1209,177,55.6,25.7,977,76.2,99.3,92.4,62.1,33.8,95.5,93.6,4.6,56.3,22.4,74.4,67.8,49.3,0.0,0.4,1.9,13.8,0.7,6.8,4.3,27.4,67.2,19.8,59.0,4.6,2.7,7.7,6.4,2.0,8.8,9.4,3.8,15.0,12.7,3.6,17.3,0.2,0.0,0.3,9.8,55.4,0.4,15.1
Udaipur,Rajasthan,961,1277,191,63.8,27.6,998,82.3,98.1,92.7,60.3,34.3,98.4,94.3,3.9,64.2,30.1,75.5,65.7,43.8,0.0,3.5,3.4,13.5,1.3,4.4,2.1,34.6,71.1,17.5,70.4,5.4,2.8,8.8,6.6,3.3,10.5,10.0,3.2,14.4,13.1,2.4,16.5,0.0,0.0,0.0,4.5,42.5,0.3,14.4
Pratapgarh,Rajasthan,978,1199,177,57.0,30.7,1038,71.0,97.0,88.6,46.3,23.0,90.4,84.5,9.0,55.4,23.5,72.0,61.8,46.1,0.5,1.0,1.8,11.9,0.1,6.0,3.1,30.5,76.0,24.1,67.2,3.5,1.7,5.4,6.1,3.5,9.9,11.8,3.4,16.5,13.3,4.5,18.7,0.2,0.2,0.0,2.7,37.8,0.4,18.0
North  District,Sikkim,882,768,112,78.5,21.0,997,76.3,98.9,94.7,83.8,65.9,99.0,24.5,24.9,81.4,37.7,75.7,61.0,19.0,0.6,7.5,17.5,9.8,5.4,12.8,6.9,28.6,50.4,3.4,73.0,6.5,4.7,11.6,8.4,6.5,16.0,22.3,13.1,39.0,25.1,19.5,47.7,1.2,0.4,0.0,9.9,35.4,22.7,43.5
West District,Sikkim,906,1034,150,81.8,19.2,959,83.1,98.8,89.9,88.9,69.8,98.1,19.9,28.2,85.7,43.9,88.2,70.8,8.0,3.0,11.0,33.0,9.2,1.8,4.3,1.1,19.8,69.1,3.0,83.4,3.5,3.7,7.4,7.0,6.1,13.6,23.0,8.9,32.7,30.4,13.7,45.1,0.5,0.5,0.7,8.9,44.9,20.5,50.9
South District,Sikkim,880,745,114,80.2,19.9,973,87.2,99.6,93.3,91.7,66.5,99.4,20.8,39.1,90.5,45.7,85.0,67.6,19.0,3.0,6.6,20.1,9.5,9.0,5.2,2.8,24.3,67.2,4.6,84.8,6.6,4.0,12.5,9.1,6.0,17.6,19.6,15.8,41.0,29.7,16.1,49.6,1.6,0.0,0.0,15.8,47.4,15.0,38.1
East District,Sikkim,848,724,93,86.4,19.3,1008,68.4,99.4,93.6,85.0,87.6,97.7,29.9,47.4,90.1,53.2,54.3,42.8,14.7,0.8,3.9,11.6,9.1,1.6,17.7,7.2,17.0,52.9,7.7,68.3,7.4,5.5,14.6,6.7,8.1,15.8,15.4,11.0,31.6,19.1,12.0,34.2,0.1,0.0,1.2,11.2,37.9,14.5,35.9
Thiruvallur,Tamil Nadu,806,775,124,83.5,21.6,979,94.3,99.8,100.0,75.6,93.4,83.8,57.4,38.6,85.9,57.2,67.9,66.0,59.1,0.0,3.8,0.7,2.2,0.2,9.3,3.4,21.9,61.3,10.5,49.7,6.3,12.1,22.5,6.4,14.1,23.4,13.2,6.3,26.4,19.6,9.3,32.4,10.8,7.9,3.9,1.7,18.3,0.1,26.7
Chennai,Tamil Nadu,743,660,101,92.7,18.0,1037,98.8,99.9,98.7,90.4,97.7,97.0,58.2,,96.1,76.7,65.8,63.6,55.7,0.4,4.9,0.0,1.7,0.0,6.9,2.5,23.0,86.6,7.4,59.5,10.6,14.2,27.2,10.7,8.4,22.1,16.0,7.0,28.8,21.1,7.6,33.2,8.6,6.3,1.1,0.7,8.9,0.1,16.1
Kancheepuram,Tamil Nadu,816,796,102,85.0,19.2,1002,93.8,99.4,99.4,75.9,88.1,88.8,59.7,44.2,84.5,56.8,69.3,67.3,59.6,0.2,4.7,0.2,2.3,0.2,7.2,4.2,15.7,62.1,12.6,48.9,6.7,13.2,22.9,6.0,15.1,24.3,12.2,6.5,24.3,18.9,8.6,32.0,6.8,6.8,1.7,4.5,17.5,0.8,28.9
Vellore,Tamil Nadu,880,886,108,80.0,22.4,1070,91.7,99.3,97.7,76.2,85.3,93.8,71.4,16.6,84.7,52.5,65.2,63.2,59.5,0.0,3.1,0.0,0.5,0.2,6.7,3.6,32.7,98.9,11.4,51.5,8.1,11.1,20.4,8.0,12.4,21.4,14.1,7.1,25.9,16.8,6.4,25.6,1.8,0.5,0.2,4.3,14.4,0.3,23.0
Tiruvannamalai,Tamil Nadu,874,786,108,75.5,20.9,1109,91.6,99.0,98.5,61.7,70.7,90.3,69.6,24.8,81.7,50.2,71.9,68.7,64.5,0.0,3.1,0.0,1.0,0.2,5.1,3.3,28.0,76.9,12.6,50.3,6.7,10.1,18.8,8.0,12.1,21.8,12.3,3.9,19.2,16.5,6.2,25.8,8.0,4.3,0.6,4.8,17.2,0.2,24.2
Viluppuram,Tamil Nadu,859,812,109,73.6,24.8,1120,93.0,99.7,98.4,53.8,68.6,88.1,77.6,29.0,77.8,45.7,71.6,68.6,62.6,0.2,3.2,0.7,1.3,0.2,7.4,1.8,24.6,75.8,17.2,45.0,6.6,9.2,17.7,6.7,11.7,19.9,10.0,4.2,19.0,16.6,7.1,26.1,14.7,8.8,3.7,8.8,25.1,0.2,38.1
Salem,Tamil Nadu,882,754,99,74.4,20.1,1057,91.9,99.5,97.6,64.5,84.5,95.7,67.5,3.4,83.2,51.3,69.0,64.1,56.0,0.0,4.0,1.1,2.1,0.6,5.6,1.4,41.7,86.8,10.1,53.0,7.7,8.3,18.0,8.7,11.2,22.7,16.4,6.5,26.6,24.2,7.8,34.0,15.6,14.6,1.7,6.5,23.5,0.2,24.1
Namakkal,Tamil Nadu,888,700,109,73.5,17.3,1142,93.6,99.2,99.5,75.2,89.7,95.7,68.8,,88.9,55.7,65.2,62.3,55.3,0.0,4.1,0.0,1.9,0.6,6.5,2.3,32.9,85.5,9.4,58.3,8.0,9.9,19.7,9.5,12.4,24.0,14.1,7.3,25.6,20.8,8.0,31.5,1.7,1.0,0.0,6.6,19.8,0.1,27.1
Erode,Tamil Nadu,877,774,110,73.1,18.2,1112,93.8,99.6,98.9,67.6,95.9,97.6,77.7,20.7,83.1,57.8,70.6,67.4,61.3,0.0,3.6,0.4,1.8,0.2,4.9,2.0,51.5,96.4,11.4,58.5,6.4,8.3,16.6,6.2,6.9,16.1,17.0,9.0,29.5,25.7,6.7,36.1,15.1,8.7,0.7,11.1,26.2,0.1,23.5
The Nilgiris,Tamil Nadu,904,850,120,85.2,19.7,1093,96.6,98.6,96.4,83.6,81.5,98.4,74.5,29.3,90.6,63.4,77.9,74.7,68.9,0.0,4.5,0.2,1.0,0.1,6.0,1.6,35.3,88.9,10.8,62.2,5.4,6.5,13.6,8.2,5.9,15.0,20.0,10.9,34.2,21.9,9.8,32.9,23.2,12.3,1.2,6.8,21.5,1.1,25.9
Dindigul,Tamil Nadu,924,951,142,77.8,24.4,1066,97.0,98.8,99.5,61.0,76.3,81.6,71.9,38.0,81.0,50.1,74.2,71.4,62.2,0.0,6.9,0.8,1.1,0.3,6.3,2.8,29.8,84.8,12.9,71.6,8.2,12.1,22.1,11.9,12.0,25.1,16.6,5.7,25.7,24.3,6.8,34.2,5.8,2.1,0.7,6.5,27.7,0.1,26.0
Karur,Tamil Nadu,862,689,93,73.2,19.1,1154,95.6,98.7,99.4,63.6,72.5,94.2,74.6,30.0,80.5,51.2,65.8,63.5,58.3,0.0,3.9,0.0,0.9,0.4,7.5,2.3,30.3,77.6,17.9,53.3,9.4,12.7,23.4,10.8,16.2,28.9,12.9,7.1,24.1,18.9,6.1,29.1,12.1,5.8,0.2,5.9,25.5,0.4,29.0
Tiruchirappalli,Tamil Nadu,851,764,89,80.7,21.5,1123,94.9,99.0,98.1,67.1,71.2,94.2,67.8,15.8,84.8,57.1,68.1,61.5,49.6,0.0,6.8,1.1,2.6,0.6,11.1,4.4,28.0,87.8,16.7,62.5,8.6,12.6,22.7,10.4,14.9,26.5,12.0,5.4,21.4,18.4,6.0,28.9,11.2,5.4,2.2,3.5,19.8,0.4,25.7
Perambalur,Tamil Nadu,860,724,87,73.1,22.6,1210,94.0,99.1,100.0,57.4,75.1,92.7,75.5,32.6,83.0,49.0,63.1,58.9,48.7,0.0,7.7,0.6,0.9,0.0,11.4,3.1,30.2,83.3,18.0,46.4,8.4,10.3,21.0,7.0,13.7,23.2,11.7,3.8,19.8,16.7,5.6,26.1,17.2,10.3,3.3,5.5,20.3,0.2,29.1
Ariyalur,Tamil Nadu,864,765,93,73.5,22.4,1143,91.7,98.2,93.2,54.6,46.7,81.6,71.1,21.6,77.4,50.7,61.4,60.2,49.6,0.0,8.3,0.0,0.9,0.1,7.0,3.1,31.4,86.9,15.6,49.2,8.7,11.7,22.0,8.7,13.9,24.7,12.4,4.5,20.6,18.5,6.3,27.5,5.6,4.3,0.4,8.7,20.7,0.1,28.1
Cuddalore,Tamil Nadu,876,859,98,76.8,22.9,1062,83.3,99.2,99.5,61.3,75.6,88.1,64.4,15.9,80.5,50.1,65.3,63.5,58.1,0.0,2.7,0.4,1.8,0.0,9.2,3.6,24.0,75.1,14.8,55.2,8.3,11.0,20.5,7.4,11.5,20.7,11.8,4.5,20.1,16.9,8.3,27.0,7.1,4.6,0.6,7.5,24.4,0.6,32.6
Nagapattinam,Tamil Nadu,862,794,96,79.2,20.8,1148,87.6,99.0,100.0,69.6,59.0,93.3,70.9,34.6,89.3,53.7,65.9,61.9,53.9,0.0,5.8,0.1,1.8,0.2,8.5,2.3,20.9,70.4,19.4,45.6,6.5,11.4,19.4,6.7,11.3,19.9,13.3,7.1,24.5,19.9,9.4,32.1,15.7,11.0,2.2,10.4,24.9,0.3,34.3
Thiruvarur,Tamil Nadu,864,783,98,84.9,19.6,1131,86.8,98.6,100.0,71.0,58.9,94.6,75.2,24.2,91.2,57.5,70.2,66.7,59.0,0.2,4.3,0.3,1.6,0.0,9.6,4.7,26.2,78.4,15.4,58.9,10.6,14.4,26.5,8.7,15.4,25.9,14.4,5.1,23.8,18.0,7.8,31.0,17.7,10.4,0.7,11.5,24.3,0.4,32.2
Thanjavur,Tamil Nadu,826,687,83,80.6,19.6,1112,82.6,98.8,99.7,79.6,69.4,95.3,70.6,30.1,86.4,54.3,64.8,60.6,51.7,0.0,4.9,0.2,2.6,0.3,9.5,2.7,23.3,66.0,12.7,54.8,7.8,12.9,23.3,7.6,18.4,29.0,17.0,7.0,28.8,19.7,10.0,34.6,9.0,4.5,2.2,7.6,22.4,0.5,30.0
Pudukkottai,Tamil Nadu,895,871,101,74.7,23.7,1095,86.9,98.9,95.7,55.2,42.0,90.6,72.9,12.4,83.7,52.2,68.0,64.3,55.8,0.0,6.0,0.7,1.2,0.0,12.2,5.6,24.6,82.3,20.3,59.8,6.5,9.4,18.5,6.6,13.8,23.0,11.7,5.3,23.0,17.3,7.5,30.2,13.4,7.6,2.5,7.6,28.3,0.8,31.7
Sivaganga,Tamil Nadu,922,887,106,78.8,21.8,1223,90.4,99.4,96.5,74.4,75.2,93.2,67.7,10.5,88.0,59.9,67.3,66.1,59.7,0.0,4.9,0.0,0.5,0.2,7.0,2.4,27.0,88.5,12.7,60.2,8.5,11.6,22.7,9.3,15.2,26.2,13.0,3.9,22.0,14.9,6.8,26.0,3.4,1.5,0.2,2.4,17.5,0.4,23.0
Madurai,Tamil Nadu,914,844,131,83.9,19.9,1079,97.9,98.9,98.7,80.1,91.2,88.4,66.3,24.9,87.3,58.6,69.7,68.4,58.3,0.0,6.4,0.6,3.1,0.0,8.7,4.2,21.5,88.0,12.2,58.2,7.9,11.0,21.2,9.5,11.3,22.7,15.9,5.4,25.6,22.4,6.0,31.8,12.1,2.4,0.4,0.8,20.3,0.4,24.5
Theni,Tamil Nadu,920,979,139,80.9,23.8,1168,93.8,99.4,99.9,74.4,89.9,76.8,67.4,29.0,86.9,56.9,70.6,67.1,56.1,0.0,8.2,0.3,1.8,0.5,7.3,3.5,32.1,88.7,10.3,73.4,8.8,12.6,22.9,9.0,12.5,23.1,20.0,6.1,28.7,25.4,7.9,35.6,9.1,4.9,0.5,4.3,21.3,0.3,23.0
Virudhunagar,Tamil Nadu,914,860,101,80.5,21.4,1109,91.7,99.5,97.4,59.8,90.5,89.5,51.3,6.6,85.3,53.5,68.1,66.3,61.2,0.0,3.1,0.2,1.0,0.5,6.4,2.9,23.1,71.9,14.1,51.9,6.2,10.3,19.2,8.3,10.6,21.6,10.2,4.3,20.2,13.3,6.0,22.9,2.2,1.8,0.8,1.8,18.8,0.5,22.8
Ramanathapuram,Tamil Nadu,899,913,120,80.3,24.4,1147,87.8,99.3,93.9,78.6,82.7,90.6,69.7,14.5,86.1,53.7,72.2,68.1,56.6,0.0,6.5,1.0,2.5,0.8,7.9,3.9,28.0,82.7,15.7,66.9,8.0,7.7,17.2,7.9,10.7,20.2,14.1,6.0,23.3,18.4,7.4,28.2,12.8,5.3,0.4,1.1,22.8,0.6,29.9
Thoothukkudi,Tamil Nadu,848,774,99,86.6,20.9,1111,91.9,100.0,97.0,79.4,90.7,89.0,57.8,17.5,90.3,59.5,67.6,63.8,52.4,0.0,6.6,0.3,3.9,0.4,8.1,3.0,28.8,90.8,11.9,57.9,8.4,11.5,22.0,9.8,13.8,25.4,15.5,5.2,24.5,17.3,7.5,28.2,3.9,1.7,0.4,1.4,18.5,0.3,21.6
Tirunelveli,Tamil Nadu,873,777,92,84.4,22.1,1109,98.3,99.5,98.1,79.8,87.9,89.9,61.3,12.7,87.3,54.2,69.8,64.4,55.4,0.2,5.0,0.0,2.7,0.3,7.1,3.7,23.5,77.4,13.5,58.8,6.7,12.4,21.0,7.6,13.4,22.3,12.8,5.8,22.1,15.5,6.4,25.5,18.9,5.5,0.2,0.7,16.3,0.0,17.3
Kanniyakumari,Tamil Nadu,839,711,103,92.9,20.8,1121,100.0,99.8,98.2,96.2,74.4,97.2,64.1,28.4,98.0,77.1,70.3,66.6,60.8,0.0,2.9,0.0,1.5,0.0,4.9,3.4,29.8,86.8,5.9,66.3,9.3,18.0,29.0,8.4,14.9,25.2,13.5,6.3,24.4,19.5,6.1,30.2,13.1,3.9,0.8,1.0,11.0,0.2,14.8
Dharmapuri,Tamil Nadu,911,827,101,72.6,23.8,1192,87.1,99.4,98.7,72.4,82.5,93.4,75.5,17.8,80.6,54.4,70.0,68.0,61.1,0.0,6.4,0.0,0.4,0.0,8.5,3.5,36.3,95.5,12.9,46.5,5.7,8.4,15.4,8.0,7.6,18.1,15.0,8.1,25.8,20.6,8.3,30.8,1.8,1.2,0.8,7.9,24.6,0.7,26.8
Krishnagiri,Tamil Nadu,922,909,130,72.6,24.2,1053,94.8,99.2,99.8,75.9,86.0,95.2,73.6,12.8,79.9,53.9,70.0,67.7,60.7,0.2,6.0,0.0,0.4,0.4,4.9,1.9,40.2,98.7,11.7,51.2,4.9,7.8,14.0,6.7,7.4,15.0,14.9,6.2,23.5,16.4,7.3,25.3,0.9,0.4,0.6,8.2,20.3,0.2,22.7
Coimbatore,Tamil Nadu,877,763,95,84.2,19.3,1061,96.2,99.4,99.9,78.5,95.5,98.8,61.0,52.9,90.6,62.8,66.5,62.0,53.1,0.0,5.0,0.0,3.1,0.0,9.1,2.0,40.9,88.8,10.1,56.8,6.8,10.3,19.1,7.7,9.0,18.3,17.1,7.9,29.2,23.3,7.6,33.3,13.3,8.4,1.1,5.5,21.4,0.5,22.9
Tiruppur,Tamil Nadu,877,726,85,75.8,17.8,1114,99.2,99.5,99.8,75.9,95.4,98.3,59.9,19.2,87.5,55.1,69.3,66.0,59.7,0.0,3.8,0.1,1.8,0.0,4.6,1.3,37.6,87.4,9.9,60.5,5.9,11.0,18.3,6.1,11.0,18.6,15.8,7.4,26.8,19.0,7.0,28.9,6.1,3.7,0.6,5.7,22.8,0.1,26.2
Adilabad,Telangana,913,965,156,58.6,24.8,992,77.3,99.2,95.7,50.8,81.6,97.6,63.6,6.3,64.8,41.0,54.3,54.1,50.2,0.6,0.0,1.2,1.5,0.0,10.1,4.7,12.0,32.6,26.9,48.3,4.7,4.5,10.8,5.9,5.8,12.8,13.0,6.5,23.1,15.5,7.4,26.4,5.3,0.2,0.6,11.0,29.7,2.1,28.3
Bhadradri Kothagudem,Telangana,893,945,136,62.7,19.5,1082,75.3,99.4,99.1,75.3,89.2,97.7,59.4,9.2,68.7,41.8,75.0,74.0,68.2,2.2,0.3,0.9,1.4,0.3,3.8,2.1,18.3,51.3,14.9,48.7,9.1,7.5,18.3,6.8,10.0,18.4,16.8,6.6,29.6,19.5,6.1,30.1,3.4,0.0,3.2,4.7,28.4,2.9,38.8
Hyderabad,Telangana,703,642,84,80.3,23.0,959,82.8,99.9,99.6,84.4,99.5,97.4,48.9,19.9,83.6,63.2,71.8,70.0,64.6,0.0,1.8,1.9,1.1,0.0,6.1,2.9,18.5,58.2,12.4,43.9,5.4,11.4,21.2,6.5,16.7,26.8,14.2,5.3,30.2,22.0,10.2,41.7,2.3,0.0,5.9,1.7,12.4,0.7,28.0
Jagitial,Telangana,898,885,99,55.9,24.1,1219,70.1,99.3,97.3,76.5,94.7,96.5,59.2,6.2,62.4,43.5,57.4,56.5,47.7,6.3,0.8,0.7,0.8,0.0,13.4,3.6,17.3,24.0,22.5,43.2,7.5,6.1,15.5,8.6,8.4,19.5,11.9,5.8,25.5,16.4,8.4,31.3,6.7,1.0,3.4,11.2,23.5,2.6,47.6
Jangoan,Telangana,888,843,108,56.6,19.1,1066,66.3,99.3,99.4,84.3,91.1,96.8,71.7,9.3,65.5,44.0,71.0,70.4,67.2,1.4,0.3,0.3,0.4,0.0,4.6,2.5,19.5,33.9,18.2,41.1,6.5,6.9,14.4,8.1,8.8,18.3,13.4,6.2,26.1,18.3,7.6,29.0,3.1,0.2,0.2,4.1,27.1,11.3,60.6
Jayashankar Bhupalapally,Telangana,897,852,124,52.4,18.5,1079,58.9,99.3,95.1,65.6,90.3,97.7,71.5,3.9,58.9,36.3,64.8,64.3,51.0,11.3,0.0,0.5,1.0,0.2,7.0,2.4,13.5,47.1,17.7,46.3,5.3,7.1,13.5,9.8,6.3,17.4,15.8,7.9,28.4,20.8,7.5,31.5,7.3,0.8,4.9,5.6,27.4,4.3,53.1
Jogulamba Gadwal,Telangana,890,975,125,47.8,26.8,1037,72.8,99.8,97.0,73.7,86.1,85.3,61.8,12.5,45.0,27.4,75.5,74.9,71.5,0.0,0.5,0.2,0.1,0.0,2.6,1.6,24.7,43.3,27.5,29.9,3.4,4.9,9.3,6.1,7.7,14.3,13.0,5.3,21.5,17.1,9.6,29.7,2.4,0.5,3.2,9.7,23.7,7.1,34.6
Kamareddy,Telangana,899,857,134,51.1,23.4,1104,73.9,99.5,99.4,68.2,82.3,93.6,66.5,8.2,58.6,35.6,56.8,56.8,55.9,0.1,0.3,0.2,0.3,0.0,9.8,5.4,9.4,44.4,21.7,41.3,5.4,5.8,12.9,6.9,8.9,17.5,14.3,6.8,27.7,16.9,8.1,29.1,2.0,0.6,1.6,5.6,25.7,16.7,41.8
Karimnagar,Telangana,874,853,114,63.6,20.1,1065,66.4,99.7,98.3,78.8,94.9,99.1,58.6,16.4,70.3,50.8,56.8,56.4,44.4,10.9,0.1,0.1,0.6,0.0,10.0,2.9,14.5,24.3,20.6,30.4,6.2,8.5,16.8,6.6,10.9,20.0,11.8,5.8,25.0,19.5,8.6,34.7,4.9,0.1,1.6,5.7,19.3,5.6,49.8
Khammam,Telangana,893,906,132,61.8,19.0,1061,86.4,99.7,98.4,84.5,97.1,96.6,60.4,8.6,66.3,40.9,78.7,76.2,73.8,0.4,0.2,0.4,0.8,0.0,3.3,1.3,25.8,54.9,12.8,55.0,6.9,8.3,17.7,6.7,9.0,17.7,14.9,6.6,27.6,18.1,8.2,30.8,2.2,0.3,2.1,2.0,19.5,1.3,31.8
Komaram Bheem Asifabad,Telangana,897,934,136,52.9,23.7,1024,56.4,97.8,93.6,54.0,85.8,92.9,63.6,17.3,51.7,28.7,49.4,49.1,46.9,0.3,0.1,0.5,0.8,0.2,6.8,2.7,12.5,33.0,25.7,39.0,3.9,3.8,8.4,6.2,4.8,11.6,13.3,5.5,21.8,17.3,7.8,27.2,0.9,0.3,1.2,12.8,37.7,3.0,38.4
Mahabubabad,Telangana,888,903,121,55.0,21.8,1067,70.0,99.6,98.2,68.6,86.6,96.2,69.3,25.8,58.0,34.7,75.4,74.7,68.9,4.6,0.0,0.4,0.3,0.0,4.7,2.2,16.3,59.5,18.6,48.0,7.7,5.6,14.1,6.8,8.4,16.5,11.6,6.1,21.9,18.4,7.2,28.8,1.8,0.5,2.0,5.0,28.1,12.6,56.5
Mahabubnagar,Telangana,907,1006,137,54.8,27.8,1035,72.6,99.4,99.6,73.7,85.9,94.1,70.3,20.2,59.6,40.4,72.0,70.1,68.0,0.0,0.3,0.1,0.4,0.0,2.7,1.7,31.4,48.3,24.0,40.3,4.9,4.7,10.8,6.4,7.0,14.2,14.0,5.6,24.2,16.5,6.5,26.5,2.2,0.0,1.4,7.5,25.3,8.0,42.9
Mancherial,Telangana,890,846,118,58.4,19.5,1065,73.6,99.6,95.6,78.1,93.1,97.7,64.4,16.1,69.5,48.8,55.3,55.3,53.9,0.5,0.2,0.2,0.0,0.2,11.3,2.9,9.5,33.0,21.9,43.3,6.7,6.0,14.2,6.5,7.1,16.1,14.7,6.7,27.9,19.5,8.5,32.0,1.8,0.2,1.9,6.5,22.4,1.9,44.1
Medak,Telangana,881,883,128,52.3,23.4,1051,58.3,99.4,99.9,78.2,80.1,97.1,61.2,14.2,57.7,39.3,57.4,55.7,53.9,0.3,0.0,0.3,0.7,0.0,7.4,3.8,9.1,51.4,25.4,31.9,5.7,7.0,14.0,6.9,10.9,19.5,13.7,6.6,26.7,15.7,8.4,28.9,4.0,0.4,2.7,6.4,26.2,23.8,54.0
Medchal-Malkajgiri,Telangana,778,825,107,72.9,23.1,996,78.8,100.0,99.9,86.2,99.0,98.8,53.8,19.8,79.5,59.3,76.4,72.4,65.8,0.8,0.9,1.4,1.3,0.6,3.7,2.0,25.4,57.9,15.2,51.7,4.4,10.2,16.5,5.5,10.0,18.6,13.0,5.7,26.5,18.7,9.2,34.8,0.5,0.2,0.7,3.0,17.9,2.4,39.3
Nagarkurnool,Telangana,896,915,136,51.1,23.8,1066,84.8,99.9,99.6,73.2,87.3,92.0,68.6,18.9,57.1,36.0,77.3,76.5,73.2,0.0,0.8,0.6,0.6,0.2,3.9,1.7,27.1,58.3,19.1,46.7,4.5,6.4,12.5,7.0,6.8,14.5,12.9,6.5,24.6,17.0,6.3,27.3,2.0,0.2,2.6,6.2,30.8,11.8,55.5
Nalgonda,Telangana,887,879,129,59.8,23.9,1017,79.3,99.9,99.2,76.4,94.6,87.5,64.8,11.5,62.6,40.9,78.5,77.2,75.1,0.0,0.4,0.5,0.7,0.0,2.0,1.2,23.6,62.8,15.5,50.6,5.9,6.5,13.8,6.4,8.3,17.0,10.4,4.8,19.6,15.6,5.9,25.7,4.6,0.2,1.4,4.0,24.3,7.4,51.4
Nirmal,Telangana,899,851,107,53.3,22.7,1171,71.7,99.5,98.3,63.6,88.8,95.1,49.9,11.5,58.6,40.9,59.3,58.5,53.8,0.3,0.6,1.0,0.4,0.2,6.7,3.6,9.2,39.4,26.9,32.0,5.6,5.2,11.7,6.7,7.6,15.8,13.4,6.1,25.1,18.6,5.3,28.5,6.5,0.9,1.4,13.0,29.0,3.5,43.9
Nizamabad,Telangana,891,891,107,54.3,23.7,1132,77.6,99.9,99.4,72.5,92.4,96.9,52.3,17.8,63.1,42.4,60.3,56.8,52.4,0.0,0.0,1.2,1.5,0.4,9.4,5.2,8.6,60.4,21.0,41.9,5.1,6.1,13.5,6.3,7.7,15.6,13.6,6.7,27.1,18.1,9.1,31.2,5.0,0.4,1.4,8.6,20.6,9.8,40.2
Peddapalli,Telangana,892,861,142,61.3,18.1,1028,69.8,99.5,98.0,77.8,96.6,97.8,59.1,12.5,73.7,46.6,66.1,64.8,60.0,3.3,0.1,0.5,0.3,0.3,8.3,3.1,16.9,44.5,16.5,47.8,4.2,7.5,13.7,7.3,7.7,16.8,13.4,6.4,27.7,21.8,8.2,34.7,4.9,0.3,3.5,4.6,21.6,4.2,47.5
Rajanna Sircilla,Telangana,907,901,125,56.4,21.3,1167,76.7,99.8,98.7,77.4,96.6,98.5,62.8,9.1,64.7,46.4,60.7,59.3,49.9,5.9,0.0,0.3,1.8,0.3,9.9,2.9,18.9,60.0,18.6,43.1,6.5,5.1,13.2,6.2,11.4,20.3,15.9,7.3,30.2,19.5,8.0,36.0,6.9,1.2,3.3,8.5,19.4,6.1,49.9
Ranga Reddy,Telangana,852,935,104,68.6,24.1,1022,72.8,99.7,99.4,81.1,97.0,98.2,58.3,19.8,72.1,51.4,72.6,69.7,67.6,0.1,0.3,0.7,0.7,0.1,4.8,2.2,18.7,53.4,14.9,47.9,5.2,8.3,15.3,6.3,11.0,19.6,14.8,7.9,28.5,21.3,9.3,35.0,0.5,0.1,1.0,4.5,18.9,6.7,46.8
Sangareddy,Telangana,892,911,119,60.2,24.5,1053,71.5,99.6,99.4,68.0,81.1,97.5,58.1,19.4,63.6,41.5,62.3,61.7,56.8,0.3,0.6,2.0,1.1,0.1,8.5,4.2,10.2,47.5,20.0,38.4,4.4,5.3,11.3,6.3,8.7,16.3,14.9,6.3,25.7,19.3,10.3,32.6,1.2,0.7,2.4,5.4,27.3,11.2,39.7
Siddipet,Telangana,883,832,116,60.8,22.0,1062,71.8,99.5,97.2,84.1,93.2,98.5,60.9,14.7,71.0,51.3,59.8,59.4,54.5,0.9,0.7,1.3,1.3,0.0,9.6,3.7,11.6,46.7,17.9,42.8,4.0,8.4,14.7,7.9,10.4,20.0,11.5,6.6,26.6,19.0,9.2,36.9,5.1,1.0,3.5,5.2,23.2,8.3,50.3
Suryapet,Telangana,893,851,125,57.4,18.9,1032,70.1,99.4,99.8,77.9,94.5,93.0,63.1,17.0,63.5,42.5,78.2,77.9,75.9,0.4,0.0,0.4,0.3,0.0,4.0,2.3,16.6,36.9,16.0,45.0,8.1,8.2,17.7,9.0,12.2,23.9,12.7,6.2,25.2,17.1,5.8,27.3,5.3,0.4,4.1,3.0,20.8,6.1,46.7
Vikarabad,Telangana,880,929,132,53.1,24.9,998,57.6,99.1,99.7,66.7,76.0,89.1,59.6,6.4,59.3,38.3,69.8,69.8,68.7,0.0,0.3,0.0,0.4,0.0,4.6,3.0,8.6,36.5,25.6,38.2,4.8,4.1,10.8,5.7,7.5,14.3,15.0,7.8,27.0,17.9,8.9,30.3,2.8,0.1,0.6,11.6,29.2,17.0,44.7
Wanaparthy,Telangana,902,965,146,49.3,24.8,1018,75.7,99.2,99.4,75.9,88.9,93.5,70.1,9.5,52.1,37.0,77.3,75.7,74.4,0.0,0.2,0.3,0.3,0.0,3.6,2.1,22.3,36.6,24.6,37.1,5.9,7.0,13.9,7.4,7.7,16.5,13.5,4.8,22.5,16.1,5.8,25.5,3.3,0.3,2.2,8.9,27.5,8.7,48.7
Warangal Rural,Telangana,904,830,123,51.8,17.3,1070,70.3,99.7,99.0,74.3,87.8,97.4,72.0,22.6,60.1,40.0,60.0,57.5,47.0,8.7,0.0,0.8,0.3,0.3,9.4,2.4,16.3,53.5,22.6,45.6,6.6,7.6,15.6,6.5,10.0,18.1,15.4,6.2,26.3,17.4,8.5,29.4,5.5,1.1,3.8,2.8,23.2,6.5,54.4
Warangal Urban,Telangana,888,900,138,70.3,20.2,1087,77.7,99.6,99.1,81.2,94.6,96.6,62.0,11.6,76.9,57.2,67.7,64.4,50.1,11.2,0.4,0.7,1.2,0.0,8.9,3.2,27.8,49.4,16.8,50.7,7.7,7.3,17.1,7.9,8.9,19.0,10.8,5.6,24.5,17.6,8.5,32.7,1.4,0.0,0.4,1.5,14.0,2.9,43.3
Yadadri Bhuvanagiri,Telangana,896,947,155,59.1,23.0,1071,71.1,99.6,99.7,81.9,94.9,98.7,65.3,27.2,68.4,48.0,76.2,75.0,72.3,0.2,0.3,0.0,0.7,0.2,5.0,2.0,20.6,58.5,19.4,48.8,6.1,6.9,14.6,6.9,9.6,18.0,12.5,6.8,24.8,19.1,8.8,32.3,2.4,0.2,2.1,5.6,22.2,12.9,58.4
Dhalai,Tripura,920,979,130,74.8,27.2,1034,81.0,97.7,70.3,67.6,34.0,98.7,44.2,11.9,71.6,13.9,80.9,53.3,8.6,0.0,0.3,39.0,2.3,0.1,4.0,1.8,3.9,50.8,15.9,67.7,8.5,5.7,14.5,7.8,8.4,17.0,9.0,3.5,14.5,11.5,4.0,17.4,0.6,0.4,0.5,55.2,61.3,7.5,40.2
Gomati,Tripura,889,851,109,80.1,24.2,1011,70.8,98.8,87.7,77.4,47.7,99.0,29.9,30.9,77.2,22.8,65.5,48.7,8.6,0.1,0.0,37.1,2.2,0.0,12.1,3.7,13.1,40.2,14.1,72.5,7.9,7.5,16.8,8.4,8.0,17.4,10.5,3.6,19.8,13.1,3.4,21.4,0.7,0.4,1.2,49.6,55.8,9.4,33.7
Khowai,Tripura,908,872,137,81.3,23.5,1059,83.9,99.0,83.2,67.8,41.5,100.0,44.1,21.3,80.5,18.9,79.9,49.9,9.5,0.0,0.2,36.2,1.8,0.0,4.1,2.2,8.7,34.7,18.7,62.7,9.9,7.0,17.8,10.3,7.6,18.3,11.3,5.2,19.0,14.6,5.0,21.4,0.2,0.0,0.0,51.3,61.9,9.6,40.3
North Tripura,Tripura,909,1039,125,86.4,26.2,1040,85.9,96.2,75.6,74.1,41.6,99.2,28.7,25.1,83.1,23.7,78.3,54.4,10.9,0.1,1.1,35.3,4.6,0.0,6.1,2.5,13.5,62.2,18.6,56.0,10.6,7.3,18.3,12.8,9.2,22.9,9.8,4.5,18.8,10.3,5.2,19.3,0.2,0.0,0.0,52.5,64.0,6.1,33.5
Sepahijala,Tripura,888,892,121,78.9,23.4,1021,67.4,99.0,97.4,75.4,37.1,99.7,31.6,17.6,79.6,21.7,58.9,44.2,10.9,0.0,0.8,26.3,2.7,0.7,15.3,3.9,9.8,39.6,13.9,72.7,8.7,8.6,18.2,10.0,11.3,22.2,9.9,4.3,19.3,11.3,3.3,19.9,0.9,0.2,0.4,47.6,50.4,8.1,29.5
South Tripura,Tripura,888,866,96,80.4,24.5,1054,75.2,95.9,90.5,68.6,29.4,99.3,37.3,23.6,80.3,21.6,50.7,40.3,4.6,0.0,0.4,27.9,4.0,0.8,17.3,3.7,13.0,28.3,16.8,51.9,8.3,8.1,18.2,9.7,8.9,20.4,11.4,4.9,22.4,14.5,4.6,24.2,1.4,0.5,1.8,51.0,54.3,5.6,30.5
Unakoti,Tripura,904,950,121,81.6,27.4,1079,71.1,96.4,78.6,61.8,29.2,99.3,28.0,26.2,76.4,18.7,66.8,40.2,6.2,0.1,0.6,29.6,1.4,0.4,9.7,3.7,5.4,21.9,26.0,53.8,8.6,8.0,16.9,11.0,8.5,19.9,10.9,5.2,21.0,12.8,5.3,22.1,0.4,0.0,0.0,54.9,59.7,3.4,23.3
West Tripura,Tripura,903,865,151,85.3,20.2,937,88.1,99.8,98.5,80.2,65.2,99.8,28.1,32.3,86.2,30.9,80.1,53.9,15.6,0.0,0.2,32.5,4.6,0.2,2.5,0.9,9.4,42.1,13.7,61.6,8.4,9.3,18.7,7.9,8.9,18.1,12.7,6.6,25.1,15.4,7.2,27.1,0.6,0.6,0.4,47.7,55.2,3.5,33.0
Saharanpur,Uttar Pradesh,966,1318,183,69.3,28.5,984,60.2,98.3,99.7,83.8,56.6,96.2,11.8,7.8,73.8,38.2,73.7,48.9,9.5,0.3,0.8,4.5,32.8,0.7,4.3,1.6,18.7,69.6,12.8,79.1,4.8,3.2,8.8,8.7,2.5,11.6,15.5,6.5,23.0,18.2,5.7,24.3,0.2,0.1,0.2,2.4,30.7,0.5,14.1
Bijnor,Uttar Pradesh,949,1348,178,69.6,30.7,1059,51.5,96.1,99.7,78.2,45.8,95.1,18.8,14.8,74.1,39.7,68.1,47.3,11.3,0.0,0.7,3.2,30.4,0.4,5.0,1.7,25.0,76.0,17.0,51.9,4.1,6.6,11.3,6.2,6.8,13.3,13.2,4.5,19.7,16.8,5.9,24.3,0.0,0.0,0.2,3.6,36.5,0.2,15.1
Rampur,Uttar Pradesh,876,1092,145,57.6,31.1,1022,42.6,96.2,100.0,79.0,46.2,90.1,13.1,13.2,59.3,26.9,56.8,30.0,9.3,0.0,0.3,2.3,17.0,0.8,12.0,5.8,14.3,68.9,13.6,60.1,6.6,5.5,12.4,7.5,6.0,14.4,10.7,5.1,17.7,15.5,4.6,21.0,0.4,0.2,0.4,4.9,36.1,0.1,14.6
Jyotiba Phule Nagar,Uttar Pradesh,973,1411,165,63.7,32.5,1001,48.7,96.4,99.7,78.9,45.4,90.4,8.3,6.1,64.4,35.4,65.7,45.3,13.0,0.0,0.8,2.8,26.7,1.4,6.8,2.4,31.7,72.6,16.0,72.8,2.8,3.4,6.3,6.9,3.9,11.1,13.4,4.2,19.1,18.5,5.2,24.6,0.0,0.2,0.2,4.4,38.9,0.4,14.4
Meerut,Uttar Pradesh,918,1212,169,74.0,30.3,967,59.0,98.6,99.7,82.7,68.5,96.2,18.4,13.8,80.2,47.3,72.4,48.8,14.2,0.1,1.8,2.2,29.1,1.1,5.6,2.7,28.2,82.8,12.8,53.1,5.8,7.8,14.4,7.3,7.9,16.0,12.6,5.5,20.0,17.4,7.6,26.2,0.2,0.0,0.0,2.6,24.4,0.2,13.7
Baghpat,Uttar Pradesh,930,1304,203,71.6,29.8,938,65.4,98.5,99.9,87.0,51.5,96.6,12.5,3.8,78.1,44.0,71.7,45.2,15.6,0.0,2.3,3.6,22.5,0.4,5.2,2.1,19.8,75.0,14.9,54.7,5.8,5.7,11.8,6.0,6.4,12.7,13.3,6.0,21.4,18.0,6.0,25.5,0.2,0.0,0.0,4.7,31.8,0.3,12.9
Gautam Buddha Nagar,Uttar Pradesh,713,863,95,78.0,28.5,897,68.6,99.4,99.9,74.0,75.0,97.2,23.8,21.8,80.6,51.9,76.3,55.9,24.2,0.2,3.2,2.3,25.0,0.7,5.3,2.4,23.7,67.0,15.0,53.3,6.9,7.0,14.8,6.8,9.4,17.2,9.8,4.0,16.4,14.0,5.3,20.9,0.2,0.0,0.2,3.0,29.7,0.2,17.3
Bulandshahr,Uttar Pradesh,924,1105,140,67.7,31.3,979,66.2,96.3,100.0,81.5,48.4,95.7,20.5,5.9,72.1,37.8,72.9,40.4,13.7,0.3,1.9,1.4,22.3,0.5,5.1,1.8,19.6,64.0,15.8,46.4,6.7,5.7,12.8,6.9,7.5,14.9,13.0,6.4,21.2,18.8,6.5,26.2,0.0,0.2,0.0,4.1,34.4,0.2,17.2
Aligarh,Uttar Pradesh,883,1073,145,68.0,32.1,1031,56.2,95.3,100.0,69.4,51.4,96.9,17.6,8.3,68.7,37.5,68.2,39.7,12.7,0.2,2.7,2.3,20.3,1.3,6.4,1.6,27.7,69.0,18.6,42.9,7.4,5.3,13.1,7.8,6.1,14.9,11.8,4.3,18.2,16.3,4.1,22.0,0.2,0.4,0.0,5.1,37.0,0.1,16.9
Mahamaya Nagar,Uttar Pradesh,946,1234,146,67.9,31.9,1029,36.3,94.9,99.0,73.3,46.5,93.9,10.9,10.0,68.7,39.1,57.5,37.5,14.6,0.0,2.4,3.3,15.2,1.1,13.8,4.8,14.3,56.3,15.9,52.9,3.6,3.3,7.6,5.2,4.5,10.9,13.6,6.3,22.4,17.5,7.3,26.4,2.4,1.7,2.2,8.0,43.3,0.5,12.9
Mathura,Uttar Pradesh,935,1175,162,68.4,32.7,935,34.3,98.2,98.4,71.2,47.3,90.3,10.8,12.8,67.9,34.7,58.2,43.1,23.5,0.0,1.8,2.4,14.0,0.4,12.9,4.7,16.7,51.4,18.1,52.8,3.9,2.8,7.9,4.8,5.0,10.2,13.0,6.2,21.1,17.1,7.1,25.4,0.7,0.5,0.2,9.3,42.9,0.1,13.0
Agra,Uttar Pradesh,944,1226,159,69.4,30.5,952,50.1,99.1,99.8,70.8,67.5,93.1,9.4,9.6,65.0,36.1,67.7,47.1,20.0,0.1,2.4,4.2,18.7,1.4,9.0,4.0,12.8,53.6,15.4,58.6,3.7,3.2,7.2,4.3,3.5,8.2,10.3,5.2,16.8,16.4,4.1,20.9,0.3,0.3,0.4,8.9,46.1,0.6,20.9
Firozabad,Uttar Pradesh,951,1178,181,72.5,31.9,950,34.5,96.3,99.4,69.0,53.5,88.0,13.4,10.9,74.4,42.4,66.9,34.6,15.0,0.0,1.2,2.3,14.7,0.4,9.2,3.2,18.3,47.1,18.8,49.1,4.5,2.5,7.5,5.5,3.2,9.4,11.9,5.0,18.1,15.2,4.7,20.5,0.2,0.2,0.0,5.2,45.6,0.3,17.7
Mainpuri,Uttar Pradesh,976,1258,168,74.6,30.9,1016,46.6,95.2,99.6,63.1,39.8,74.9,16.1,14.9,78.4,45.8,80.1,46.4,10.8,0.2,1.3,2.4,29.2,1.1,4.4,1.6,21.4,76.5,15.3,48.0,4.4,3.6,8.4,6.3,3.7,10.2,9.7,3.3,14.4,13.7,3.3,17.9,1.0,0.4,0.0,2.9,41.3,0.5,15.2
Bareilly,Uttar Pradesh,874,1088,99,55.8,31.3,965,55.9,92.5,100.0,79.7,54.6,93.5,18.7,3.3,54.7,22.1,68.8,43.5,16.7,0.4,0.8,3.3,21.5,0.3,5.9,1.8,27.6,59.9,18.2,51.9,3.6,5.4,9.7,5.7,5.5,11.8,10.9,4.2,16.4,12.0,4.7,17.6,0.2,0.0,0.0,5.5,39.3,0.1,17.8
Pilibhit,Uttar Pradesh,898,1040,142,60.1,29.6,922,66.6,86.8,100.0,76.8,48.1,91.2,21.4,8.9,59.3,28.5,74.1,45.5,14.4,0.0,0.8,1.4,27.4,0.4,4.9,2.5,20.8,53.2,16.4,50.9,5.0,5.0,10.8,6.4,6.6,13.3,11.8,5.5,19.5,11.4,5.4,17.5,0.9,0.2,0.4,4.9,38.2,0.2,15.5
Shahjahanpur,Uttar Pradesh,980,1286,220,63.2,34.4,977,43.0,84.1,100.0,69.2,40.4,79.8,14.2,6.1,59.5,27.7,70.3,46.4,10.0,0.0,2.1,5.9,26.1,1.7,6.4,2.6,27.8,74.2,17.8,54.0,4.5,4.3,9.1,3.9,2.5,6.7,11.2,4.1,16.1,11.1,3.0,14.5,0.2,0.2,0.2,6.6,49.0,0.2,20.4
Kheri,Uttar Pradesh,971,1280,169,66.3,32.4,998,42.7,84.2,99.9,65.6,35.9,92.1,22.0,5.3,62.0,28.7,54.9,37.9,20.8,0.0,1.5,1.4,11.2,0.3,16.1,6.1,28.0,64.6,30.9,51.9,4.0,4.0,8.7,4.7,4.2,9.4,12.8,5.7,20.1,16.7,5.2,22.4,0.6,0.0,0.3,14.8,55.2,0.2,17.5
Sitapur,Uttar Pradesh,960,1212,148,65.0,33.6,970,41.9,68.4,99.7,52.5,31.5,96.2,23.2,9.8,59.2,23.9,51.1,36.5,16.8,0.0,1.1,1.6,12.9,0.1,17.9,6.1,39.8,60.4,30.1,42.1,3.7,3.9,7.9,4.5,4.8,9.7,11.4,5.5,17.8,16.1,5.7,23.0,3.8,0.2,0.4,13.8,59.7,0.1,13.8
Hardoi,Uttar Pradesh,983,1206,188,64.6,32.4,975,38.4,71.0,99.9,55.7,29.0,82.9,16.0,15.1,59.3,26.5,58.3,46.2,6.9,0.0,1.1,4.4,31.5,0.2,13.4,4.5,31.2,79.8,22.9,64.8,4.1,3.4,8.0,5.8,3.5,9.8,11.9,4.4,18.1,14.9,4.3,19.9,0.7,0.3,1.5,6.5,52.1,0.1,14.3
Unnao,Uttar Pradesh,984,1128,152,69.0,28.1,993,36.1,75.4,98.5,60.3,43.4,68.7,15.3,10.4,68.2,37.0,48.7,46.2,9.6,0.0,1.6,6.7,26.7,0.3,19.1,4.5,25.9,64.3,22.6,62.2,4.4,3.7,9.7,4.4,3.7,9.2,13.5,5.7,22.0,15.7,4.0,21.4,2.0,0.7,2.4,9.5,50.9,0.3,16.7
Lucknow,Uttar Pradesh,832,958,117,80.8,23.5,950,51.9,96.8,99.8,80.4,78.3,97.0,15.8,8.0,79.8,51.9,56.5,40.2,16.4,0.0,2.0,1.8,18.0,0.6,15.7,5.1,28.9,77.2,15.7,50.4,6.1,7.8,14.7,5.6,9.5,16.5,12.4,6.4,21.2,15.2,6.0,22.8,1.1,0.0,0.4,7.7,39.2,0.2,14.2
Farrukhabad,Uttar Pradesh,969,1276,175,67.1,32.7,972,47.0,91.8,99.7,72.6,45.5,77.5,13.5,4.5,65.1,33.3,67.2,40.0,8.3,0.0,2.3,2.6,24.6,1.6,7.7,3.5,29.6,81.3,18.3,51.7,3.3,2.9,6.7,3.9,2.7,7.1,9.1,3.4,13.8,12.1,1.9,14.8,0.1,0.2,0.4,6.4,49.0,0.3,19.7
Kannauj,Uttar Pradesh,989,1317,198,71.3,32.7,1003,35.2,87.3,99.9,70.1,35.5,80.6,15.3,17.4,68.3,37.3,69.4,60.3,7.7,0.0,1.5,4.7,43.9,0.6,7.2,2.9,31.3,75.9,20.5,61.4,3.1,3.3,7.3,2.8,3.3,6.9,8.9,3.2,14.9,10.8,2.2,14.4,2.3,1.0,1.2,8.7,50.9,0.3,15.3
Etawah,Uttar Pradesh,978,1225,183,74.6,29.4,968,49.0,95.7,99.5,78.1,48.6,77.2,17.9,12.9,79.7,45.7,71.0,48.9,14.4,0.1,1.1,4.8,26.9,1.4,8.3,2.4,27.5,65.4,16.0,45.0,4.9,3.6,8.9,5.2,4.1,10.2,11.8,3.9,16.7,15.4,3.4,19.7,0.2,0.0,0.2,5.2,45.5,0.1,16.9
Auraiya,Uttar Pradesh,977,1309,166,75.9,29.3,1021,50.4,94.0,99.5,74.3,33.7,93.9,18.4,8.4,79.3,46.2,51.4,32.3,13.3,0.0,0.7,1.3,14.3,0.1,18.7,6.2,42.9,66.3,18.8,60.2,3.0,3.2,6.9,3.7,2.8,7.0,14.1,5.1,20.0,16.8,5.0,22.1,1.4,0.3,0.7,9.3,46.8,0.3,11.4
Kanpur Dehat,Uttar Pradesh,979,1213,144,73.9,27.9,974,37.8,79.8,99.4,70.6,39.3,81.7,17.9,16.6,75.6,45.4,60.1,41.6,10.7,0.0,1.2,2.3,22.6,0.8,15.0,3.9,19.1,59.2,17.1,62.1,4.2,2.9,7.6,5.1,4.1,9.9,7.2,3.7,12.6,11.4,4.2,16.5,0.6,0.0,0.6,10.2,50.5,0.4,16.5
Kanpur Nagar,Uttar Pradesh,980,1150,177,80.4,24.5,925,46.2,89.3,98.8,77.5,76.9,92.8,16.1,22.0,82.7,58.5,73.7,57.4,12.8,0.0,3.0,3.6,33.1,0.5,6.8,2.3,17.5,65.5,13.8,70.1,5.1,4.3,10.8,3.9,3.2,8.3,10.1,4.4,17.3,11.7,2.8,16.2,0.8,0.5,1.0,9.5,46.8,0.3,15.1
Jalaun,Uttar Pradesh,978,1373,198,71.9,26.0,937,39.4,96.9,99.0,80.2,36.5,91.4,17.6,9.9,71.0,38.9,62.4,50.5,35.2,0.1,0.4,0.8,12.2,0.1,13.5,4.6,28.8,72.5,22.2,53.0,2.6,2.3,5.2,2.8,2.8,6.0,11.5,3.6,16.8,14.7,4.1,20.0,1.4,0.0,0.0,13.4,49.9,0.2,11.7
Jhansi,Uttar Pradesh,984,1326,229,71.1,24.7,946,64.6,95.2,96.8,73.2,51.9,97.7,11.4,8.6,72.5,43.3,62.0,53.6,28.9,0.0,0.0,4.2,19.8,0.0,13.8,4.2,36.7,77.0,18.7,55.1,2.8,1.7,5.3,5.7,2.2,9.0,11.7,2.4,15.7,12.7,3.9,17.3,1.7,0.5,0.9,10.1,49.5,0.3,10.9
Lalitpur,Uttar Pradesh,982,1484,230,66.8,31.7,997,33.7,94.1,96.6,64.2,20.3,90.7,11.7,5.6,61.3,23.8,73.8,65.7,50.0,0.4,0.3,2.2,10.9,0.3,7.4,3.8,27.8,64.9,22.4,50.2,2.6,1.7,4.7,3.8,1.8,6.3,10.7,4.7,17.2,13.2,3.6,17.9,0.9,0.2,0.5,5.5,54.5,0.7,16.7
Hamirpur,Uttar Pradesh,980,1389,206,70.8,28.2,1003,61.7,94.6,99.4,77.7,29.0,94.4,21.9,4.5,73.2,37.6,61.3,47.5,21.9,0.0,0.1,3.8,19.1,0.6,14.4,6.2,38.4,77.7,22.5,55.6,2.6,1.6,5.3,4.4,1.8,6.7,13.7,2.3,16.7,15.4,2.6,18.8,2.8,0.2,0.5,17.0,64.5,0.2,13.3
Mahoba,Uttar Pradesh,978,1347,226,65.2,28.4,972,54.2,95.9,94.3,69.0,28.2,93.8,16.2,3.2,69.7,30.7,61.6,52.0,32.1,0.0,0.7,1.0,15.3,0.5,16.6,6.6,45.1,80.5,28.0,53.9,3.4,1.9,5.9,3.1,2.4,6.3,10.9,3.2,15.0,11.8,2.7,15.7,6.0,0.7,1.8,13.2,63.3,0.2,12.2
Banda,Uttar Pradesh,977,1189,203,61.8,30.6,956,47.6,89.2,98.2,59.3,26.8,90.4,13.3,4.8,62.6,27.1,62.4,45.6,16.7,0.0,0.6,6.5,20.0,0.1,15.3,5.1,35.5,81.2,25.7,50.6,6.6,3.2,11.5,6.7,3.6,13.1,12.5,4.6,20.1,12.7,4.4,18.9,3.6,1.4,1.7,19.7,63.3,0.5,12.4
Chitrakoot,Uttar Pradesh,985,1176,173,63.8,31.3,950,35.9,92.0,97.0,56.7,31.2,75.8,17.4,7.6,62.1,30.2,57.1,49.0,32.8,0.1,1.3,3.2,8.8,0.4,12.7,4.7,25.9,69.0,24.1,62.4,1.6,1.3,5.1,3.8,2.4,9.1,8.4,3.1,15.1,10.3,3.0,16.4,1.4,0.4,1.3,12.7,59.6,0.5,13.6
Fatehpur,Uttar Pradesh,989,1206,175,63.4,29.0,1035,35.3,76.8,98.8,63.1,38.9,76.2,16.8,12.6,66.5,37.3,66.2,58.0,8.4,0.0,0.7,6.6,38.9,0.9,9.7,2.7,35.6,73.9,24.7,63.7,2.5,2.5,5.7,4.2,4.2,8.8,10.5,4.3,17.0,13.3,3.4,18.0,1.9,1.1,1.5,20.8,60.8,0.8,18.5
Pratapgarh,Uttar Pradesh,916,1267,96,67.2,29.0,1229,45.2,92.5,97.8,52.0,37.1,95.7,14.9,8.7,77.7,49.7,51.9,33.6,24.2,0.0,0.8,1.9,6.7,0.1,21.9,8.7,16.3,59.2,19.6,36.0,6.9,6.7,14.1,8.2,10.5,19.1,10.2,4.9,17.6,13.2,6.1,22.3,0.0,0.0,0.2,11.9,41.4,0.5,9.0
Kaushambi,Uttar Pradesh,914,1100,140,63.2,34.9,1069,56.2,78.7,98.3,59.6,37.0,97.7,20.2,10.0,62.0,31.9,62.5,38.3,19.3,0.0,1.2,0.9,13.5,0.7,12.5,4.4,28.2,65.7,24.1,44.4,6.7,4.5,11.7,7.2,8.0,15.5,5.0,3.4,9.4,6.7,2.8,10.0,0.5,0.2,0.6,14.9,53.6,0.2,13.0
Allahabad,Uttar Pradesh,856,1124,123,70.6,31.5,1083,48.9,95.0,95.8,59.5,45.1,96.8,20.6,13.1,70.8,47.6,63.1,45.6,31.3,0.2,1.2,1.4,8.6,0.4,11.9,4.5,18.9,54.8,17.3,48.8,6.3,6.7,13.4,7.7,7.3,15.7,7.9,3.1,12.6,11.9,4.3,17.7,1.4,0.4,0.7,11.9,44.6,0.2,12.5
Bara Banki,Uttar Pradesh,967,1186,184,65.1,32.6,1074,24.5,74.8,98.8,62.4,47.8,78.2,14.6,15.9,61.1,29.5,45.4,38.3,9.8,0.0,1.6,3.5,19.3,1.0,21.4,7.9,19.4,65.0,26.0,64.5,3.2,4.6,9.4,5.2,5.6,12.0,11.1,6.0,19.1,14.8,6.6,22.7,1.3,0.0,1.2,11.2,50.2,0.2,11.3
Faizabad,Uttar Pradesh,914,1213,137,71.1,29.1,1049,58.9,90.3,100.0,64.4,41.3,94.1,19.8,9.0,77.7,49.0,46.0,21.0,11.3,0.0,0.8,0.7,7.6,0.5,25.9,12.3,16.2,50.4,20.0,31.6,7.9,8.6,17.0,10.6,9.5,20.6,8.9,4.0,14.9,10.3,4.4,17.7,0.0,0.0,0.2,8.7,41.2,0.2,10.6
Ambedkar Nagar,Uttar Pradesh,908,1259,130,71.6,29.2,1097,57.4,94.2,100.0,63.6,32.2,98.3,23.0,10.0,78.5,53.0,48.9,20.7,12.7,0.0,0.4,0.9,4.6,0.4,22.9,6.9,20.2,62.6,26.7,47.2,7.2,6.6,14.6,8.5,9.3,18.4,9.1,5.6,17.2,13.6,6.9,22.0,4.8,0.4,0.4,12.8,52.9,0.2,16.5
Bahraich,Uttar Pradesh,956,1128,129,48.2,41.0,1012,21.0,77.8,100.0,44.2,38.2,85.1,10.1,8.4,41.6,14.4,38.4,33.4,5.8,0.1,1.2,8.3,14.4,2.8,27.6,11.1,31.2,75.4,29.9,55.4,2.1,3.1,6.1,4.8,2.7,8.6,13.4,7.4,24.2,18.1,8.5,28.7,0.2,0.0,1.3,26.6,59.0,0.6,12.2
Shrawasti,Uttar Pradesh,974,1233,154,47.0,40.2,1037,34.6,73.7,99.3,58.1,36.9,81.9,13.5,0.6,40.8,15.9,49.8,35.6,6.9,0.2,2.0,8.3,13.0,4.4,20.1,8.7,37.2,76.5,22.8,56.8,3.9,3.6,8.1,4.6,3.7,9.7,9.8,4.6,18.4,13.1,3.5,18.7,1.2,0.4,0.6,24.2,64.2,0.3,8.0
Balrampur,Uttar Pradesh,979,1235,141,53.1,38.9,1075,20.4,78.4,99.8,59.7,39.6,96.9,13.0,9.9,44.9,16.8,49.0,39.4,6.6,0.0,2.6,11.1,14.3,3.4,22.3,7.8,31.0,75.1,22.2,72.2,3.3,4.0,8.2,4.2,3.6,8.7,13.7,7.1,23.2,16.6,7.0,25.3,3.0,0.5,1.6,23.6,59.8,0.4,10.7
Gonda,Uttar Pradesh,972,1292,152,61.7,32.4,1078,34.6,88.9,100.0,44.6,56.2,85.1,13.4,7.1,60.4,31.5,41.1,37.1,8.7,0.2,1.7,6.6,15.9,2.3,24.5,9.2,33.2,62.2,24.6,50.8,3.6,3.7,8.7,3.2,5.5,12.4,12.2,6.1,22.9,17.5,7.5,28.6,2.1,0.5,1.2,18.0,51.6,0.4,11.1
Siddharthnagar,Uttar Pradesh,949,1396,127,57.7,41.0,1177,29.2,90.7,99.9,42.8,50.6,99.0,12.2,9.6,49.1,17.0,65.0,52.5,6.1,0.2,1.9,15.9,22.9,4.7,14.4,6.2,36.1,93.2,25.8,73.6,4.0,4.8,9.5,5.5,5.4,11.7,11.8,5.3,19.1,14.0,7.4,23.5,2.3,0.4,0.2,14.6,54.9,0.2,11.2
Basti,Uttar Pradesh,979,1362,147,64.4,31.7,1098,49.8,94.6,100.0,64.2,57.0,97.5,15.8,5.7,65.3,40.9,72.0,53.8,12.2,0.0,3.3,15.5,14.2,6.8,11.1,4.1,22.2,71.8,20.0,62.6,4.3,4.9,10.0,5.9,5.4,11.6,11.2,6.0,19.2,16.2,7.6,25.0,3.0,0.5,0.0,10.2,51.3,0.2,14.8
Sant Kabir Nagar,Uttar Pradesh,958,1266,120,63.8,34.6,1185,36.4,94.0,99.9,65.1,58.1,98.2,20.4,4.2,62.7,34.8,69.2,48.5,13.6,0.2,4.1,8.3,16.2,4.6,13.0,6.6,31.4,84.6,19.3,58.5,4.5,3.3,8.7,5.1,4.5,10.2,13.0,5.7,22.5,18.0,7.3,28.2,0.8,0.3,0.2,9.9,51.9,0.3,14.4
Mahrajganj,Uttar Pradesh,946,1316,120,62.4,32.4,1116,33.5,94.8,100.0,66.7,65.1,98.1,18.2,6.6,64.1,33.8,62.9,49.6,27.9,0.0,1.1,7.4,9.8,2.6,13.7,5.3,32.3,77.3,17.9,52.6,6.0,5.4,12.0,6.9,5.6,13.3,11.3,5.2,19.6,16.7,6.0,24.9,0.7,0.3,0.3,5.9,47.8,0.3,17.2
Gorakhpur,Uttar Pradesh,958,1360,135,67.6,30.5,1089,51.5,94.9,99.8,69.6,66.8,98.4,17.9,10.7,70.1,42.8,63.8,48.9,19.0,0.0,0.8,6.9,20.1,1.4,14.7,4.3,30.6,84.7,18.0,63.9,6.9,6.2,13.8,6.3,5.1,11.7,10.2,4.6,16.8,13.4,6.1,20.7,1.8,1.3,0.9,5.4,44.6,0.1,18.9
Kushinagar,Uttar Pradesh,946,1312,138,63.7,34.9,1145,47.3,91.5,100.0,73.1,55.2,97.9,15.6,12.8,64.4,34.1,64.2,48.5,23.2,0.0,2.0,10.1,10.5,2.0,14.5,6.6,18.9,67.0,19.0,51.5,4.9,4.9,10.6,6.2,6.3,12.6,9.3,4.6,16.4,13.3,6.4,21.9,3.0,0.3,0.3,4.3,45.1,0.2,16.9
Deoria,Uttar Pradesh,949,1317,157,69.0,30.3,1046,47.7,95.3,99.8,69.1,67.2,97.0,10.5,7.5,73.7,50.4,56.2,45.9,18.0,0.1,3.1,5.4,16.4,2.3,20.4,6.3,24.7,79.3,16.8,67.4,4.2,4.4,9.6,6.3,5.3,12.6,10.3,5.8,17.6,13.0,5.8,21.0,6.8,0.8,0.5,2.3,36.9,0.3,12.7
Azamgarh,Uttar Pradesh,902,1354,146,71.2,29.3,1141,59.3,96.5,100.0,72.8,37.6,99.3,9.0,17.3,78.9,52.6,52.7,31.4,23.3,0.0,0.6,0.9,5.9,0.2,20.7,8.2,17.8,53.3,22.1,45.2,6.8,6.9,14.2,6.8,10.1,17.1,12.0,5.4,19.4,18.8,8.1,28.7,4.6,1.5,0.6,9.4,44.1,0.3,14.7
Mau,Uttar Pradesh,960,1310,189,68.8,27.2,989,59.2,94.2,99.8,75.1,54.2,98.4,16.0,14.6,74.4,53.1,54.2,39.0,11.8,0.0,0.4,7.1,16.5,0.9,16.8,7.2,27.3,84.2,16.5,63.2,4.8,5.4,11.6,5.8,6.5,12.7,16.3,5.2,23.9,20.8,7.9,29.9,3.7,1.0,1.2,6.4,39.3,0.4,13.6
Ballia,Uttar Pradesh,959,1254,144,68.1,29.0,1009,53.8,89.1,99.8,61.7,53.8,96.4,10.6,9.4,73.3,50.1,55.2,41.9,15.5,0.0,1.0,12.4,10.3,1.3,20.2,5.7,33.9,77.6,16.8,69.1,5.0,6.1,12.2,6.3,6.6,14.0,10.6,3.8,17.1,15.2,3.2,20.7,0.9,0.4,0.7,2.2,35.6,0.5,9.9
Jaunpur,Uttar Pradesh,977,1561,176,69.9,29.3,1066,51.0,98.2,99.1,62.6,55.2,97.6,12.0,1.9,77.3,52.7,62.0,55.2,23.5,0.0,2.8,6.8,18.7,2.4,16.2,5.4,27.9,75.3,17.5,75.8,3.5,3.4,8.0,4.9,3.7,9.6,10.2,3.8,16.0,13.6,5.0,19.7,4.2,0.0,0.1,5.8,43.8,0.6,13.6
Ghazipur,Uttar Pradesh,966,1363,203,69.7,29.6,1053,53.4,91.8,99.3,64.1,39.3,98.2,10.6,1.8,75.8,51.4,62.9,51.2,20.9,0.0,1.9,10.1,12.1,2.8,13.4,4.9,30.5,68.5,19.4,67.1,4.9,3.4,8.7,7.8,4.8,13.3,9.1,3.0,14.2,15.7,3.5,20.3,1.3,0.1,0.2,4.4,37.7,0.2,10.5
Chandauli,Uttar Pradesh,950,1272,141,68.8,30.5,986,45.4,91.9,97.5,66.7,42.3,98.9,28.1,12.6,73.9,47.2,60.4,48.7,34.9,0.2,0.6,2.2,7.4,2.0,15.4,5.5,24.6,69.2,21.4,57.7,5.2,4.2,10.3,6.5,4.4,11.2,11.5,5.8,18.9,15.6,6.3,23.6,4.2,0.8,0.6,7.1,44.8,0.4,16.9
Varanasi,Uttar Pradesh,936,1403,195,74.1,27.3,951,61.8,97.2,98.4,83.2,71.5,99.9,12.8,13.0,80.6,55.0,72.5,60.9,23.9,0.1,1.5,9.1,23.7,2.0,8.7,4.2,27.4,77.0,15.7,67.1,4.3,4.2,9.3,7.2,5.0,12.6,13.3,3.9,19.0,20.9,5.6,27.1,3.4,0.9,1.6,5.5,38.4,0.4,13.4
Sant Ravidas Nagar (Bhadohi),Uttar Pradesh,884,1352,118,67.3,33.7,1082,45.2,96.5,96.7,68.8,39.9,98.7,18.8,2.5,72.6,46.5,53.8,40.2,30.9,0.0,0.6,2.2,6.1,0.0,22.4,10.1,26.3,62.6,15.8,49.8,4.3,4.0,8.7,5.3,7.3,13.2,9.3,4.1,14.9,15.9,5.4,23.0,1.8,0.0,0.6,7.4,36.5,0.1,7.7
Mirzapur,Uttar Pradesh,942,1176,147,69.0,31.9,1003,44.4,92.7,96.9,72.3,42.5,97.0,15.0,2.8,73.4,43.8,61.5,53.3,32.4,0.0,1.8,7.5,9.0,0.9,14.5,6.1,23.6,66.9,20.9,58.3,3.8,5.1,9.4,5.4,5.0,11.3,13.7,6.3,21.7,18.6,8.1,29.0,3.3,0.2,0.8,5.4,42.2,0.1,14.0
Sonbhadra,Uttar Pradesh,952,1158,168,62.1,31.8,995,34.0,82.9,89.6,70.6,30.4,98.2,19.7,13.0,64.8,35.7,67.1,53.6,33.7,0.1,0.8,7.6,9.9,0.9,11.6,4.7,21.9,64.8,20.9,60.9,5.1,2.6,7.9,5.8,5.0,11.3,12.9,5.0,19.0,16.8,4.0,21.4,2.8,0.0,0.2,5.8,54.1,0.6,24.1
Etah,Uttar Pradesh,953,1267,179,68.0,33.2,1047,49.1,88.0,99.8,62.7,39.6,74.8,12.8,11.8,70.8,38.8,73.1,39.7,7.8,0.0,1.8,3.3,24.2,0.9,7.0,2.0,13.4,56.5,18.7,50.7,3.7,2.1,6.2,4.8,2.6,7.6,11.2,3.6,16.4,14.2,4.4,19.2,0.7,0.3,0.0,5.0,46.0,0.6,15.1
Kanshiram Nagar,Uttar Pradesh,950,1143,163,62.2,35.5,1040,46.7,87.2,99.4,69.8,36.6,84.2,15.1,9.7,60.6,29.7,65.2,31.3,6.9,0.0,2.3,3.3,17.4,0.6,11.8,3.5,18.8,50.6,17.7,46.1,3.6,2.8,6.7,6.4,3.2,10.3,9.3,4.8,16.5,12.8,5.8,19.5,0.6,0.2,0.2,6.9,44.7,0.4,17.1
Amethi,Uttar Pradesh,906,1255,124,66.1,32.1,1170,52.4,92.3,98.7,60.9,26.4,97.2,20.9,5.3,67.3,34.6,48.4,30.5,14.4,0.0,0.7,1.6,11.7,0.5,19.9,7.0,34.4,77.4,21.0,39.9,5.9,6.5,12.9,5.7,5.6,12.0,12.7,5.0,19.2,14.3,5.7,21.2,1.5,0.2,0.4,11.5,49.3,0.4,9.1
Budaun,Uttar Pradesh,944,1134,166,54.9,35.3,933,44.3,80.7,99.8,69.7,39.8,91.4,13.6,6.2,52.4,21.6,76.9,42.0,7.3,0.0,1.2,2.8,26.4,1.3,4.3,1.5,16.6,80.3,19.4,44.9,5.0,3.6,9.0,6.8,3.7,10.9,8.6,3.4,13.0,10.3,3.1,13.8,0.7,0.4,0.2,7.1,41.9,0.5,14.0
Ghaziabad,Uttar Pradesh,716,805,76,78.9,24.9,930,73.4,99.9,99.1,84.5,92.4,96.3,20.0,1.6,81.8,55.2,72.7,51.1,15.9,0.0,3.0,0.2,31.9,0.0,5.3,2.8,22.6,95.5,11.1,49.7,7.8,9.4,17.9,8.0,11.2,20.2,10.3,6.4,19.3,15.5,6.9,24.5,0.7,0.0,0.9,1.7,22.3,0.1,13.4
Hapur,Uttar Pradesh,976,1357,222,71.8,31.4,917,56.2,98.8,99.9,85.6,68.0,96.0,14.9,9.8,75.3,43.5,70.3,47.6,15.3,0.1,2.1,2.4,26.5,0.7,4.8,2.2,31.4,85.1,9.4,70.7,4.1,3.3,7.7,4.9,4.1,9.6,15.6,6.3,22.9,20.1,5.1,25.7,0.4,0.1,0.3,2.4,30.8,0.1,15.4
Moradabad,Uttar Pradesh,953,1264,160,67.6,29.4,1002,58.9,96.0,99.8,79.0,58.3,95.1,17.1,10.1,69.4,42.6,69.8,47.7,10.2,0.0,0.5,5.5,30.7,0.7,6.9,2.9,20.9,77.4,13.4,69.7,5.2,3.9,9.5,8.1,3.8,12.9,13.6,6.4,21.3,18.3,6.2,25.6,0.8,0.8,0.4,3.6,32.6,0.3,13.8
Muzaffarnagar,Uttar Pradesh,932,1201,179,69.1,30.4,957,70.5,97.8,99.9,80.1,59.8,96.3,8.2,4.4,73.4,41.8,73.2,44.9,14.4,0.2,1.6,3.6,24.7,0.1,5.0,1.9,17.6,78.8,11.1,67.7,5.5,5.2,11.5,8.5,5.8,14.3,14.9,5.0,21.6,16.6,6.8,24.2,0.2,0.2,0.2,3.7,31.7,0.3,13.7
Rae Bareli,Uttar Pradesh,985,1258,148,66.4,30.4,1102,31.6,88.9,98.1,55.0,39.4,79.5,16.8,3.6,66.5,36.1,69.3,55.8,14.1,0.1,2.5,4.8,26.2,3.3,12.4,3.6,18.7,52.8,18.5,64.3,3.9,3.7,8.3,3.1,3.2,7.4,11.3,5.9,19.4,11.8,4.8,17.9,1.4,0.2,0.7,11.8,50.4,0.5,16.5
Sambhal,Uttar Pradesh,963,1314,199,56.0,35.5,1019,37.7,91.9,100.0,72.8,38.2,91.1,13.7,7.0,52.6,24.1,65.9,40.1,8.6,0.0,0.6,2.5,26.2,1.1,8.5,3.9,19.6,81.2,16.1,61.6,3.5,3.2,7.4,4.8,3.4,8.5,14.2,4.8,19.3,16.7,5.4,22.7,0.0,0.0,0.2,4.9,40.3,0.2,16.7
Shamli,Uttar Pradesh,950,1300,180,62.7,31.3,989,65.4,98.7,99.9,83.3,53.6,95.7,14.8,4.0,65.8,32.6,71.0,45.6,10.9,0.0,0.9,4.4,27.7,1.1,5.6,2.3,17.6,74.6,9.8,75.4,4.6,3.6,8.7,7.4,4.7,12.5,12.7,7.0,21.2,20.9,7.2,28.6,0.4,0.2,0.2,3.7,30.6,0.3,10.2
Sultanpur,Uttar Pradesh,922,1282,133,68.9,31.4,1151,53.0,94.3,99.5,65.1,33.7,97.0,20.7,15.1,74.9,46.6,47.6,24.3,13.6,0.0,0.7,1.1,7.1,0.8,23.9,9.2,19.0,75.2,20.8,53.8,5.6,6.9,13.5,7.8,7.8,16.7,13.0,5.8,20.6,16.4,6.7,24.3,4.3,1.8,1.7,14.2,47.5,0.1,10.1
Uttarkashi,Uttarakhand,947,1049,165,69.0,25.0,1024,81.1,99.6,96.1,75.7,32.6,87.2,80.3,4.2,81.2,53.6,73.8,60.2,42.3,2.7,1.3,1.9,11.7,0.5,7.7,3.9,34.2,51.5,12.9,59.7,4.5,3.5,8.2,4.4,6.0,10.9,12.5,5.0,19.0,16.5,6.3,24.4,0.1,0.1,0.8,2.5,35.1,0.5,26.9
Chamoli,Uttarakhand,929,1016,114,79.1,26.1,1087,66.5,99.5,94.4,87.6,37.4,93.8,71.1,28.2,90.5,59.0,73.7,64.0,49.0,1.2,0.4,1.4,10.8,0.1,9.3,3.6,21.8,70.5,9.6,73.5,3.4,2.9,6.8,3.6,5.0,9.8,15.1,3.7,19.7,19.4,8.2,28.5,0.0,0.0,0.6,2.2,38.4,0.2,37.7
Rudraprayag,Uttarakhand,962,1032,108,73.0,25.0,1242,86.1,99.5,93.9,86.8,35.1,91.7,76.6,19.2,87.2,56.4,72.1,61.3,47.6,0.9,1.2,0.4,10.8,0.0,12.2,4.5,26.7,74.7,8.8,43.6,5.7,4.2,10.4,6.7,8.7,16.3,12.7,4.4,18.7,20.6,9.2,31.7,0.0,0.0,0.2,2.0,41.0,0.2,38.9
Tehri Garhwal,Uttarakhand,947,971,111,62.2,25.7,1236,58.4,99.9,84.1,84.6,34.9,92.8,71.2,33.6,75.5,50.8,67.3,52.4,36.5,0.0,1.1,1.1,12.5,0.0,13.8,5.6,20.4,65.4,12.7,55.5,3.7,4.1,8.9,4.6,6.0,11.9,13.0,5.5,20.0,22.0,10.4,34.0,0.0,0.0,0.0,3.8,41.1,0.2,35.7
Dehradun,Uttarakhand,872,979,93,82.9,23.1,915,73.7,99.7,99.0,83.9,88.8,92.3,67.3,19.3,87.6,62.6,75.0,59.1,19.2,0.5,1.9,2.8,32.8,1.0,6.5,2.8,27.7,66.4,13.1,58.7,4.5,8.2,13.8,5.8,10.6,17.8,12.7,6.0,23.7,17.9,10.2,31.9,0.2,0.0,0.0,2.4,25.6,0.2,21.6
Garhwal,Uttarakhand,894,836,80,75.5,23.0,1166,71.9,99.4,83.5,83.3,48.1,92.3,62.7,39.2,85.8,56.2,78.0,64.0,33.9,0.6,1.5,3.5,22.1,0.6,9.9,3.2,9.4,27.6,16.1,71.2,4.4,4.9,10.6,5.4,5.7,12.1,14.5,5.2,22.1,20.7,12.0,34.3,0.1,0.0,0.0,6.4,42.9,0.7,33.6
Pithoragarh,Uttarakhand,967,1085,145,79.7,22.2,1043,79.5,99.6,90.9,84.5,45.9,97.7,72.8,23.0,89.1,55.5,71.2,63.6,42.5,0.7,2.3,0.5,16.9,0.5,11.3,4.5,28.3,59.0,11.5,65.3,3.5,2.4,6.5,4.5,5.0,10.6,14.8,6.7,23.3,21.6,10.3,32.9,0.5,0.0,0.0,4.3,38.5,0.3,33.2
Bageshwar,Uttarakhand,975,1008,113,73.9,24.6,1174,76.1,99.8,92.0,88.5,34.6,98.6,71.9,41.8,87.8,52.2,78.8,66.4,33.4,4.2,1.5,2.6,23.1,0.4,8.4,2.9,17.3,58.2,17.2,53.5,3.8,3.8,7.9,4.6,6.0,12.0,13.1,5.7,20.2,20.8,11.9,34.9,0.0,0.0,0.0,7.7,43.7,0.5,39.5
Almora,Uttarakhand,975,938,91,72.3,23.2,1331,68.5,99.9,93.3,89.2,35.9,88.1,66.0,40.4,88.0,48.0,78.6,70.5,37.9,1.8,1.6,4.8,22.1,0.5,6.4,2.6,13.4,68.9,15.6,58.1,5.3,3.7,9.5,6.9,5.9,14.0,13.6,8.2,24.6,19.6,12.2,33.2,0.0,0.7,0.4,5.5,44.3,0.1,31.8
Champawat,Uttarakhand,979,1177,147,75.9,27.6,1112,77.7,99.6,95.4,82.7,39.8,97.1,65.7,23.9,84.7,51.0,66.7,57.7,38.0,0.1,0.6,1.7,16.6,0.1,10.4,3.5,28.1,73.9,14.6,59.9,3.3,3.7,7.9,3.8,6.8,11.3,12.9,5.0,19.9,20.7,7.9,29.7,1.2,0.5,0.0,4.9,38.7,0.2,33.1
Nainital,Uttarakhand,939,1078,155,80.3,25.8,1014,79.9,99.1,93.0,82.4,71.6,97.4,60.8,51.2,85.4,55.2,74.7,64.4,26.7,1.1,1.8,3.8,29.7,0.1,6.5,2.0,15.1,59.7,12.7,72.9,4.6,6.0,11.5,6.3,6.7,14.6,14.3,5.9,24.0,19.8,7.8,30.4,0.0,0.2,0.0,5.2,34.8,0.4,29.5
Udham Singh Nagar,Uttarakhand,940,1143,143,70.5,27.9,957,76.4,99.6,99.9,70.9,64.0,95.9,59.0,31.4,72.3,41.1,67.2,51.9,19.6,0.2,1.1,1.7,28.4,0.0,7.2,2.1,22.8,68.3,14.1,53.0,5.3,8.1,14.2,7.7,9.8,18.0,12.6,7.2,22.2,19.2,8.7,30.2,0.5,0.0,0.6,5.3,31.7,0.4,21.6
Hardwar,Uttarakhand,843,968,121,73.9,31.0,946,67.1,99.7,99.6,69.8,61.5,89.8,46.6,40.3,76.4,40.3,63.6,50.9,12.8,0.1,1.7,3.8,30.6,0.5,11.8,4.1,11.4,52.2,15.9,74.3,2.6,5.5,9.9,4.5,6.9,12.3,15.0,6.9,26.2,22.5,9.5,33.9,1.3,0.5,0.9,5.7,31.8,0.4,17.6
Darjiling,West Bengal,898,1058,163,78.3,20.7,1029,92.0,98.2,90.8,83.0,68.8,97.7,26.3,7.6,77.0,41.3,82.2,67.0,32.6,0.0,2.2,19.5,8.8,1.4,5.9,2.7,11.8,49.2,11.8,74.5,7.0,4.8,13.2,9.0,6.6,16.5,16.2,10.1,29.2,18.7,8.7,29.5,0.5,0.3,0.2,14.4,49.0,5.8,32.9
Jalpaiguri,West Bengal,919,1101,149,73.7,22.6,1038,74.8,97.4,95.2,73.2,42.7,94.8,35.8,30.0,73.6,33.9,82.7,70.1,35.5,0.3,4.6,20.2,7.6,1.0,4.0,1.6,15.1,61.1,15.8,82.7,7.9,5.2,13.8,9.5,6.8,17.2,12.6,6.3,21.2,15.1,7.1,23.7,0.0,0.0,0.0,19.0,54.2,2.8,28.2
Koch Bihar,West Bengal,920,1095,157,75.7,25.0,1058,70.3,98.2,99.3,75.7,25.7,97.6,36.0,27.8,79.2,26.7,81.7,67.7,31.9,0.3,2.1,24.0,6.4,0.8,4.6,2.3,18.3,49.7,18.1,75.8,8.3,4.6,13.6,9.6,7.5,18.7,12.8,6.1,21.7,11.3,6.4,20.8,0.4,0.2,0.2,22.3,56.1,0.3,14.4
Uttar Dinajpur,West Bengal,922,1129,157,68.1,29.2,1093,66.5,96.9,99.8,63.8,27.2,93.7,21.0,4.1,65.4,29.3,81.2,60.9,25.9,0.1,1.5,20.7,9.5,1.4,4.4,3.3,10.3,50.6,16.5,71.2,8.0,4.7,13.6,10.3,7.7,18.8,10.4,3.9,16.3,15.9,4.8,23.8,0.0,0.0,0.0,10.2,49.1,1.7,15.9
Dakshin Dinajpur,West Bengal,920,1137,163,77.7,23.4,1106,80.2,96.5,99.7,79.0,28.7,97.3,28.3,21.9,74.3,30.5,78.6,59.0,26.6,0.1,3.3,17.6,9.9,1.0,6.1,2.6,16.0,68.3,14.9,76.6,10.5,6.7,17.5,13.5,8.1,22.0,9.7,4.1,17.6,10.2,3.0,16.2,0.5,0.2,0.2,12.8,47.2,2.3,22.7
Maldah,West Bengal,911,1113,150,71.3,30.2,1062,72.4,98.1,99.0,62.0,29.6,97.8,29.0,13.4,72.3,30.0,75.3,54.7,23.3,0.0,2.5,19.2,8.2,0.3,9.2,3.4,18.9,46.5,15.7,80.6,8.0,7.8,16.7,10.1,9.6,20.2,11.4,5.5,19.3,10.6,4.1,17.8,0.2,0.0,0.2,8.4,45.2,0.3,15.1
Murshidabad,West Bengal,917,1144,159,74.7,29.3,1103,74.1,96.7,99.1,69.7,30.7,92.5,28.4,17.2,67.6,24.2,85.4,64.9,39.6,0.1,1.0,14.5,7.6,0.3,3.5,1.8,6.4,60.9,19.9,75.0,8.9,8.8,18.4,11.1,8.1,19.5,10.0,5.3,18.7,10.9,3.2,16.3,0.3,0.3,0.2,5.1,43.7,0.9,10.8
Birbhum,West Bengal,922,1161,168,73.6,25.7,1033,75.2,97.8,99.4,55.0,28.1,93.3,37.7,7.3,70.8,25.8,82.2,73.9,41.3,0.2,1.6,24.7,5.6,0.3,4.8,2.7,21.6,48.1,20.5,63.9,8.7,7.2,16.4,11.4,9.1,20.9,10.7,4.0,17.5,9.9,2.1,14.1,0.2,0.2,0.0,8.1,50.3,1.7,18.0
Nadia,West Bengal,919,1034,146,77.6,21.5,1071,81.3,98.2,98.2,78.4,34.2,96.0,23.0,29.1,76.2,28.3,59.9,49.3,26.8,0.0,3.8,10.5,6.9,0.9,12.9,5.9,20.9,61.6,8.3,80.3,11.1,7.9,20.0,11.9,8.5,21.2,11.3,5.3,21.2,10.2,2.7,16.0,0.2,0.0,0.0,6.8,47.7,0.4,10.8
North Twenty Four Pargana,West Bengal,924,1055,148,82.4,20.6,1013,87.6,99.5,99.5,80.4,58.9,98.9,30.7,26.3,85.5,40.7,78.8,61.0,22.2,0.0,3.7,24.3,8.8,1.8,4.4,1.5,21.9,66.5,6.5,82.6,9.7,8.4,18.8,12.9,9.5,23.2,11.1,5.0,19.0,11.7,3.2,17.1,0.2,0.2,0.2,7.0,49.8,0.4,17.6
Hugli,West Bengal,892,1020,136,81.0,19.9,1082,83.2,98.4,98.1,76.2,54.6,90.5,26.5,15.1,77.4,37.0,74.9,61.3,36.0,0.3,1.7,13.6,7.8,0.5,7.0,2.5,13.3,59.7,14.1,71.9,8.8,9.5,19.7,9.7,11.4,22.3,12.2,5.4,24.1,17.7,4.6,26.7,0.3,0.4,0.6,8.1,53.5,1.5,22.3
Bankura,West Bengal,889,997,133,68.7,22.6,1053,64.8,92.3,96.3,49.2,20.8,86.8,43.4,13.1,68.3,27.9,56.7,51.9,26.6,0.0,1.4,19.8,3.7,0.0,12.0,4.7,12.4,43.6,28.0,56.0,8.1,7.1,16.2,11.4,10.9,23.8,11.5,5.1,21.0,13.8,3.2,20.3,0.4,0.2,0.0,21.5,47.7,0.6,16.0
Puruliya,West Bengal,912,1050,138,63.6,25.4,1065,61.3,88.6,87.6,29.2,23.2,89.7,35.6,10.6,61.0,26.9,51.0,41.3,26.5,0.1,2.4,6.7,4.0,0.5,16.1,6.3,21.2,30.7,33.7,51.6,10.1,4.8,15.3,10.8,8.7,20.7,9.6,3.9,17.5,13.6,3.9,20.4,0.4,0.2,0.2,26.7,51.2,1.1,17.8
Haora,West Bengal,916,1067,153,82.0,21.2,1011,85.4,99.0,99.5,72.9,61.9,97.4,20.1,19.0,80.5,40.1,84.5,68.4,31.6,0.0,1.9,23.8,9.5,0.4,3.2,1.6,20.5,56.6,10.3,76.6,9.5,6.2,16.9,10.8,8.3,20.3,13.6,6.8,24.0,18.7,6.0,26.8,0.3,0.0,0.1,6.0,44.7,0.7,19.4
Kolkata,West Bengal,879,921,138,87.2,16.0,954,92.8,99.6,99.3,60.9,91.7,98.6,21.1,20.1,87.6,55.4,84.7,71.7,29.8,0.0,1.6,22.4,15.0,0.7,2.2,0.3,17.9,57.0,6.6,84.4,10.6,9.4,21.6,9.4,12.9,24.3,15.1,4.9,23.9,15.0,5.1,23.8,0.0,0.0,0.0,6.0,42.4,1.0,22.2
South Twenty Four Pargana,West Bengal,917,1089,148,80.9,25.5,1055,84.1,99.2,100.0,70.1,36.2,94.1,36.7,21.4,85.6,34.9,82.9,67.9,21.9,0.1,2.8,34.8,5.4,1.1,3.7,1.7,17.7,54.5,9.9,86.0,7.2,8.2,16.5,9.8,10.1,21.3,13.5,5.6,21.5,13.0,4.3,19.1,0.0,0.0,0.2,6.3,49.8,0.4,16.5
Paschim Medinipur,West Bengal,910,1002,137,72.1,23.4,1089,78.8,95.4,95.5,58.3,17.5,93.8,25.8,41.5,70.9,26.2,60.7,55.6,32.1,0.4,1.4,18.0,3.1,0.5,11.5,5.7,23.5,49.3,18.9,64.5,9.3,7.8,17.9,9.9,10.5,21.7,9.1,5.0,19.3,10.7,4.3,19.0,0.0,0.0,0.0,18.8,50.5,1.5,20.8
Purba Medinipur,West Bengal,873,957,131,83.0,23.9,1031,86.2,99.0,87.8,69.8,17.0,90.0,21.5,23.3,77.0,30.9,59.3,48.1,16.4,0.0,1.2,26.2,3.5,0.1,12.3,4.1,20.6,50.0,16.5,66.2,8.8,11.0,21.3,10.8,11.9,24.0,9.6,4.7,18.1,11.9,4.4,21.3,0.0,0.2,0.5,12.9,40.1,2.0,14.8
Paschim Barddhaman,West Bengal,912,1190,184,74.8,22.3,977,77.9,97.0,95.2,71.5,56.3,89.8,21.8,10.2,73.5,37.1,65.3,54.0,28.2,0.0,2.1,13.4,8.8,0.1,12.0,3.6,13.7,25.8,18.4,67.1,8.5,7.0,16.2,12.2,10.3,23.4,9.6,4.3,17.6,14.5,3.7,20.7,0.7,1.3,0.4,11.8,40.2,0.8,14.6
