district_names,state_ut,sex_ratio_at_birth_for_children_born_in_the_last_five_years_females_per_1_000_males,children_under_age_5_years_whose_birth_was_registered_with_the_civil_authority_pct,women_age_20_24_years_married_before_age_18_years_pct,births_in_the_5_years_preceding_the_survey_that_are_third_or_higher_order_pct,women_age_15_19_years_who_were_already_mothers_or_pregnant_at_the_time_of_the_survey_pct,women_age_15_24_years_who_use_hygienic_methods_of_protection_during_their_menstrual_period5_pct,mothers_who_had_an_antenatal_check_up_in_the_first_trimester_for_last_birth_in_the_5_years_before_the_survey_pct,mothers_who_had_at_least_4_antenatal_care_visits_for_last_birth_in_the_5_years_before_the_survey_pct,mothers_whose_last_birth_was_protected_against_neonatal_tetanus_for_last_birth_in_the_5_years_before_the_survey_9_pct,mothers_who_consumed_iron_folic_acid_for_100_days_or_more_when_they_were_pregnant_for_last_birth_in_the_5_years_before_the_survey_pct,mothers_who_consumed_iron_folic_acid_for_180_days_or_more_when_they_were_pregnant_for_last_birth_in_the_5_years_before_the_survey_pct,registered_pregnancies_for_which_the_mother_received_a_mother_and_child_protection_mcp_card_for_last_birth_in_the_5_years_before_the_survey_pct,mothers_who_received_postnatal_care_from_a_doctor_nurse_lhv_anm_midwife_other_health_personnel_within_2_days_of_delivery_for_last_birth_in_the_5_years_before_the_survey_pct,average_out_of_pocket_expenditure_per_delivery_in_a_public_health_facility_for_last_birth_in_the_5_years_before_the_survey_rs,children_who_received_postnatal_care_from_a_doctor_nurse_lhv_anm_midwife_other_health_personnel_within_2_days_of_delivery_for_last_birth_in_the_5_years_before_the_survey_pct,institutional_births_in_the_5_years_before_the_survey_pct,institutional_births_in_public_facility_in_the_5_years_before_the_survey_pct,home_births_that_were_conducted_by_skilled_health_personnel_in_the_5_years_before_the_survey_10_pct,births_attended_by_skilled_health_personnel_in_the_5_years_before_the_survey_10_pct,births_delivered_by_caesarean_section_in_the_5_years_before_the_survey_pct,births_in_a_private_health_facility_that_were_delivered_by_caesarean_section_in_the_5_years_before_the_survey_pct,births_in_a_public_health_facility_that_were_delivered_by_caesarean_section_in_the_5_years_before_the_survey_pct,children_age_12_23_months_fully_vaccinated_based_on_information_from_either_vaccination_card_or_mother_s_recall11_pct,children_age_12_23_months_fully_vaccinated_based_on_information_from_vaccination_card_only12_pct,children_age_12_23_months_who_have_received_bcg_pct,children_age_12_23_months_who_have_received_3_doses_of_polio_vaccine13_pct,children_age_12_23_months_who_have_received_3_doses_of_penta_or_dpt_vaccine_pct,children_age_12_23_months_who_have_received_the_first_dose_of_measles_containing_vaccine_mcv_pct,children_age_24_35_months_who_have_received_a_second_dose_of_measles_containing_vaccine_mcv_pct,children_age_12_23_months_who_have_received_3_doses_of_rotavirus_vaccine14_pct,children_age_12_23_months_who_have_received_3_doses_of_penta_or_hepatitis_b_vaccine_pct,children_age_9_35_months_who_received_a_vitamin_a_dose_in_the_last_6_months_pct,children_age_12_23_months_who_received_most_of_their_vaccinations_in_a_public_health_facility_pct,children_age_12_23_months_who_received_most_of_their_vaccinations_in_a_private_health_facility_pct,prevalence_of_diarrhoea_in_the_2_weeks_preceding_the_survey_children_under_age_5_years_pct,children_prevalence_of_symptoms_of_acute_respiratory_infection_ari_in_the_2_weeks_preceding_the_survey_children_under_age_5_years_pct,children_under_age_3_years_breastfed_within_one_hour_of_birth15_pct,breastfeeding_children_age_6_23_months_receiving_an_adequate_diet16_17_pct,total_children_age_6_23_months_receiving_an_adequate_diet16_17_pct,children_under_5_years_who_are_stunted_height_for_age_18_pct,children_under_5_years_who_are_wasted_weight_for_height_18_pct,children_under_5_years_who_are_severely_wasted_weight_for_height_19_pct,children_under_5_years_who_are_underweight_weight_for_age_18_pct,children_under_5_years_who_are_overweight_weight_for_height_20_pct,women_age_15_49_years_who_are_overweight_or_obese_bmi_25_0_kg_m2_21_pct,children_age_6_59_months_who_are_anaemic_11_0_g_dl_22_pct,non_pregnant_women_age_15_49_years_who_are_anaemic_12_0_g_dl_22_pct,pregnant_women_age_15_49_years_who_are_anaemic_11_0_g_dl_22_pct,all_women_age_15_49_years_who_are_anaemic22_pct,all_women_age_15_19_years_who_are_anaemic22_pct
Nicobars,Andaman & Nicobar Islands,927,98.0,11.4,0.0,1.8,100.0,62.8,71.7,78.0,72.6,43.9,97.9,85.1,2278,92.5,97.8,96.7,0.8,98.6,11.5,,10.7,64.2,94.1,80.4,69.1,71.9,67.3,20.7,3.1,68.6,94.9,100.0,0.0,5.7,1.8,55.4,19.4,18.7,21.6,15.7,7.8,24.6,1.5,39.1,37.7,38.4,,38.3,48.0
North & Middle Andaman,Andaman & Nicobar Islands,844,100.0,15.4,1.5,3.8,100.0,74.5,79.2,91.1,83.7,24.1,99.2,92.5,1904,94.3,97.7,95.0,0.7,98.3,12.9,,11.4,,,,,,,,,,89.6,,,4.5,7.0,27.3,6.5,5.9,27.0,27.0,8.3,42.8,0.8,35.9,30.4,62.5,,62.1,47.8
South Andaman,Andaman & Nicobar Islands,935,96.5,17.1,0.5,2.8,98.2,79.4,85.9,92.1,81.0,61.9,98.9,88.1,3460,89.8,99.5,83.8,0.0,96.9,37.1,79.1,29.6,76.3,96.6,100.0,79.0,94.8,81.7,33.7,0.0,85.3,84.0,93.1,4.3,6.0,0.0,51.1,22.3,23.5,21.1,12.6,3.5,17.4,7.2,39.0,43.4,57.6,,57.7,43.2
Srikakulam,Andhra Pradesh,1163,95.0,25.4,0.0,5.5,78.0,79.7,78.4,94.4,67.5,35.3,100.0,90.8,3479,97.7,97.9,52.2,0.5,96.4,57.0,73.8,44.5,82.8,100.0,93.3,82.8,89.7,93.3,34.9,74.8,89.7,69.6,97.0,3.0,11.9,1.3,42.8,14.0,16.1,19.7,19.5,7.4,21.4,4.5,27.2,59.6,62.8,,62.6,59.2
Vizianagaram,Andhra Pradesh,898,95.4,33.7,2.2,12.7,72.5,76.1,71.4,91.3,59.6,32.4,98.8,83.9,1931,89.2,99.0,70.6,0.5,97.6,41.3,70.3,30.3,76.8,,100.0,76.8,90.3,92.5,35.0,77.3,83.6,85.9,100.0,0.0,7.5,1.4,55.6,2.5,1.8,36.4,19.2,8.3,32.2,4.7,28.8,66.7,64.6,,64.0,73.9
Visakhapatnam,Andhra Pradesh,974,90.5,25.4,0.0,9.5,85.7,79.4,58.6,88.0,75.0,40.1,97.0,84.8,2200,90.9,95.3,69.3,0.0,94.4,26.5,57.2,16.8,76.5,93.5,97.9,76.5,90.5,95.1,45.1,72.9,79.6,91.3,83.8,9.7,8.1,2.0,64.3,6.9,11.8,31.0,21.5,11.2,33.5,4.8,23.8,72.6,58.6,,58.0,58.9
East Godavari,Andhra Pradesh,882,93.0,26.0,1.3,6.2,71.0,76.3,51.0,87.0,62.7,32.3,91.4,91.9,8159,93.5,96.6,46.0,2.2,89.9,52.2,72.0,34.1,59.0,67.3,92.7,66.3,83.9,76.7,32.5,77.8,86.7,81.4,85.3,7.5,13.3,2.2,51.3,3.0,10.2,23.1,14.3,3.8,22.4,3.4,44.4,66.8,63.2,,63.0,65.2
West Godavari,Andhra Pradesh,833,93.5,22.1,0.5,13.4,84.4,82.2,62.7,95.3,82.8,43.7,100.0,94.8,2318,96.4,98.7,48.8,0.7,98.5,55.7,72.0,40.4,80.0,87.0,94.8,80.0,89.0,91.7,26.3,77.7,89.0,73.9,100.0,0.0,2.7,1.0,32.8,4.9,3.5,31.4,11.7,4.7,22.5,5.2,45.3,62.3,63.1,,63.0,66.8
Krishna,Andhra Pradesh,1139,96.4,25.3,0.0,9.6,92.6,81.5,73.3,95.8,56.2,39.2,96.4,88.3,3715,90.3,98.9,40.1,0.5,98.0,66.1,79.7,47.9,90.0,97.2,93.9,90.0,93.9,90.0,33.8,62.1,93.9,81.0,100.0,0.0,7.8,2.4,29.3,26.1,23.4,29.8,14.3,5.2,21.1,4.2,40.6,65.7,60.4,,60.3,59.0
Guntur,Andhra Pradesh,941,92.3,35.4,1.0,20.7,88.0,89.4,62.5,90.3,75.1,42.5,96.0,94.0,3912,97.2,98.6,49.6,0.9,95.5,53.8,72.2,37.0,76.2,100.0,97.6,76.2,97.6,92.5,39.6,87.8,97.6,80.2,97.4,2.6,10.0,1.0,69.3,8.6,11.2,23.8,17.8,8.1,26.9,3.6,46.4,59.3,59.8,51.9,59.5,54.6
Prakasam,Andhra Pradesh,837,87.1,37.3,3.1,16.4,86.6,84.7,73.4,92.2,69.0,51.8,92.8,90.1,,90.3,97.4,18.1,0.5,97.9,54.2,61.0,31.8,51.9,,89.3,55.0,76.0,65.3,28.0,63.1,61.9,79.9,,,7.9,2.9,73.8,12.0,13.4,22.6,8.7,3.3,24.7,5.1,39.5,62.6,60.6,,60.4,64.8
Sri Potti Sriramulu Nello,Andhra Pradesh,1011,88.1,23.8,3.4,14.9,84.0,89.0,73.0,94.2,76.1,51.8,92.8,95.5,1104,94.3,97.0,34.9,3.0,100.0,42.3,57.5,18.8,65.3,80.1,89.2,69.4,81.1,81.1,18.7,70.9,77.2,77.0,91.3,8.8,8.9,3.9,39.4,7.4,6.9,29.2,17.2,6.9,27.8,0.5,39.5,67.5,59.6,,59.4,68.6
Y.S.R.,Andhra Pradesh,779,94.3,25.6,1.2,10.9,92.5,84.4,82.8,93.4,71.2,39.7,97.7,92.3,3389,91.3,99.4,40.7,0.6,100.0,36.2,43.5,26.2,83.0,89.7,92.0,84.9,88.9,88.7,26.4,87.5,89.0,90.1,98.3,1.7,5.9,2.3,48.3,4.9,5.5,34.4,14.1,4.2,26.7,0.2,33.9,60.6,56.1,57.6,56.1,60.2
Kurnool,Andhra Pradesh,918,86.1,36.9,3.0,12.4,78.9,78.6,74.3,91.3,69.8,43.3,95.6,87.8,2094,87.3,88.5,51.1,2.0,90.6,32.9,64.5,17.2,67.0,80.4,95.9,69.0,86.3,84.1,22.3,69.1,76.6,79.1,100.0,0.0,4.5,4.2,67.2,9.6,9.6,50.5,16.7,6.0,46.3,1.1,29.0,70.8,58.3,67.8,58.6,61.1
Anantapur,Andhra Pradesh,881,94.3,37.3,2.0,13.6,95.0,80.3,66.6,97.5,72.0,38.5,100.0,89.1,2682,87.3,94.7,60.3,2.8,98.3,22.2,37.0,15.7,81.8,96.6,95.7,81.8,90.2,92.9,17.8,75.0,87.7,75.7,91.8,8.2,2.5,2.6,54.7,3.9,2.9,36.0,19.3,4.0,40.6,0.3,29.3,55.8,50.3,54.9,50.5,50.0
Chittoor,Andhra Pradesh,1019,94.7,28.1,3.2,19.7,94.7,80.3,65.3,97.8,71.7,43.7,98.2,93.8,2533,95.2,97.1,66.5,1.3,97.6,26.4,54.7,14.6,66.6,87.5,97.2,69.1,88.4,89.6,26.8,75.0,86.2,76.9,100.0,0.0,4.8,3.1,38.7,6.2,6.0,27.1,14.8,6.3,27.9,0.5,33.4,54.9,51.8,52.7,51.8,43.9
Tawang,Arunachal Pradesh,834,95.3,11.9,0.8,1.4,88.4,79.9,37.6,85.3,28.2,14.6,99.6,49.6,5345,48.8,84.2,83.8,5.7,89.9,17.3,,20.2,67.5,76.8,93.1,69.3,81.9,90.8,19.2,28.7,77.6,84.4,100.0,0.0,14.8,6.2,60.6,20.4,18.8,30.4,7.1,1.9,9.0,21.1,35.4,89.6,59.2,57.4,59.1,76.3
West Kameng,Arunachal Pradesh,766,97.3,12.5,0.5,1.4,90.3,45.1,27.6,64.4,18.5,1.5,90.1,38.9,7645,33.8,93.6,92.0,4.6,92.0,10.0,,10.3,56.2,61.0,94.0,63.0,65.8,65.8,17.0,22.0,57.4,79.9,100.0,0.0,10.0,2.5,42.6,24.2,19.7,24.2,23.2,11.9,13.4,15.5,25.7,66.6,38.4,18.2,37.4,50.9
East Kameng,Arunachal Pradesh,995,81.3,26.5,3.6,8.1,85.4,41.7,29.1,73.1,11.2,1.2,93.0,53.6,8612,54.6,76.0,74.2,4.4,80.3,9.0,,11.0,60.8,78.3,82.9,71.9,70.7,77.8,36.3,20.5,64.4,67.9,98.0,0.0,7.3,2.4,52.2,28.2,26.4,35.7,15.8,8.5,14.2,10.2,19.6,51.7,26.9,13.1,26.2,39.5
Papum Pare,Arunachal Pradesh,1065,75.4,25.4,1.6,6.0,95.4,38.4,39.3,74.0,24.8,13.3,91.4,53.2,17185,58.1,88.0,77.3,1.1,86.5,16.5,28.8,17.4,60.7,74.3,88.1,63.9,76.3,77.3,37.4,11.5,64.3,75.5,94.6,2.9,4.6,1.9,52.9,24.4,24.9,29.7,9.0,5.0,15.6,9.1,31.1,53.4,39.4,18.6,38.4,44.4
Upper Subansiri,Arunachal Pradesh,1135,78.9,26.7,1.3,13.2,92.7,34.6,32.1,79.1,23.6,8.4,98.6,56.7,10087,56.7,77.0,76.2,5.2,81.3,17.9,,23.0,68.5,76.3,89.8,74.4,75.6,84.3,29.2,33.6,72.2,58.9,100.0,0.0,5.9,1.3,56.6,15.3,15.4,36.8,12.2,8.1,19.2,9.0,25.0,60.4,36.6,37.9,36.7,39.2
Upper Siang,Arunachal Pradesh,983,79.5,17.1,2.0,7.1,91.5,54.5,34.0,73.5,12.6,5.4,97.1,56.4,12365,52.9,76.0,74.9,3.3,78.8,14.2,,18.3,61.4,67.2,86.7,64.5,68.4,70.0,24.3,23.8,63.4,66.8,97.7,0.0,6.2,1.5,28.2,21.9,25.2,30.4,12.5,5.0,12.0,13.5,27.3,51.0,29.4,22.4,29.2,27.2
Changlang,Arunachal Pradesh,1019,97.6,16.8,1.2,9.0,89.1,65.0,46.9,88.1,37.3,14.1,99.3,69.7,6643,67.4,75.1,69.3,6.3,81.3,12.4,,14.9,70.9,86.1,86.1,70.9,84.4,84.4,19.2,44.5,84.4,77.9,90.8,0.0,1.3,0.8,60.7,31.3,28.9,26.3,16.3,8.3,25.0,3.9,17.1,65.3,57.1,60.6,57.2,67.1
Lower Subansiri,Arunachal Pradesh,1370,90.0,16.0,1.5,2.0,92.4,53.4,39.1,82.3,15.2,5.3,92.3,67.7,10266,65.5,89.8,86.8,2.8,92.6,19.6,,20.4,66.5,88.7,85.0,75.8,69.6,76.5,36.8,24.1,65.9,70.1,100.0,0.0,6.4,4.2,52.5,38.0,29.8,30.7,11.5,5.9,8.1,14.4,23.2,52.4,41.1,22.1,40.5,59.4
Dibang Valley,Arunachal Pradesh,1054,96.5,20.7,1.3,0.7,88.6,60.7,40.4,85.2,25.4,8.1,95.8,66.2,7050,58.3,85.5,78.8,3.5,88.1,10.3,,6.9,90.7,91.2,97.3,90.7,90.7,90.7,31.3,57.9,84.0,58.0,96.6,3.4,3.9,0.7,66.5,10.1,11.0,16.9,18.1,7.8,16.0,4.6,21.7,88.6,64.3,39.0,62.9,67.7
Lower Dibang Valley,Arunachal Pradesh,884,92.6,13.8,0.0,1.6,96.0,56.3,48.6,87.5,25.8,3.3,97.2,58.6,6112,58.4,90.1,86.8,3.6,93.7,11.0,,10.7,73.8,81.0,89.2,77.8,77.0,84.4,31.4,41.7,79.2,67.1,100.0,0.0,2.8,1.0,59.8,29.5,23.9,14.3,7.6,2.9,9.7,5.0,16.8,51.5,35.3,19.6,34.6,39.4
Anjaw,Arunachal Pradesh,957,94.4,21.8,1.5,5.1,89.0,52.0,32.3,80.2,16.5,1.2,97.9,55.8,6515,57.3,78.0,76.9,2.0,79.0,12.6,,16.0,93.0,90.5,97.7,97.6,95.3,97.6,39.5,35.7,85.6,58.6,100.0,0.0,9.3,7.1,66.5,28.7,25.4,23.6,14.3,7.5,16.0,2.9,22.8,57.1,36.9,19.7,35.9,42.2
East Siang,Arunachal Pradesh,1162,83.9,14.9,2.2,4.6,87.8,39.9,34.3,75.2,11.4,6.6,94.4,55.7,12217,58.8,90.8,85.4,1.7,89.2,18.6,,17.3,48.8,65.6,84.8,59.0,71.2,81.9,24.1,24.4,67.3,67.3,100.0,0.0,8.5,2.0,49.4,21.8,24.0,24.6,8.6,4.2,10.3,9.0,27.9,51.5,35.3,32.8,35.2,40.4
Kra Daadi,Arunachal Pradesh,867,92.7,24.8,0.4,12.9,89.6,62.5,18.3,55.1,12.7,9.0,97.7,34.9,20101,37.3,73.5,69.4,7.7,81.0,18.9,,25.3,63.6,70.3,92.2,63.6,71.3,77.1,22.5,45.1,71.3,88.1,100.0,0.0,6.0,1.8,35.9,19.1,14.6,28.8,9.4,5.7,14.5,20.2,29.8,62.0,24.3,2.0,22.6,37.2
Kurung Kumey,Arunachal Pradesh,869,93.4,19.8,0.0,7.7,96.1,45.2,44.1,77.0,23.8,8.6,97.0,62.3,9838,61.1,69.2,64.2,1.6,69.7,17.1,,25.9,71.4,76.7,100.0,71.4,86.6,89.5,45.4,9.9,76.3,47.9,100.0,0.0,4.7,5.6,39.0,18.6,18.7,29.2,15.1,5.3,13.9,5.8,23.3,62.4,35.5,,34.8,42.2
Lohit,Arunachal Pradesh,839,93.0,20.0,0.6,5.4,91.4,66.9,39.6,74.6,34.1,17.6,96.9,66.2,8236,66.2,90.2,84.6,2.6,92.3,19.7,,18.5,74.0,77.0,95.9,80.4,86.8,87.6,23.6,51.2,83.4,73.0,98.2,0.0,7.5,1.7,52.3,23.8,20.8,24.5,12.7,4.9,12.9,7.6,30.9,52.5,47.6,33.2,47.2,51.5
Longding,Arunachal Pradesh,961,88.7,7.9,0.9,2.2,92.0,65.8,39.6,78.4,33.4,7.1,97.0,57.1,3778,55.5,64.5,62.8,0.9,65.0,4.2,,5.1,52.7,75.2,74.5,52.7,59.7,61.5,14.9,34.1,59.7,54.2,85.8,0.0,0.5,0.8,58.0,22.6,20.0,15.8,20.6,14.2,13.8,4.2,13.7,38.4,35.0,19.1,34.1,37.7
Namsai,Arunachal Pradesh,867,89.8,26.7,0.2,11.3,93.0,61.6,35.4,76.7,33.6,8.9,94.6,51.2,4184,52.0,63.6,60.3,6.4,68.8,10.5,,13.5,67.2,83.4,83.5,70.9,80.7,79.3,27.2,44.0,75.1,72.4,98.7,1.3,1.7,0.2,47.4,24.3,21.2,28.7,12.4,4.2,17.7,6.2,18.0,59.2,58.8,52.6,58.6,58.5
Siang,Arunachal Pradesh,1011,79.9,10.0,1.8,0.5,98.1,50.8,31.1,78.7,21.5,5.7,97.1,56.0,8478,55.4,81.1,79.0,2.1,82.7,5.8,,6.3,60.3,,80.8,60.3,81.1,77.5,21.2,42.7,74.7,68.1,,,2.7,0.9,51.4,19.1,17.3,21.3,12.1,7.0,8.8,13.0,15.8,24.9,24.4,15.4,23.9,23.4
Tirap,Arunachal Pradesh,865,91.1,12.0,0.9,4.0,88.4,59.3,35.7,73.9,27.4,14.5,97.6,49.8,12104,51.6,70.2,62.8,4.6,73.9,22.2,,27.0,66.3,71.2,82.8,72.1,77.4,77.9,19.4,37.5,77.4,72.8,96.1,3.9,7.6,3.3,72.0,16.7,16.8,38.6,13.8,7.3,16.0,11.7,28.3,48.4,32.4,24.1,32.0,53.0
West Siang,Arunachal Pradesh,1060,81.9,18.9,2.1,4.7,94.2,49.5,30.4,72.0,9.9,3.0,92.1,61.4,14222,60.6,84.6,79.8,3.4,87.6,17.8,,18.8,55.4,60.0,93.7,57.5,87.8,86.6,24.2,30.0,81.0,64.5,100.0,0.0,3.1,2.2,37.6,21.5,20.7,24.5,15.1,8.1,16.2,14.9,27.4,45.6,31.2,16.8,30.5,36.7
Kokrajhar,Assam,1003,97.1,36.2,0.9,11.3,72.3,67.0,36.9,95.8,61.1,26.4,98.4,68.3,3780,65.5,81.9,76.8,0.9,82.0,12.0,,12.2,51.1,52.6,95.3,59.9,76.2,79.5,21.8,37.8,70.4,52.6,96.4,0.0,3.4,3.8,56.4,10.9,10.0,34.6,20.5,8.9,35.2,4.3,13.7,74.7,59.5,59.5,59.5,63.7
Goalpara,Assam,1027,98.8,41.8,0.3,13.3,64.5,65.3,44.1,96.6,52.2,20.4,98.6,73.5,4407,80.0,92.3,87.2,2.7,94.2,16.2,,13.4,70.3,72.7,98.4,71.9,90.6,90.6,16.3,52.0,87.3,57.8,100.0,0.0,7.8,2.1,45.7,8.0,7.5,38.9,24.3,14.3,35.4,5.4,15.3,60.7,65.5,49.2,64.9,66.9
Barpeta,Assam,1007,96.0,40.1,0.0,14.2,61.5,62.2,43.6,94.9,49.4,21.8,99.1,70.5,4829,73.9,87.6,82.3,0.6,87.6,12.7,,12.4,54.6,59.6,94.3,67.5,73.6,83.8,23.7,40.8,67.8,48.2,97.4,1.4,1.7,1.5,46.4,5.9,5.5,29.8,19.5,7.5,26.2,6.1,16.6,63.5,65.6,47.6,64.8,70.7
Morigaon,Assam,1070,96.8,39.1,1.7,11.6,69.1,64.0,42.0,94.8,53.4,18.4,98.7,67.9,4379,72.6,88.3,82.8,1.7,90.0,12.3,,10.8,73.4,82.9,91.3,77.0,87.9,87.0,9.9,60.3,83.0,60.2,98.6,0.0,5.4,5.9,62.2,8.6,8.6,43.2,16.1,7.5,30.5,4.3,14.2,53.3,64.9,48.0,64.2,71.8
Lakhimpur,Assam,985,98.7,36.3,1.1,8.2,79.7,61.0,51.7,97.3,42.2,14.9,99.6,67.7,5098,77.0,96.2,91.6,1.0,96.8,22.7,,19.9,69.0,72.4,94.5,74.3,87.7,86.3,16.9,53.3,84.6,65.0,100.0,0.0,3.7,3.9,59.0,8.2,7.9,38.5,18.2,7.5,34.4,2.3,12.4,69.3,66.3,42.3,65.4,71.5
Dhemaji,Assam,1022,98.4,32.0,0.6,10.8,74.7,76.2,62.2,96.5,45.3,14.6,98.9,72.8,5168,75.4,87.3,84.1,4.2,91.5,16.1,,15.8,89.7,90.8,96.7,95.3,94.7,93.2,13.8,76.7,90.0,64.1,98.3,0.0,0.9,3.0,45.5,6.9,6.8,37.2,18.3,10.1,25.7,3.5,15.6,73.1,62.9,61.7,62.9,59.3
Tinsukia,Assam,884,92.1,19.8,1.5,6.1,74.6,70.7,63.1,93.9,43.8,19.2,100.0,73.6,5163,77.8,82.6,66.2,1.0,83.2,26.5,58.4,25.5,75.0,78.8,97.2,82.8,92.7,95.1,38.0,39.3,90.2,59.3,82.1,6.0,4.9,2.0,51.6,17.5,16.3,32.8,21.5,9.4,32.2,2.7,16.9,66.4,72.9,71.7,72.8,71.5
Dibrugarh,Assam,979,93.9,23.0,0.0,4.8,79.8,75.8,75.6,94.1,58.9,28.0,99.6,82.1,5125,87.0,93.1,71.6,1.2,95.3,27.7,62.9,19.9,83.8,85.5,97.8,83.8,93.0,97.8,35.1,50.0,93.0,56.5,87.2,7.6,5.8,2.5,52.6,5.7,5.6,27.3,20.6,8.4,32.0,2.0,20.9,66.4,72.0,47.2,70.8,64.3
Golaghat,Assam,1145,90.9,20.7,0.0,9.5,70.6,76.1,65.7,97.7,63.7,26.2,100.0,73.5,5186,83.5,90.4,81.4,2.2,92.1,22.6,,19.6,72.4,75.9,92.6,79.7,84.9,87.5,35.4,47.2,82.8,61.1,95.5,2.2,8.0,4.1,53.6,4.8,4.4,26.3,19.2,5.4,25.5,2.4,16.0,75.1,77.2,76.7,77.2,74.7
Dima Hasao,Assam,908,95.0,16.5,0.7,5.4,79.1,58.9,46.9,96.8,40.8,17.6,99.2,73.8,4825,76.8,89.5,84.6,1.8,91.9,19.7,,18.5,63.6,63.8,91.3,73.6,71.9,71.7,15.9,46.1,69.9,63.3,98.1,0.0,7.0,2.7,58.0,9.3,8.7,30.6,23.6,11.3,21.7,12.5,16.2,73.1,61.1,43.3,60.5,70.9
Cachar,Assam,991,96.0,29.9,1.0,8.5,57.8,52.0,32.7,90.0,35.6,12.0,98.2,57.3,3799,61.4,79.2,74.9,2.1,80.2,12.5,,13.2,70.4,82.1,88.3,74.4,82.5,76.9,9.2,39.9,63.8,67.9,98.6,0.0,4.2,2.1,29.8,2.9,2.7,28.7,30.7,12.5,38.2,3.3,9.1,61.8,58.2,44.0,57.4,57.6
Karimganj,Assam,885,98.2,27.7,2.3,9.9,59.8,54.8,42.8,94.2,39.9,11.4,99.5,63.9,4287,70.2,76.4,69.8,2.4,78.3,7.0,51.4,5.2,75.1,75.9,95.5,84.2,84.0,85.5,22.7,47.3,80.2,74.7,95.0,0.0,7.6,2.3,40.3,4.7,5.3,29.1,48.0,30.5,52.9,1.0,6.6,64.1,52.5,41.9,52.0,60.6
Hailakandi,Assam,951,96.6,32.9,1.7,10.4,56.1,77.6,43.1,96.2,29.0,8.3,100.0,68.8,5090,70.1,83.0,75.1,2.2,84.8,12.8,69.3,9.7,68.6,76.9,95.4,77.8,78.9,85.6,22.1,50.0,77.4,80.0,100.0,0.0,5.1,4.9,24.4,1.7,1.6,42.9,22.2,8.2,42.4,2.0,10.9,59.5,61.5,58.7,61.4,58.1
Bongaigaon,Assam,881,95.2,41.7,0.9,15.4,69.0,65.1,33.9,91.8,46.7,22.3,98.5,57.0,4778,63.3,84.5,74.9,4.9,89.1,15.2,78.7,10.2,67.9,73.2,94.1,74.7,80.4,84.2,17.0,40.0,71.3,65.0,96.8,3.2,4.4,1.6,46.7,17.0,16.5,46.2,20.2,7.4,35.3,8.8,16.9,77.2,71.4,51.2,70.6,73.8
Chirang,Assam,906,99.3,30.9,0.0,13.7,63.5,55.9,56.5,96.1,47.1,22.8,99.2,59.7,5052,63.0,83.7,71.1,2.7,82.9,15.3,69.0,9.3,71.1,68.2,98.2,77.9,86.4,89.3,29.3,43.8,84.5,63.7,96.5,3.5,6.3,1.6,40.5,9.9,9.7,42.7,19.5,8.5,39.7,4.5,13.3,70.4,65.7,54.1,65.2,68.8
Kamrup,Assam,701,91.4,21.9,0.0,15.7,62.1,57.0,46.9,85.9,42.5,24.3,95.5,61.4,8654,67.0,85.0,69.8,4.3,88.5,32.8,72.4,31.1,63.6,73.0,90.5,70.1,86.1,83.0,17.4,38.1,73.2,64.0,93.9,6.1,5.0,1.5,45.5,6.7,6.5,22.6,14.8,5.3,19.7,7.5,23.5,72.9,71.7,66.5,71.5,72.5
Kamrup Metropolitan,Assam,986,95.2,21.9,0.4,10.1,86.3,77.6,68.9,96.3,51.7,16.9,98.3,75.6,8275,79.9,89.1,55.7,2.2,90.1,38.0,65.8,28.7,53.6,69.0,90.6,59.1,77.0,74.7,11.1,50.9,71.2,54.9,78.9,19.2,5.2,1.3,53.0,1.1,1.0,25.4,18.2,7.3,25.0,8.7,21.3,80.4,75.2,56.4,74.6,80.6
Nalbari,Assam,994,97.1,28.1,0.4,8.6,74.0,70.7,55.9,92.8,38.6,16.7,96.9,73.8,6478,73.2,91.8,69.2,0.4,91.4,38.7,82.8,28.8,65.5,79.8,89.9,73.4,85.2,87.7,24.4,44.1,71.1,58.4,97.6,0.0,3.6,2.2,41.8,9.1,8.8,27.5,15.4,4.9,26.7,4.6,21.8,71.0,66.9,53.2,66.4,66.8
Baksa,Assam,1097,97.9,24.9,0.0,12.3,67.0,61.1,56.0,95.0,56.2,30.2,99.8,65.0,7312,70.9,89.9,82.2,4.6,92.1,17.6,81.7,13.8,70.5,67.3,93.6,78.3,87.2,91.9,26.6,53.8,68.3,55.8,100.0,0.0,5.8,0.8,34.9,12.6,14.0,41.2,17.0,6.2,34.0,8.6,18.8,78.6,73.8,65.3,73.6,76.6
Darrang,Assam,757,96.9,42.8,0.6,16.1,62.2,56.5,37.5,91.1,43.3,22.3,99.0,53.2,7001,66.3,84.4,81.1,2.3,87.0,10.8,,10.0,57.1,58.1,94.9,68.7,76.7,82.2,11.9,34.4,70.4,48.2,98.9,1.1,2.1,2.3,51.7,9.2,9.1,42.0,27.0,9.1,33.1,5.6,13.3,66.8,71.4,51.6,70.4,69.9
Udalguri,Assam,1255,96.1,32.0,1.1,4.7,61.8,50.1,49.8,91.0,44.2,25.7,99.6,53.1,6731,62.9,86.2,78.5,1.9,87.9,14.4,,10.8,38.3,52.0,78.6,48.6,68.0,75.9,20.9,52.2,65.7,53.2,88.0,0.0,3.2,2.3,46.5,2.6,2.5,33.8,21.3,11.6,32.5,5.2,14.0,77.6,82.2,63.9,81.5,72.6
Biswanath,Assam,1014,98.7,25.3,0.8,9.0,70.9,41.2,46.5,94.6,63.7,21.4,99.3,56.5,3676,58.1,84.3,74.0,0.6,84.6,15.3,70.6,11.0,66.2,74.3,88.3,69.2,82.5,87.2,26.4,54.0,82.6,61.4,100.0,0.0,3.7,2.0,62.7,14.8,14.5,42.7,27.1,13.7,41.0,3.3,10.6,79.8,65.1,45.1,64.4,67.8
Charaideo,Assam,1040,94.4,22.6,0.0,3.8,68.7,74.1,64.5,95.9,51.7,19.4,98.7,70.5,4858,72.8,88.2,76.7,2.2,90.5,20.0,62.5,16.7,74.0,81.5,96.2,82.0,90.1,90.0,27.8,35.9,79.6,58.0,87.7,7.6,9.8,2.2,58.3,10.5,9.9,39.0,23.5,7.3,34.8,4.0,10.3,69.7,72.6,61.6,72.3,76.1
Dhubri,Assam,914,96.4,50.8,1.0,22.4,48.8,49.9,37.6,97.0,47.6,14.6,98.2,48.4,4691,54.5,64.2,61.8,5.8,68.9,6.9,,8.0,71.6,69.5,90.5,77.3,82.7,84.0,31.8,47.4,81.4,50.6,96.9,0.0,9.8,1.7,57.9,6.6,7.4,48.5,21.5,6.7,37.8,6.0,12.4,73.1,63.0,69.7,63.2,65.2
Hojai,Assam,1017,98.7,30.9,1.2,15.6,64.6,52.7,51.3,96.2,50.5,16.0,98.3,63.9,5299,68.4,82.1,59.4,4.1,83.5,18.4,51.6,11.2,55.5,63.6,82.1,60.9,60.8,59.3,14.6,41.4,55.6,52.1,86.4,7.8,4.4,2.4,54.9,2.8,2.7,39.3,12.7,4.6,28.4,6.0,20.1,56.8,56.6,51.4,56.3,54.3
Jorhat,Assam,833,92.8,24.9,0.4,12.9,76.7,78.3,67.0,97.4,52.1,26.6,99.2,81.4,8435,85.4,96.5,74.9,0.4,97.4,44.4,87.7,33.9,69.2,70.4,100.0,79.4,79.8,83.3,25.9,50.3,78.4,50.9,94.2,4.1,6.3,3.0,51.6,10.8,11.5,38.7,15.5,5.1,33.2,5.4,19.9,74.1,72.4,56.4,71.8,75.1
Karbi Anglong,Assam,882,93.0,26.1,0.0,9.1,77.6,64.8,63.9,90.9,35.3,9.0,96.4,56.9,6822,61.0,74.9,69.2,3.4,78.3,15.2,,16.4,64.3,74.3,88.7,65.9,75.3,76.2,4.9,42.9,66.9,44.9,91.4,1.6,2.2,2.2,50.3,20.5,18.1,31.6,17.2,8.7,28.2,4.3,15.7,67.5,59.5,42.1,59.0,57.5
Majuli,Assam,754,98.1,25.5,1.0,10.4,75.4,76.1,72.2,97.2,56.7,13.7,98.4,73.5,6227,73.5,90.3,85.8,3.2,93.5,22.5,,21.9,78.6,83.9,95.2,84.3,86.4,90.9,17.9,55.6,80.3,62.0,100.0,0.0,3.6,3.0,51.1,14.9,14.2,35.4,14.1,3.9,22.2,3.8,14.4,73.0,68.1,,67.8,65.5
Nagaon,Assam,969,99.2,42.6,1.7,15.0,58.4,73.1,59.4,97.1,46.5,12.3,98.3,62.0,5670,65.3,83.7,73.4,2.7,86.7,17.9,80.8,13.0,58.2,68.0,86.9,67.2,73.6,67.3,9.6,31.4,64.6,47.9,95.3,3.3,8.7,2.8,61.6,8.5,8.6,38.9,19.4,5.2,32.4,7.4,13.2,68.6,61.0,62.4,61.0,65.1
Sivasagar,Assam,915,97.1,27.9,0.8,12.8,75.7,85.1,80.9,96.5,53.7,23.8,100.0,73.8,5466,83.4,95.3,76.2,0.4,95.6,30.0,75.3,20.6,77.6,76.7,95.7,81.9,90.5,90.5,22.5,30.4,83.8,64.9,97.8,2.2,5.1,0.4,54.9,24.8,24.4,26.1,21.1,6.1,25.9,3.5,21.5,67.5,68.0,54.3,67.6,67.2
Sonitpur,Assam,1325,96.0,24.0,0.3,6.5,63.4,48.8,45.5,99.2,56.4,16.9,98.5,63.5,5123,67.4,83.5,73.1,1.3,82.8,21.1,73.4,18.5,70.9,76.8,90.4,76.5,76.8,80.4,21.5,62.4,75.0,58.7,100.0,0.0,4.3,2.4,49.8,4.4,4.3,36.7,13.1,4.5,21.9,3.2,13.1,69.4,64.3,47.3,63.6,55.5
South Salmara Mancachar,Assam,911,97.6,44.7,0.7,22.0,60.6,60.1,35.3,93.0,47.4,18.3,99.4,62.6,3092,56.1,71.7,69.9,8.1,79.4,5.0,,5.5,65.8,66.0,97.0,74.1,81.9,85.3,6.6,47.1,73.7,65.8,100.0,0.0,5.4,3.9,50.4,7.9,7.1,38.9,18.2,7.1,27.9,5.9,8.5,69.6,58.2,37.6,57.1,64.5
West Karbi Anglong,Assam,1105,95.4,21.3,1.7,6.0,77.3,55.5,46.7,87.6,39.9,10.6,98.7,55.7,3597,60.5,72.5,68.9,12.0,84.5,6.4,,6.0,47.9,54.5,92.7,52.9,70.3,66.6,3.3,50.5,65.7,42.1,100.0,0.0,6.8,2.9,56.2,14.5,12.8,40.9,23.2,12.7,31.1,3.9,9.4,79.0,58.8,38.8,57.9,58.8
Pashchim Champaran,Bihar,904,71.5,39.1,5.8,12.5,42.9,55.0,25.4,89.7,9.9,6.5,83.9,57.3,1882,64.1,79.5,60.6,4.0,78.4,6.4,25.2,2.8,62.1,82.7,88.8,74.7,74.3,79.9,21.4,1.0,73.4,62.4,96.8,2.0,22.1,6.6,25.9,9.4,13.6,43.5,13.2,5.4,30.3,2.4,20.6,61.6,49.8,61.4,50.6,56.3
Purba Champaran,Bihar,841,68.8,49.2,4.8,12.7,41.5,45.4,21.7,86.4,18.4,9.8,83.5,43.7,2811,41.8,61.5,43.0,7.9,67.4,5.4,22.7,2.8,68.3,73.8,90.8,74.1,79.2,77.0,23.0,0.9,77.7,51.5,94.5,5.5,13.4,4.7,33.7,14.9,15.4,49.1,16.8,5.7,37.9,3.8,16.3,61.0,57.1,61.1,57.3,64.4
Sheohar,Bihar,1017,82.5,34.6,4.7,3.3,57.3,62.8,25.3,94.0,11.3,5.0,93.2,61.1,2090,58.7,74.3,63.8,6.4,77.0,5.3,39.2,2.0,62.9,73.5,92.8,69.0,75.0,81.3,19.9,3.8,75.0,59.2,98.7,1.3,8.7,5.2,27.3,2.9,3.5,34.4,35.4,21.4,42.2,3.4,7.6,73.1,63.4,37.3,61.6,64.3
Sitamarhi,Bihar,1009,78.9,46.8,6.3,13.1,47.6,57.8,20.3,87.6,14.3,9.6,91.1,51.1,2538,57.3,64.4,49.9,7.9,69.6,8.5,40.8,5.3,66.6,76.1,92.7,70.4,78.3,78.4,27.3,0.9,77.7,60.0,100.0,0.0,26.6,3.4,22.6,17.4,16.3,54.2,16.2,4.7,40.8,2.2,13.9,70.0,61.8,59.7,61.7,61.4
Madhubani,Bihar,805,81.1,39.2,3.3,10.2,57.4,67.5,34.9,94.0,16.2,9.1,91.5,58.9,2426,61.0,73.7,52.4,7.8,78.5,13.2,51.2,4.2,74.1,85.6,95.7,80.3,85.7,91.2,38.6,0.0,83.1,74.7,96.0,2.0,30.2,4.4,27.7,13.4,12.0,43.3,17.1,6.0,36.0,2.0,13.7,71.0,60.9,68.0,61.4,69.2
Supaul,Bihar,884,67.9,55.9,5.6,17.0,55.4,59.0,30.9,89.8,13.2,8.0,96.1,60.7,1760,64.2,80.4,73.6,4.2,79.4,3.7,26.4,2.6,73.6,80.5,99.2,76.8,88.0,85.5,31.3,0.0,81.7,50.5,99.3,0.0,39.3,5.0,37.0,14.1,14.5,42.3,25.8,8.2,45.0,1.4,9.4,63.6,61.0,56.1,60.7,63.2
Araria,Bihar,885,59.8,52.0,6.8,13.3,36.4,41.6,25.8,86.4,17.6,7.6,90.6,46.4,3606,48.2,66.2,51.5,6.5,70.3,9.2,45.2,4.9,61.6,71.1,90.0,67.3,77.4,83.0,32.3,0.0,74.2,57.1,94.7,1.6,16.3,6.0,30.6,13.1,12.8,49.9,23.9,5.2,47.8,3.0,9.9,75.8,67.7,70.5,67.9,64.0
Kishanganj,Bihar,1016,74.3,36.6,5.2,10.0,39.8,37.6,17.1,79.2,17.5,10.9,84.7,40.7,4174,42.1,54.6,41.5,12.4,64.9,12.1,71.0,6.6,67.3,80.9,93.2,70.2,80.3,82.0,18.6,1.7,77.4,53.2,97.3,1.7,9.1,1.8,16.9,12.1,13.1,38.8,23.9,7.6,41.1,1.5,11.6,67.5,64.9,68.4,65.1,62.6
Purnia,Bihar,938,73.5,51.2,7.4,21.4,51.5,26.3,11.1,83.6,12.7,6.5,93.4,41.0,4083,41.5,68.9,55.7,9.3,74.2,7.1,37.1,3.9,62.7,81.8,88.1,67.7,80.0,79.5,19.5,3.7,71.1,65.2,96.7,3.3,12.4,2.7,26.1,6.0,5.5,43.5,25.8,8.0,47.1,0.8,14.4,68.0,65.1,74.6,66.0,64.0
Katihar,Bihar,888,80.9,49.4,4.4,16.1,49.5,40.9,15.3,84.4,16.2,8.4,91.7,41.7,2333,44.3,66.9,59.9,9.3,73.8,4.0,37.8,2.3,73.7,82.6,93.2,79.1,84.1,83.9,26.1,3.1,78.3,50.2,92.1,0.9,10.6,2.1,25.8,13.6,13.8,43.9,23.5,8.7,48.1,1.4,13.1,65.6,68.9,61.0,68.4,66.7
Madhepura,Bihar,1058,61.8,52.0,6.5,20.8,49.6,53.8,20.9,87.7,14.9,8.2,95.6,49.5,982,58.9,75.0,68.8,5.3,77.1,3.0,39.0,1.0,72.0,87.7,97.6,77.7,83.2,86.5,29.5,0.0,77.6,55.8,98.4,1.6,13.6,1.6,34.0,6.9,6.9,46.3,20.6,6.2,43.5,1.5,12.9,67.7,65.4,69.0,65.7,70.4
Saharsa,Bihar,1034,75.8,51.0,4.9,23.5,43.5,34.8,11.7,82.7,12.1,4.4,95.1,38.5,2273,40.8,70.4,62.0,5.6,72.9,6.1,42.7,4.0,72.2,88.5,97.1,74.5,85.1,87.2,35.2,0.8,82.8,57.4,98.8,1.2,8.8,2.0,38.0,11.8,10.3,47.8,20.5,8.3,42.7,1.9,12.8,69.3,65.7,61.8,65.3,67.9
Darbhanga,Bihar,812,86.1,45.1,4.0,10.3,57.5,51.8,24.9,91.9,22.0,12.2,87.6,50.5,3230,50.9,69.9,55.8,10.7,75.9,10.6,52.7,5.7,66.3,80.7,95.2,69.0,78.3,81.9,30.4,0.0,78.3,60.4,94.9,5.1,14.3,3.8,30.9,13.4,14.0,45.4,19.3,6.4,39.2,1.5,13.4,68.9,61.3,52.5,60.8,59.7
Muzaffarpur,Bihar,685,82.2,32.9,5.5,8.2,67.8,55.9,28.2,93.8,13.7,8.1,84.1,55.9,3663,55.9,72.5,51.3,7.9,78.2,10.5,40.3,3.9,74.9,83.7,99.1,75.9,88.5,91.9,34.4,1.1,88.4,57.8,98.0,2.0,14.6,4.3,29.7,16.3,17.2,42.6,19.9,8.1,34.7,1.9,16.5,64.6,58.7,61.7,58.9,66.1
Gopalganj,Bihar,943,87.8,28.0,3.5,7.6,63.8,53.2,27.9,90.1,23.6,8.6,89.6,53.9,2559,54.2,85.9,60.3,3.3,88.0,9.1,27.5,3.4,75.8,97.9,98.4,79.0,91.1,89.6,37.0,1.7,91.1,69.1,98.1,1.9,6.1,5.9,38.6,14.9,13.8,34.2,21.5,9.8,29.2,3.5,17.9,56.1,53.8,54.0,53.8,54.1
Siwan,Bihar,1060,86.5,21.3,3.8,2.6,55.8,61.0,30.3,96.6,21.1,12.8,82.9,63.9,4135,63.0,86.4,65.3,4.4,86.9,11.3,37.8,5.2,76.1,83.2,97.4,78.4,92.6,86.4,25.3,0.0,87.2,48.3,100.0,0.0,15.8,7.4,21.9,10.8,10.8,36.7,18.2,5.8,30.8,3.1,23.3,63.9,53.0,58.0,53.1,64.0
Saran,Bihar,779,73.1,26.2,4.2,6.2,59.0,44.4,30.7,88.1,14.8,8.5,94.3,54.1,2903,58.3,73.0,57.2,8.6,79.1,8.0,43.9,1.9,72.0,85.7,95.2,75.7,89.1,88.9,31.1,16.2,83.1,50.2,99.1,0.9,15.9,1.6,28.2,5.9,7.1,39.7,28.8,10.0,45.0,2.0,19.1,69.8,63.0,59.1,62.8,70.9
Vaishali,Bihar,1118,81.5,44.9,4.6,8.1,68.2,46.7,24.5,80.8,14.8,6.8,88.5,57.4,2571,64.3,81.6,63.1,6.5,84.8,9.5,39.9,3.4,71.0,84.2,97.4,74.8,85.0,82.3,13.2,5.3,72.7,55.8,98.1,1.0,15.0,3.9,27.6,12.1,11.7,38.3,19.6,6.5,38.4,3.8,16.9,77.1,62.9,66.8,63.1,69.6
Samastipur,Bihar,890,88.5,49.8,5.3,14.9,58.7,53.4,23.5,90.4,20.8,8.9,90.4,52.1,2268,51.5,83.4,71.9,2.9,83.7,6.2,47.2,1.0,71.4,85.5,99.0,74.6,89.5,89.4,30.5,0.0,88.5,64.1,98.3,1.7,10.6,4.5,27.0,17.5,17.7,44.0,21.3,7.9,42.8,1.7,15.2,67.2,59.9,69.7,60.5,65.9
Begusarai,Bihar,1058,81.7,49.5,5.9,12.1,70.7,46.5,21.6,88.6,21.4,11.8,87.8,58.6,1710,60.9,86.0,63.6,3.4,85.6,6.3,25.3,0.9,65.8,80.8,96.6,72.9,82.3,81.0,24.5,2.5,80.4,57.2,96.5,1.7,11.9,3.1,42.0,5.5,4.6,37.8,21.0,8.8,35.6,4.0,17.6,74.5,63.2,58.7,62.9,64.3
Khagaria,Bihar,918,66.8,44.9,6.0,15.1,50.5,44.6,17.4,83.9,15.8,3.5,89.5,54.2,4327,52.2,74.2,64.0,8.8,82.3,4.4,38.0,0.8,64.7,84.3,97.1,73.1,83.7,82.6,31.4,2.6,82.9,62.9,92.9,2.6,13.9,1.6,26.3,16.5,16.3,34.8,25.3,9.3,36.4,1.4,18.1,67.1,59.1,62.9,59.5,65.1
Bhagalpur,Bihar,879,74.1,42.4,3.4,14.3,75.6,53.3,27.6,89.9,28.0,16.8,85.4,54.0,2975,60.5,77.2,52.1,6.3,77.5,11.5,33.6,5.9,66.8,81.0,96.0,73.4,91.1,91.8,51.9,15.6,89.2,46.2,84.7,8.3,10.9,1.1,33.4,5.4,8.1,40.0,21.2,8.3,40.4,2.8,19.4,78.7,73.7,63.7,73.0,73.9
Banka,Bihar,991,73.8,49.4,2.4,19.2,62.8,70.7,31.7,93.6,24.5,14.7,84.0,72.3,8076,74.7,79.8,68.0,3.8,80.4,7.5,38.8,4.3,88.1,89.5,98.1,90.2,92.9,95.0,42.3,2.2,93.8,42.8,99.1,0.9,6.9,2.3,41.1,3.1,2.8,46.7,26.9,11.0,45.8,5.2,13.4,77.8,65.7,68.6,65.9,60.4
Munger,Bihar,966,84.8,34.7,4.2,9.6,80.2,68.7,36.8,90.5,33.0,15.3,89.8,80.7,2461,83.4,93.2,60.0,2.8,92.3,21.8,48.4,9.5,73.4,84.8,95.0,75.1,85.9,86.8,44.1,1.2,83.4,44.6,97.6,1.3,14.5,2.6,28.3,5.8,5.1,35.5,26.7,9.1,39.5,2.4,20.9,74.3,71.3,72.9,71.4,73.8
Lakhisarai,Bihar,886,74.8,56.1,4.6,13.0,64.9,66.1,28.0,92.8,21.1,8.0,87.1,66.7,9523,74.1,75.8,58.4,5.4,76.2,9.3,44.2,2.8,68.9,76.8,92.9,73.7,82.4,83.9,23.7,0.0,82.4,41.8,97.7,2.3,9.7,1.3,36.0,3.6,3.6,42.7,25.6,10.4,45.1,1.4,16.2,77.2,72.9,67.8,72.6,75.1
Sheikhpura,Bihar,888,82.9,46.1,5.7,10.2,68.1,68.8,28.4,95.8,24.1,6.7,87.7,77.1,1842,78.7,89.2,69.7,3.7,91.8,14.6,43.5,8.8,82.8,86.6,99.2,85.6,90.0,88.7,31.4,1.2,87.2,42.8,99.4,0.6,9.1,6.8,25.2,5.0,5.5,53.6,16.3,7.7,37.6,5.6,13.3,80.1,69.7,64.2,69.5,73.9
Nalanda,Bihar,959,73.3,42.0,4.9,10.0,64.4,64.7,29.3,94.2,16.4,5.3,87.6,77.5,2628,73.0,80.3,53.9,6.4,85.1,17.1,45.1,9.6,75.2,83.8,95.7,82.2,86.6,83.4,22.4,0.0,84.9,44.1,100.0,0.0,12.4,5.3,22.4,7.5,9.6,42.6,27.8,12.1,46.7,1.8,16.0,80.3,71.5,61.7,71.0,70.2
Patna,Bihar,1002,73.6,26.6,8.0,10.1,74.3,51.7,17.9,83.0,20.7,15.7,88.8,59.0,2863,63.1,89.1,51.0,3.3,81.4,22.0,47.0,7.9,56.6,72.5,98.4,67.0,83.9,78.6,20.9,11.0,78.7,58.4,94.9,5.1,9.3,0.7,34.1,9.0,8.3,34.5,27.5,10.6,39.6,1.4,21.5,65.4,67.3,63.7,67.1,62.8
Bhojpur,Bihar,872,70.7,31.2,4.2,5.3,60.8,42.7,33.5,93.8,15.5,6.2,93.3,56.1,2214,62.4,86.9,61.8,2.3,87.5,12.6,37.4,5.2,61.9,80.6,98.4,64.1,80.6,85.7,24.1,3.6,80.9,40.3,97.8,0.8,11.8,1.4,25.5,8.4,7.7,40.7,31.3,13.0,44.0,2.2,20.8,67.7,73.9,68.3,73.6,72.7
Buxar,Bihar,886,77.1,30.8,5.8,7.2,56.6,61.5,27.4,93.4,21.1,9.8,92.2,66.9,1686,68.3,89.5,50.9,2.8,90.6,7.7,19.1,0.7,75.0,81.7,97.3,75.0,90.5,90.5,35.7,6.3,89.6,50.4,90.4,6.4,10.4,3.7,36.9,8.4,8.3,39.6,33.2,15.1,45.3,4.9,16.6,68.3,67.0,55.1,66.2,66.0
Kaimur (Bhabua),Bihar,944,77.9,27.1,6.5,2.6,58.9,62.4,25.6,93.5,11.2,3.6,97.2,81.6,1671,77.0,83.3,63.2,5.2,86.0,7.4,31.9,1.6,88.9,90.4,98.2,89.9,91.4,93.5,32.1,14.0,87.4,67.5,98.9,1.1,3.1,4.2,48.5,13.1,13.4,44.1,27.3,15.9,47.2,2.5,11.8,71.4,70.6,62.4,70.3,70.8
Rohtas,Bihar,924,73.9,30.3,6.1,4.6,72.3,64.9,34.2,95.0,17.4,7.7,91.2,85.0,1621,80.7,89.1,51.7,3.7,91.3,14.1,35.7,1.5,86.8,93.6,97.6,86.8,95.8,95.8,45.5,7.7,95.8,71.5,98.9,1.1,3.6,3.1,31.3,2.4,2.6,40.0,31.8,18.0,48.2,2.5,19.8,70.3,65.6,51.0,64.9,66.3
Aurangabad,Bihar,886,75.4,27.3,3.6,7.3,68.4,53.6,29.3,93.2,20.3,9.4,92.3,71.5,1804,72.0,77.5,61.9,9.1,84.6,10.2,52.7,3.1,89.7,90.6,99.4,91.3,95.9,96.8,33.3,6.1,91.2,63.9,99.2,0.0,7.1,2.5,35.5,6.3,5.8,41.2,32.9,18.5,48.7,4.7,10.0,68.4,60.9,53.1,60.5,56.9
Gaya,Bihar,863,70.7,42.8,2.5,7.2,72.8,63.2,25.1,94.9,18.9,7.1,93.4,72.5,1927,75.4,76.6,49.1,4.2,77.7,14.4,48.3,2.3,85.0,84.2,97.1,90.7,92.6,92.5,26.5,7.3,91.8,47.1,95.7,2.3,5.1,4.1,42.4,10.4,12.5,47.4,24.3,9.3,43.5,3.7,10.8,76.7,64.3,64.4,64.3,65.5
Nawada,Bihar,865,65.9,43.3,3.8,9.4,65.7,69.5,31.6,94.8,17.5,9.5,88.1,74.1,2858,80.5,79.9,51.5,4.2,79.5,12.4,41.7,1.0,74.5,85.2,94.6,79.0,87.9,87.5,37.5,0.8,86.4,37.3,96.7,0.7,3.4,2.8,36.9,4.2,5.1,49.4,18.2,9.1,37.3,1.1,15.7,73.3,70.1,74.3,70.4,73.7
Jamui,Bihar,986,68.4,51.9,2.9,15.4,63.1,73.8,37.9,95.2,27.8,11.7,87.8,66.7,5290,69.8,73.4,53.3,4.0,72.7,7.5,31.2,2.3,66.4,80.2,97.5,68.2,77.4,85.7,27.9,0.0,76.7,30.2,98.9,0.9,2.1,1.9,36.8,3.3,3.3,43.0,19.4,8.8,37.5,1.7,12.7,81.9,76.2,60.6,75.2,75.9
Jehanabad,Bihar,1066,75.1,41.6,5.6,12.0,53.2,58.4,17.4,94.2,24.2,16.1,95.8,77.7,1512,71.2,89.1,61.6,1.3,88.3,20.3,64.8,3.9,70.3,79.1,100.0,77.2,88.4,97.2,39.6,5.8,87.1,68.4,98.0,2.0,11.2,3.4,45.1,6.4,6.6,41.3,36.6,15.2,51.7,1.8,14.3,61.9,67.8,72.1,68.1,72.3
Arwal,Bihar,815,69.9,37.5,3.2,8.8,54.5,57.4,34.5,94.2,17.2,6.9,95.5,70.1,1933,70.1,79.2,58.6,5.4,83.1,12.7,57.3,1.5,84.2,89.0,97.3,85.0,93.9,94.7,51.4,4.2,92.2,57.8,98.3,1.7,13.4,5.0,44.1,10.3,11.5,45.6,36.8,14.8,52.9,2.9,12.4,65.8,66.6,70.4,66.9,66.3
Chandigarh,Chandigarh,838,97.6,9.7,,0.8,9.0,82.3,78.7,93.2,73.9,64.5,97.2,90.6,5546,89.3,96.9,83.2,0.2,97.0,31.3,44.3,30.4,80.9,82.8,96.8,80.9,87.9,87.9,15.0,84.9,84.9,72.6,92.9,7.1,4.3,0.3,63.7,22.7,19.0,25.3,8.4,2.3,20.6,1.9,44.0,54.6,60.1,,60.3,57.7
Koriya,Chhattisgarh,864,96.7,22.9,1.8,5.0,65.7,69.7,70.0,94.0,59.6,38.7,97.9,78.2,1348,71.5,80.8,70.7,7.7,88.2,10.9,50.5,8.2,87.1,87.0,90.2,90.4,92.5,92.5,21.2,74.5,92.5,81.7,97.1,2.9,1.2,0.4,31.5,8.6,8.0,32.1,18.1,4.7,31.8,0.3,17.3,56.3,65.0,54.1,64.4,48.3
Jashpur,Chhattisgarh,951,97.0,21.9,1.8,5.5,68.2,56.4,48.6,91.1,50.5,32.0,97.1,82.7,1635,80.7,85.6,66.2,1.7,78.6,13.4,44.0,7.4,94.2,94.1,95.5,95.5,95.5,96.9,28.0,76.9,95.5,90.2,100.0,0.0,1.3,0.0,31.3,6.0,5.8,35.8,17.0,3.9,33.6,1.0,13.4,54.1,61.8,54.5,61.5,60.3
Raigarh,Chhattisgarh,812,97.2,11.5,1.8,1.3,69.1,57.7,55.4,95.6,58.0,31.8,100.0,89.6,2137,88.9,87.7,72.3,3.3,85.8,18.9,61.3,13.1,90.9,91.9,100.0,90.9,92.8,95.2,13.5,76.8,92.8,88.3,99.2,0.8,1.9,0.8,37.6,4.8,4.5,39.1,14.9,2.9,28.0,0.6,14.9,62.7,62.5,54.2,62.2,59.5
Korba,Chhattisgarh,989,94.5,7.2,2.0,1.2,65.2,49.7,49.3,84.2,26.5,15.4,92.9,76.7,1943,70.7,75.4,57.4,7.1,78.2,18.1,63.9,11.6,68.4,89.3,91.0,72.2,75.9,83.9,48.3,36.0,72.7,74.1,91.6,1.8,5.3,0.3,26.4,4.5,4.0,34.7,14.7,8.0,27.9,6.3,16.2,63.6,66.9,54.6,66.4,70.5
Janjgir - Champa,Chhattisgarh,795,96.0,10.2,1.5,3.5,78.4,63.1,62.8,90.9,34.2,21.5,97.6,85.9,2597,82.6,86.2,64.7,8.4,91.6,22.8,66.6,13.1,85.5,86.8,94.1,90.7,89.5,92.9,50.5,30.9,92.6,86.6,94.7,5.3,6.2,2.1,31.4,5.0,4.8,32.5,24.6,12.0,30.2,6.6,12.8,74.1,66.6,60.0,66.3,67.9
Kabeerdham,Chhattisgarh,826,98.6,15.3,1.5,1.5,63.5,67.2,58.9,89.3,59.8,36.9,99.2,93.0,1340,94.3,91.7,77.7,3.4,93.4,9.6,50.4,3.2,95.4,96.9,98.5,96.9,95.4,96.9,21.0,80.4,95.4,86.5,100.0,0.0,0.0,0.0,44.4,7.0,6.8,37.9,12.0,3.1,27.3,6.0,11.8,67.5,43.9,35.6,43.6,45.4
Rajnandgaon,Chhattisgarh,988,99.7,3.8,0.7,1.4,73.6,79.8,76.1,93.9,52.7,28.1,100.0,90.5,813,84.5,95.5,86.3,2.8,96.8,10.8,59.7,6.1,91.0,91.0,100.0,92.6,95.1,95.1,33.6,69.5,95.1,91.3,100.0,0.0,2.9,0.0,20.1,11.0,10.6,27.6,19.4,6.5,31.0,2.2,12.8,80.5,58.6,,58.3,55.5
Mahasamund,Chhattisgarh,1077,98.5,9.5,1.1,1.2,61.4,69.4,65.8,92.3,35.1,18.9,98.9,89.1,2077,87.2,92.9,72.6,4.0,96.3,10.2,31.7,5.2,82.1,86.3,98.2,86.2,87.4,92.2,30.1,22.9,86.5,88.5,98.3,1.8,5.1,2.4,41.7,16.9,15.7,36.8,14.0,3.6,25.8,3.4,12.6,75.8,63.4,56.5,63.0,63.0
Dhamtari,Chhattisgarh,1120,99.6,5.8,0.4,1.0,82.9,61.2,70.4,94.2,56.8,38.3,99.5,84.3,1601,83.7,94.3,70.4,4.1,96.6,22.9,57.8,12.9,80.6,82.3,100.0,89.0,86.0,95.9,18.9,44.9,89.2,92.8,100.0,0.0,1.4,3.1,23.3,7.3,8.9,30.5,17.9,6.0,28.9,2.7,12.7,67.3,60.0,,59.6,59.8
Uttar Bastar Kanker,Chhattisgarh,1131,98.5,5.4,0.5,0.8,80.6,78.1,77.9,93.3,56.2,42.9,99.3,87.4,1509,88.1,94.1,83.9,1.7,92.8,11.0,,7.0,89.5,97.0,94.6,92.3,91.8,91.8,42.5,44.0,89.5,91.0,100.0,0.0,3.2,2.8,28.8,8.4,8.0,24.8,24.5,15.7,36.1,2.6,6.8,62.3,66.3,33.4,65.2,69.2
Narayanpur,Chhattisgarh,1102,91.6,11.1,1.3,2.5,55.6,60.1,59.1,96.1,40.5,24.2,98.3,76.9,797,71.3,74.2,67.2,11.5,82.5,5.8,,5.3,81.7,82.7,100.0,84.5,87.1,87.3,14.7,63.4,83.8,82.7,94.2,0.0,4.6,1.6,33.2,16.3,14.8,43.7,21.5,8.3,39.5,6.3,5.7,86.8,72.8,57.2,72.0,72.0
Bijapur,Chhattisgarh,1045,87.1,18.3,2.3,5.2,47.1,53.1,56.9,92.1,32.5,20.1,96.8,64.9,776,58.2,63.6,62.3,11.5,73.8,3.6,,4.9,78.4,79.0,92.7,84.6,83.2,83.8,33.6,63.9,83.0,84.8,98.4,1.6,4.5,2.8,25.4,16.9,16.4,53.8,20.0,8.0,46.1,3.9,6.0,77.2,72.9,60.3,72.1,68.7
Balod,Chhattisgarh,1068,99.1,3.3,0.3,0.0,84.8,72.7,81.5,93.7,46.9,24.2,99.4,90.8,1905,89.1,97.4,85.8,2.7,99.2,17.8,58.1,13.0,85.2,92.4,100.0,85.2,92.0,92.4,28.9,56.7,89.8,90.3,97.7,2.3,1.3,1.2,22.4,2.9,2.9,33.6,15.1,8.0,36.0,7.7,12.2,68.3,56.6,48.6,56.4,59.7
Baloda Bazar,Chhattisgarh,1021,96.0,11.4,2.2,2.7,59.8,59.3,49.5,86.5,21.6,12.6,98.6,72.6,2491,69.7,78.1,65.8,10.2,86.2,9.7,64.7,2.6,77.3,84.7,97.0,80.3,87.6,89.8,32.4,27.4,86.0,77.1,98.6,1.4,4.7,3.0,35.4,12.3,11.5,40.9,19.4,9.4,34.1,7.3,14.7,67.8,61.5,56.2,61.2,60.2
Balrampur,Chhattisgarh,887,94.6,24.6,2.6,9.1,60.7,76.4,52.1,89.4,55.0,34.2,88.5,78.6,966,72.7,78.9,72.7,10.4,89.2,8.8,,8.2,76.1,86.2,92.4,76.1,86.4,89.2,17.0,61.0,84.9,83.2,98.5,1.6,1.1,0.5,38.3,14.1,13.4,35.1,23.0,7.9,38.8,1.6,9.9,50.1,63.2,65.5,63.4,55.6
Bastar,Chhattisgarh,1042,89.3,17.3,1.8,6.0,53.1,57.3,55.1,94.8,31.1,18.2,92.4,69.2,3279,64.6,63.5,56.1,13.8,72.6,6.6,46.9,5.5,57.3,61.1,93.9,61.8,85.0,81.4,32.0,24.2,76.0,87.4,97.9,2.1,18.5,5.3,42.0,10.6,10.6,48.1,20.4,9.1,45.2,5.2,8.7,80.7,77.1,79.0,77.2,80.3
Bemetara,Chhattisgarh,987,99.4,15.1,1.2,4.9,63.9,77.4,54.6,89.0,54.6,34.8,99.7,91.5,2515,91.9,95.0,84.6,2.0,93.9,13.2,67.6,7.2,93.4,93.4,100.0,93.4,93.4,95.7,28.3,64.1,93.4,89.0,100.0,0.0,1.3,0.0,27.4,15.5,14.7,38.4,16.4,3.9,27.6,4.1,14.9,61.8,46.9,49.2,47.0,50.3
Bilaspur,Chhattisgarh,1070,94.2,11.2,2.6,5.2,70.7,52.5,46.9,84.6,30.0,9.2,92.9,75.7,2344,78.6,79.4,55.8,8.1,85.6,19.0,57.2,9.9,52.5,69.5,94.0,65.8,77.5,80.1,36.7,38.9,73.3,62.7,89.1,11.0,5.1,0.8,33.6,15.7,15.2,25.7,24.0,10.9,28.0,4.4,17.1,78.1,59.3,41.4,58.5,63.9
Dantewada,Chhattisgarh,1296,95.4,16.3,2.1,6.7,56.7,65.3,68.2,96.6,27.5,12.6,98.7,84.9,710,84.9,90.5,84.1,2.5,88.7,5.1,,3.9,77.6,73.7,95.1,85.8,90.0,83.8,27.8,47.5,89.1,91.8,98.3,0.0,2.4,1.0,34.5,19.6,19.6,45.6,19.4,9.6,45.8,9.8,6.8,89.9,76.7,63.0,76.0,75.7
Durg,Chhattisgarh,812,98.9,4.3,1.8,0.6,87.7,71.1,69.9,96.0,46.5,28.7,99.4,94.2,2451,92.5,96.7,72.4,1.7,98.0,27.5,64.1,16.5,82.7,87.0,97.2,85.8,90.8,92.2,34.6,56.4,85.4,82.3,90.4,9.6,2.0,0.0,18.5,8.5,8.3,38.9,16.9,10.1,27.7,3.0,23.9,57.1,52.0,41.2,51.7,61.8
Gariyaband,Chhattisgarh,1011,96.3,9.7,1.2,3.6,58.2,58.0,57.8,90.7,39.9,26.1,98.3,86.3,1570,82.3,87.6,80.6,4.7,84.9,10.9,,8.4,83.4,81.1,100.0,85.4,88.9,94.2,45.0,25.8,86.9,81.6,100.0,0.0,1.6,4.8,31.2,8.3,9.4,28.9,21.9,10.6,22.1,13.5,9.1,73.9,65.0,55.3,64.6,63.2
Kodagaon,Chhattisgarh,1111,93.3,11.8,0.3,3.0,57.8,69.4,64.1,95.4,39.5,17.3,97.6,79.4,2137,77.3,78.7,74.3,5.5,83.7,3.6,,2.8,70.1,64.4,96.9,77.2,83.7,86.7,32.1,23.8,81.8,84.7,100.0,0.0,10.9,4.4,35.6,9.6,9.3,37.6,22.8,8.8,42.2,5.5,6.1,76.6,79.5,87.6,79.7,79.7
Mungeli,Chhattisgarh,1017,97.0,20.5,1.9,3.1,68.2,73.3,67.3,94.7,60.3,38.8,94.0,74.4,685,66.6,69.8,56.2,14.5,83.2,10.8,73.4,1.4,79.7,85.7,98.7,83.9,89.0,89.2,26.9,59.0,90.7,87.7,96.6,3.4,1.2,0.0,37.6,3.1,3.0,30.1,17.7,5.0,30.6,2.1,17.5,62.0,54.6,50.3,54.5,53.7
Raipur,Chhattisgarh,1000,97.5,8.8,1.6,3.3,72.0,82.4,65.6,94.7,46.1,25.6,100.0,88.4,1790,86.7,90.7,63.9,6.6,95.8,24.3,55.6,14.7,74.2,75.4,96.6,86.8,78.0,85.8,31.5,27.7,76.4,88.4,94.5,5.5,3.4,3.8,36.4,9.0,7.9,32.2,21.7,10.3,32.3,5.6,15.7,74.6,59.8,37.1,59.1,63.1
Sukma,Chhattisgarh,925,91.9,18.9,1.8,2.7,48.3,58.9,74.0,96.3,27.6,19.8,98.4,80.6,473,79.9,81.2,80.8,6.4,84.8,3.2,,3.8,73.3,76.8,95.0,80.1,80.1,76.8,10.5,51.6,78.5,80.4,100.0,0.0,4.9,1.8,38.0,21.5,20.9,41.8,21.2,9.9,37.4,6.5,3.8,91.4,79.0,65.8,78.4,77.9
Surajpur,Chhattisgarh,916,95.6,34.3,1.0,4.5,62.4,55.3,48.9,89.6,56.3,33.8,92.2,83.0,1184,81.2,85.9,72.6,1.9,79.9,9.8,54.6,3.5,78.7,85.0,92.6,79.7,82.0,83.3,24.9,71.8,82.0,93.8,98.4,1.6,2.5,0.0,23.3,11.9,11.4,27.6,19.3,5.8,32.3,0.4,14.7,51.1,61.0,55.4,60.7,53.1
Surguja,Chhattisgarh,1139,97.2,18.1,3.2,6.4,63.0,70.4,57.7,95.4,54.5,38.2,97.7,83.4,1455,79.1,85.3,73.3,4.3,89.4,10.2,49.0,5.9,84.6,89.0,96.4,87.9,89.5,96.9,27.5,61.3,86.1,86.3,97.2,2.8,2.6,0.3,32.3,10.4,9.9,29.4,17.5,7.6,30.6,1.3,15.3,51.4,58.8,46.4,58.3,54.3
Diu,Dadra and Nagar Haveli & Daman and Diu,983,100.0,2.3,1.1,0.0,89.0,85.7,90.7,93.1,79.9,51.2,97.0,93.0,1310,93.1,95.7,63.9,1.5,97.2,33.5,54.0,25.6,92.9,100.0,100.0,92.9,100.0,100.0,63.8,7.0,100.0,81.5,100.0,0.0,1.2,0.5,26.6,15.4,17.9,33.9,17.4,3.8,28.5,8.2,30.6,62.8,50.4,43.3,50.3,62.0
Daman,Dadra and Nagar Haveli & Daman and Diu,767,96.9,22.8,1.1,1.4,86.3,62.7,70.5,78.7,38.4,20.8,96.6,89.5,1200,87.6,97.4,60.5,0.0,96.9,23.6,35.4,17.4,78.3,73.6,91.2,83.9,87.3,82.8,23.4,2.5,79.0,81.8,96.8,3.2,4.8,0.5,23.7,13.7,11.8,30.0,25.2,7.9,29.3,1.4,36.9,82.5,60.8,,60.8,63.0
Dadra & Nagar Haveli,Dadra and Nagar Haveli & Daman and Diu,822,98.3,30.0,2.1,5.5,96.3,82.0,90.9,85.8,65.1,40.0,99.7,92.2,502,91.9,96.3,75.8,1.8,98.1,21.9,45.0,16.7,100.0,98.5,100.0,100.0,100.0,100.0,49.2,3.8,96.9,87.7,97.3,2.7,2.1,0.3,26.6,9.6,9.2,42.4,20.9,3.3,42.1,1.5,23.0,74.8,64.5,62.1,64.4,64.3
North Goa,Goa,849,100.0,7.5,1.5,2.7,97.3,74.6,91.3,95.8,84.8,68.4,100.0,93.1,3824,95.9,99.6,58.6,0.0,98.6,39.5,46.7,34.7,78.6,87.5,97.1,85.5,87.3,92.2,20.3,5.3,90.2,94.4,93.8,6.2,3.6,1.5,61.1,26.9,25.8,24.2,17.7,7.3,25.8,2.7,37.2,55.2,40.2,,40.0,46.2
South Goa,Goa,819,100.0,3.9,1.4,2.8,96.2,62.7,96.0,97.8,92.2,59.1,99.5,99.5,3768,98.0,100.0,52.0,0.0,100.0,39.4,54.9,25.2,,,,,,,,,,88.0,,,2.5,0.0,62.6,8.9,13.4,28.3,21.4,8.0,21.0,2.8,34.6,50.0,37.3,,37.6,42.5
Kachchh,Gujarat,994,96.6,19.0,2.9,5.7,59.1,88.8,84.2,88.8,74.3,54.9,97.8,93.9,1793,91.3,97.4,45.3,0.5,97.6,15.8,21.6,10.1,70.2,75.3,97.4,72.9,87.6,87.5,17.4,2.5,85.5,76.9,88.2,10.9,3.2,0.5,43.2,5.5,5.1,37.5,20.2,10.6,33.4,2.6,25.7,68.6,58.0,43.1,57.5,62.6
Banas Kantha,Gujarat,967,96.1,37.3,4.8,5.1,52.7,68.0,56.1,74.5,56.8,42.7,92.9,86.1,1377,87.4,92.9,29.1,1.2,92.7,18.5,24.7,9.5,43.5,66.5,86.4,52.2,64.1,63.7,11.2,1.8,64.5,75.5,87.3,12.7,7.7,0.0,47.9,4.5,3.8,39.0,25.5,8.5,44.1,1.2,11.7,79.0,59.6,68.6,60.0,65.8
Patan,Gujarat,976,98.2,35.4,2.1,2.3,56.9,86.2,79.8,72.9,68.1,55.6,99.6,93.6,783,92.0,98.6,25.2,0.0,97.1,18.9,20.9,14.3,81.0,91.9,97.2,82.5,92.6,95.6,37.5,0.0,85.7,81.6,96.6,3.4,6.8,0.5,41.4,4.0,3.2,50.5,20.9,6.5,42.3,3.1,18.3,76.2,59.8,60.1,59.8,60.2
Mahesana,Gujarat,742,96.4,32.3,3.1,4.5,44.5,59.7,56.6,73.8,58.3,44.8,97.1,79.7,5103,83.4,97.3,27.4,0.9,91.6,28.7,35.3,14.7,79.6,91.1,92.6,81.9,85.1,85.1,16.7,2.6,80.1,83.6,84.3,15.7,14.6,0.5,32.8,0.0,0.0,31.0,28.2,12.0,41.4,1.5,24.3,86.0,69.5,62.9,69.3,77.7
Gandhinagar,Gujarat,766,100.0,32.6,1.3,5.0,69.3,69.5,71.0,86.7,38.1,22.6,96.2,88.2,2445,89.0,97.8,39.5,1.4,89.3,32.7,39.6,24.3,77.7,95.2,94.2,81.5,90.4,92.4,30.1,3.8,90.4,81.0,92.4,7.6,15.0,0.4,37.8,6.4,4.9,38.1,30.6,9.9,44.6,0.5,29.5,81.2,69.2,57.4,68.8,72.8
Porbandar,Gujarat,1045,99.1,10.0,2.1,1.9,71.7,93.5,92.1,96.4,56.5,37.0,99.5,97.6,685,95.6,100.0,61.2,0.0,96.0,19.2,33.7,10.0,82.9,82.2,96.6,82.9,91.0,96.6,36.7,2.5,91.0,96.9,97.4,2.6,5.6,0.8,55.1,13.3,14.5,18.2,21.8,14.2,25.5,3.9,27.8,77.9,47.4,54.9,47.6,52.4
Amreli,Gujarat,977,99.6,10.5,1.3,1.6,73.8,93.9,92.6,89.3,73.8,59.2,98.3,87.0,1648,85.9,90.1,45.5,2.4,81.2,18.7,31.5,10.2,60.1,68.1,93.4,65.8,87.5,80.5,17.5,3.8,85.6,80.1,94.4,3.9,3.5,0.3,40.4,2.8,3.8,35.3,23.7,7.2,30.6,6.8,29.1,72.0,50.3,,50.0,47.0
Anand,Gujarat,726,98.4,28.0,2.3,7.0,69.1,74.2,64.2,91.2,55.5,41.3,98.6,90.3,2488,88.6,96.0,41.2,1.3,95.2,22.4,34.0,9.1,77.0,85.4,98.1,81.8,89.0,91.9,35.6,2.1,85.0,91.4,94.1,6.0,11.7,0.0,33.7,10.6,11.5,38.4,28.6,10.9,46.6,3.8,20.9,78.4,66.6,,66.4,64.2
Dohad,Gujarat,1013,95.1,29.9,4.0,7.4,45.1,75.2,70.9,96.9,65.0,44.6,98.9,87.2,1516,87.0,92.5,68.2,1.3,93.2,6.1,20.9,1.5,66.2,74.8,88.9,68.5,73.8,75.0,23.5,1.2,73.8,85.4,98.6,1.4,14.0,3.7,40.3,9.0,7.5,55.3,27.8,13.4,53.0,5.8,6.5,87.2,75.4,69.4,75.1,79.7
Narmada,Gujarat,853,98.2,29.5,2.0,12.0,52.5,81.7,83.4,94.3,65.1,48.4,99.6,87.2,753,87.6,81.7,66.3,2.9,84.2,7.3,27.2,4.8,82.8,93.8,88.3,82.8,84.6,84.6,33.9,2.0,84.6,88.1,97.6,2.4,7.5,1.0,30.6,4.3,4.1,47.2,23.0,9.9,52.8,3.1,11.1,93.2,75.9,75.6,75.9,83.0
Bharuch,Gujarat,1112,98.3,16.8,2.5,5.0,63.6,63.4,65.7,84.5,38.4,21.0,96.3,78.8,1724,81.7,91.1,49.6,1.7,92.1,19.5,36.1,9.1,80.0,92.1,91.5,83.8,83.6,87.3,23.8,10.7,79.5,79.6,89.3,10.7,11.2,0.4,30.7,8.8,7.7,40.9,24.5,8.0,45.5,4.7,25.5,81.0,71.6,77.2,71.8,69.8
The Dangs,Gujarat,1143,97.6,30.2,4.0,13.0,57.4,86.4,90.2,96.8,78.9,56.6,99.5,80.1,663,80.1,74.5,64.2,4.4,77.1,7.1,31.7,6.0,91.3,96.2,94.9,91.3,91.3,91.3,32.8,0.0,89.8,90.0,100.0,0.0,5.1,2.7,37.5,14.7,16.5,37.6,40.9,22.2,53.1,1.1,8.1,82.4,77.6,66.8,77.2,77.1
Navsari,Gujarat,1006,100.0,15.7,1.4,3.3,77.2,93.4,94.7,97.6,79.1,67.0,97.6,98.2,1188,99.6,99.3,49.6,0.7,99.1,26.5,33.3,20.1,95.0,95.5,100.0,95.0,96.9,95.0,41.2,3.2,95.0,95.5,97.0,3.0,6.6,3.9,17.0,0.0,0.0,36.8,29.0,9.3,43.6,3.4,18.7,75.3,68.9,,68.7,72.6
Valsad,Gujarat,1020,96.8,19.4,1.7,6.5,84.9,88.3,92.5,97.5,76.5,59.1,100.0,95.0,958,93.2,96.5,44.7,2.0,98.5,16.9,23.6,10.5,91.1,92.5,98.5,95.3,92.5,93.9,30.7,5.2,89.4,96.6,91.7,8.3,4.9,0.6,29.1,14.5,16.0,37.8,23.2,9.1,34.8,0.3,21.3,87.6,75.8,71.0,75.7,85.8
Surat,Gujarat,890,99.6,13.1,1.8,4.4,78.2,92.2,93.4,95.3,73.1,52.7,97.4,96.7,2342,95.3,97.7,41.1,1.1,98.8,25.0,34.1,14.0,92.8,92.8,100.0,92.8,92.8,95.2,37.5,0.0,92.8,92.5,86.5,13.5,3.1,0.0,44.1,1.9,3.2,36.1,26.0,14.7,32.5,5.3,25.1,83.6,69.3,58.7,69.0,76.2
Tapi,Gujarat,1185,95.5,25.3,2.1,9.9,63.7,83.2,91.0,94.2,73.6,51.6,99.5,90.0,846,89.9,92.9,72.6,1.2,85.2,14.8,41.7,8.6,97.5,95.0,97.5,100.0,100.0,100.0,31.4,0.0,100.0,88.3,97.5,2.5,8.1,1.6,46.8,4.0,6.7,41.7,36.6,17.1,51.8,1.9,12.6,80.7,77.6,72.0,77.4,72.8
Ahmadabad,Gujarat,994,98.4,17.5,0.5,4.4,66.4,73.5,77.8,85.9,69.0,54.3,98.7,90.0,1279,86.4,94.5,46.7,1.2,95.3,32.4,43.8,24.5,65.2,76.5,93.0,69.1,80.0,82.7,13.2,2.2,82.1,85.1,89.4,10.6,1.8,1.0,33.9,3.6,3.0,35.5,17.5,7.4,34.0,4.6,30.1,72.0,63.5,70.1,63.7,67.3
Aravali,Gujarat,965,93.8,27.0,2.7,6.7,52.5,62.6,73.8,89.7,56.0,41.4,95.8,87.6,3666,85.1,92.2,34.8,2.5,93.0,21.0,27.6,14.7,77.0,86.9,95.2,81.8,87.9,88.1,17.3,5.9,86.4,84.6,92.3,7.7,16.6,1.8,33.0,10.1,9.4,47.1,29.0,9.3,47.2,3.3,18.1,89.5,77.1,82.6,77.3,87.7
Bhavnagar,Gujarat,1192,96.5,18.0,3.3,1.5,64.5,76.6,70.9,90.5,45.2,28.6,94.8,87.0,1933,90.4,94.2,44.3,2.5,96.0,23.7,31.5,18.0,74.3,94.0,90.6,76.0,85.2,83.5,14.6,0.0,84.6,83.1,94.2,5.9,11.1,1.8,33.9,9.4,11.2,32.6,29.6,6.3,39.5,1.8,29.4,71.5,49.1,56.2,49.4,52.0
Botad,Gujarat,992,99.0,13.0,2.3,2.2,72.1,82.3,82.7,82.3,54.6,36.7,98.2,85.4,2027,86.9,93.5,39.2,3.1,74.5,16.6,25.5,7.1,65.1,77.6,94.0,74.5,76.3,78.2,19.9,1.3,75.2,74.0,94.1,5.9,5.4,0.6,35.9,6.9,8.1,32.2,26.0,9.6,32.3,5.8,27.3,75.5,59.1,48.5,58.8,60.3
Chhota Udaipur,Gujarat,937,98.3,27.5,2.8,4.3,44.0,81.9,81.2,94.5,59.4,45.5,99.6,91.1,924,87.4,85.7,68.8,3.9,88.3,7.5,22.2,5.5,81.7,80.1,98.7,85.7,86.6,89.3,32.6,0.0,85.4,96.0,100.0,0.0,11.3,2.7,24.4,1.2,2.4,48.6,28.4,13.8,48.1,4.8,7.6,87.7,79.1,72.1,78.9,80.3
Devbhumi Dwarka,Gujarat,955,96.6,11.6,1.4,3.8,65.9,84.1,76.6,90.3,29.1,12.2,98.3,90.1,1463,88.3,94.8,37.2,2.0,91.7,17.9,24.5,10.3,73.3,77.0,92.3,81.0,77.2,80.1,28.1,0.0,76.2,77.3,95.7,2.2,9.1,0.0,55.8,4.0,5.8,30.2,26.1,17.2,36.2,4.9,24.1,66.7,48.8,49.1,48.8,50.9
Gir Somnath,Gujarat,921,96.8,9.9,2.0,0.9,74.1,79.2,80.7,89.3,53.5,35.4,95.6,90.8,1194,87.7,87.1,34.0,4.8,91.8,17.2,26.5,9.2,69.9,93.5,98.8,77.1,92.5,81.8,18.8,0.0,92.3,90.6,98.4,1.6,9.9,0.7,37.6,16.0,14.6,44.4,18.5,4.9,30.3,5.0,17.3,68.9,49.6,57.7,49.9,50.9
Jamnagar,Gujarat,912,97.1,6.8,2.2,1.0,75.0,91.7,73.8,95.0,52.5,32.9,99.5,92.4,1150,86.4,96.5,55.4,0.5,96.2,23.3,32.2,18.2,78.4,80.0,100.0,78.4,92.9,92.7,33.6,0.0,84.6,91.5,97.6,2.4,4.0,2.1,44.6,15.3,10.7,28.4,23.8,12.5,28.9,3.6,29.5,75.0,50.6,,50.2,60.1
Junagadh,Gujarat,876,97.8,11.2,1.6,5.0,75.2,82.0,72.5,88.2,39.6,28.0,100.0,84.1,1272,82.8,97.4,60.3,0.8,97.7,23.0,33.9,17.3,93.5,93.4,95.3,95.0,95.0,96.9,36.3,2.0,93.2,87.9,98.2,1.9,7.5,1.5,32.5,5.2,5.2,37.3,17.3,7.1,26.4,4.4,33.4,74.7,58.8,57.3,58.8,55.5
Kheda,Gujarat,868,98.0,49.2,1.0,10.4,65.3,64.0,61.2,83.2,42.4,27.0,98.1,85.1,2371,83.2,95.2,47.5,2.0,88.4,18.9,31.1,8.7,69.0,84.9,90.1,74.3,88.2,86.9,41.1,4.6,81.8,78.1,96.5,1.4,14.1,1.5,25.8,1.6,1.2,37.3,30.9,12.1,39.5,2.5,17.8,85.1,76.2,72.9,76.1,77.6
Mahisagar,Gujarat,963,96.3,30.7,3.5,6.1,59.4,77.2,76.6,89.4,63.3,45.7,97.4,90.9,2087,91.1,93.0,26.6,1.9,92.7,16.6,19.3,14.1,80.0,83.4,97.2,84.6,85.9,90.9,35.8,1.5,85.8,86.8,100.0,0.0,14.4,0.9,21.5,1.3,3.0,43.4,26.2,12.0,49.0,2.6,9.4,85.9,73.2,56.5,72.5,79.4
Morbi,Gujarat,858,96.1,8.9,1.7,3.4,66.2,89.8,75.1,90.0,55.8,43.0,96.7,89.9,1370,87.8,94.8,30.1,2.4,96.4,20.2,28.7,5.5,64.2,73.5,95.9,67.1,83.1,79.7,25.4,3.9,81.9,82.6,78.3,21.7,3.7,0.9,47.1,9.9,10.2,32.9,25.2,12.5,32.3,4.0,24.6,75.3,50.7,50.1,50.7,62.0
Panch Mahals,Gujarat,879,97.6,34.1,2.9,10.5,61.8,74.0,88.7,92.2,64.2,42.2,96.6,88.0,2680,89.2,88.4,24.7,1.7,84.2,9.9,14.4,3.0,95.4,95.4,99.1,96.6,96.9,96.9,36.6,0.0,96.9,87.6,99.1,0.0,13.7,0.9,40.2,3.6,3.0,47.1,35.7,19.7,51.9,3.4,16.1,91.0,69.5,74.0,69.8,71.7
Rajkot,Gujarat,1049,97.1,12.1,2.3,1.8,84.5,94.0,93.5,94.8,60.6,42.0,98.2,98.1,668,98.3,99.3,40.9,0.7,100.0,24.7,34.3,11.4,84.9,85.6,95.8,89.5,88.1,88.8,37.0,0.0,88.1,84.2,86.8,13.2,4.3,1.2,45.2,13.6,14.2,38.9,17.6,7.3,37.0,8.1,28.0,77.0,60.6,,60.5,72.7
Sabar Kantha,Gujarat,871,94.9,27.0,4.0,6.1,68.4,70.1,73.2,90.7,52.2,24.6,99.1,86.9,1828,83.9,89.4,38.3,2.4,83.0,23.7,37.7,11.6,88.5,89.7,98.6,88.5,93.1,93.1,42.5,0.0,93.1,87.6,98.5,1.5,14.0,0.5,37.1,3.6,5.1,37.0,33.1,16.6,41.0,4.9,15.5,81.1,67.9,49.4,67.3,73.8
Surendranagar,Gujarat,992,96.7,19.5,4.5,6.3,52.8,84.0,57.5,90.7,39.6,25.4,98.6,78.4,1721,73.4,85.6,45.4,2.9,83.6,12.2,24.4,5.3,62.5,68.4,91.2,67.8,75.2,78.4,31.1,1.6,75.2,79.4,93.7,5.2,8.6,2.9,30.0,0.0,0.9,39.2,27.1,8.8,41.8,5.2,20.7,81.0,55.4,60.8,55.6,56.9
Vadodara,Gujarat,1186,98.6,22.8,1.7,10.3,72.4,80.4,65.9,93.1,53.1,41.3,96.6,90.7,1597,88.7,95.9,45.7,1.8,95.2,29.9,44.1,17.1,84.9,90.8,93.2,84.9,91.7,93.2,27.3,8.3,91.7,91.6,82.6,17.4,11.8,0.7,44.6,6.6,5.1,42.3,20.1,5.2,39.9,6.4,27.6,86.4,72.6,65.9,72.3,74.3
Panchkula,Haryana,854,97.2,7.4,1.8,1.4,96.2,82.6,76.9,90.3,69.5,55.0,100.0,95.3,4399,97.3,97.0,81.0,0.0,97.0,32.7,48.1,30.8,85.1,92.6,97.1,85.1,97.1,97.1,52.8,88.7,97.1,71.1,100.0,0.0,3.2,0.8,73.9,11.1,10.3,21.8,12.0,5.0,19.3,3.9,39.9,53.1,57.4,,57.1,64.8
Ambala,Haryana,764,93.1,6.4,2.4,0.8,93.3,76.5,57.4,89.0,51.6,32.1,96.2,86.9,2874,86.9,97.8,61.7,1.0,91.0,34.2,45.1,29.0,79.3,86.9,97.7,81.4,93.3,93.3,35.5,76.3,92.8,79.5,92.8,2.9,5.6,5.8,29.2,18.7,17.4,24.1,10.9,4.0,13.7,6.2,41.6,64.2,46.5,33.8,46.1,49.2
Yamunanagar,Haryana,1103,98.1,6.9,1.0,2.3,91.6,87.4,66.4,90.8,58.9,36.3,93.7,88.3,1872,85.6,94.8,55.8,0.4,86.0,28.0,33.8,26.6,82.9,85.6,95.8,84.4,90.4,94.1,40.8,80.9,87.6,67.4,95.1,1.8,7.2,6.6,31.7,14.3,12.4,27.7,12.1,4.3,23.1,6.4,38.0,72.9,56.3,62.2,56.6,60.4
Kurukshetra,Haryana,869,97.9,11.7,1.4,3.9,92.3,82.7,59.8,92.1,70.6,51.4,98.2,95.3,1662,96.5,98.4,63.1,0.6,97.6,21.9,42.1,11.2,69.8,72.1,97.0,73.6,98.5,94.6,30.9,87.4,91.6,72.6,96.2,3.8,7.7,7.7,41.6,30.9,28.7,24.9,12.8,5.0,22.5,7.0,37.3,73.7,57.5,46.3,57.1,57.7
Kaithal,Haryana,804,99.6,11.0,3.7,4.7,92.1,81.4,68.8,96.5,66.0,46.8,97.9,95.3,1038,93.9,98.2,65.4,1.5,99.7,24.9,52.0,12.0,74.3,86.3,89.7,76.4,91.9,91.9,44.7,89.0,91.9,70.5,100.0,0.0,4.5,1.6,50.2,10.9,10.0,29.9,20.7,9.5,29.9,2.3,32.7,61.4,62.5,43.2,61.5,64.3
Karnal,Haryana,821,99.4,6.6,2.4,3.1,92.9,91.2,84.7,93.5,78.0,53.7,100.0,97.5,1047,97.3,99.0,62.5,0.5,98.6,18.7,40.8,6.1,88.9,84.6,100.0,91.4,98.8,98.7,36.1,91.9,97.8,74.7,93.9,6.1,4.4,5.1,46.5,19.1,19.2,29.2,9.8,4.8,20.5,2.9,36.5,78.3,62.1,53.2,61.9,61.5
Panipat,Haryana,938,96.4,11.9,1.6,5.7,94.0,81.4,49.2,85.1,41.1,23.2,93.2,92.8,1717,93.2,97.1,52.6,0.9,96.3,20.3,32.4,11.3,80.6,79.4,96.8,82.1,87.0,90.5,24.4,77.1,87.0,52.2,96.6,3.4,8.2,4.7,30.0,9.1,10.3,25.1,9.9,2.8,18.9,2.4,37.8,73.4,66.8,69.0,66.9,66.3
Sonipat,Haryana,906,96.7,15.5,3.2,2.9,97.5,85.8,64.1,90.6,48.9,32.2,96.4,94.5,1533,92.5,99.7,62.4,0.0,90.2,16.7,30.8,8.3,83.0,77.4,92.4,83.0,90.1,90.1,31.1,83.0,90.1,54.0,100.0,0.0,4.3,4.0,33.9,5.0,5.1,23.6,9.2,5.1,12.7,3.6,39.3,68.7,53.0,61.0,53.3,52.8
Jind,Haryana,850,94.9,8.7,1.2,1.9,96.2,82.6,49.6,88.7,46.9,27.5,95.4,96.4,1670,94.5,98.7,66.5,0.6,99.0,14.5,23.1,10.6,77.5,83.3,96.3,86.2,88.1,84.2,32.5,78.4,88.1,60.3,100.0,0.0,5.1,0.7,22.6,11.1,10.5,25.5,8.8,1.6,22.9,2.5,32.3,68.9,59.5,62.7,59.6,50.7
Fatehabad,Haryana,901,98.7,11.7,2.8,2.1,96.7,91.3,60.1,92.3,60.3,41.5,98.1,96.9,1012,94.4,97.9,58.9,0.3,97.9,22.2,38.4,12.2,90.7,96.7,96.8,90.7,93.8,93.8,31.0,90.7,93.8,67.8,98.3,1.7,3.6,0.6,30.5,12.8,11.2,24.6,16.0,5.3,26.6,1.1,29.8,59.3,62.5,59.0,62.3,66.5
Sirsa,Haryana,787,100.0,8.9,1.5,5.6,95.3,93.9,61.9,96.6,44.2,29.7,100.0,97.4,1705,98.4,99.3,67.3,0.0,99.3,27.2,53.8,14.8,,,,,,,,,,73.4,,,5.2,0.9,39.9,6.8,9.1,25.0,12.6,5.1,23.4,0.7,29.3,70.1,62.1,,61.9,64.9
Hisar,Haryana,856,98.8,8.9,3.4,3.6,96.4,91.2,69.9,97.8,54.4,34.4,99.4,93.3,975,93.6,98.2,46.1,0.9,98.8,18.2,23.7,12.8,85.5,90.6,100.0,87.0,95.4,97.1,38.9,97.1,95.4,64.0,94.2,4.7,4.7,2.2,47.1,3.0,2.6,27.8,16.4,5.1,21.4,1.8,30.2,70.5,64.0,58.7,63.8,63.6
Rohtak,Haryana,880,97.0,12.4,1.9,1.7,98.3,86.4,72.3,96.9,56.4,34.5,96.8,96.2,1957,96.1,97.4,62.1,0.0,96.7,19.9,37.1,10.8,77.4,88.1,88.2,84.7,84.4,83.1,22.1,78.1,84.5,71.4,96.5,3.5,3.8,1.9,49.2,7.1,6.0,28.9,12.5,2.9,22.1,4.1,35.9,76.2,64.8,77.1,65.3,63.1
Jhajjar,Haryana,1282,97.1,7.7,1.2,1.3,97.4,87.3,60.1,88.2,58.7,41.5,98.7,96.0,3316,96.2,97.2,60.6,0.3,97.2,21.3,37.3,12.6,90.9,84.1,96.9,90.9,95.9,96.5,23.9,90.6,94.0,69.5,100.0,0.0,3.7,0.3,36.0,17.0,15.4,15.6,8.0,3.5,9.7,6.3,43.5,76.9,59.9,65.7,60.1,65.2
Mahendragarh,Haryana,962,96.2,13.4,0.4,9.6,95.7,88.1,55.2,89.4,48.5,28.4,97.5,88.0,2497,90.4,98.9,65.3,0.7,98.9,22.6,36.5,15.9,73.9,70.1,94.3,76.0,86.4,87.6,30.0,82.5,84.2,62.5,97.8,2.2,4.7,0.8,51.8,8.9,8.7,25.2,8.4,2.1,15.4,5.0,29.5,72.3,61.2,62.8,61.2,67.3
Rewari,Haryana,787,96.1,5.8,0.4,4.7,94.8,85.7,63.8,94.4,45.8,29.1,99.4,90.5,1464,89.7,98.7,53.9,0.0,98.3,26.0,44.1,11.5,79.3,83.6,92.6,83.5,90.2,90.2,36.3,78.5,90.2,83.2,93.5,3.3,2.7,0.0,47.4,5.5,6.1,25.9,9.3,4.2,20.5,5.4,28.3,71.3,61.9,59.3,61.8,71.8
Gurgaon,Haryana,858,84.1,20.7,1.9,6.9,96.0,86.2,48.1,96.1,47.8,16.8,93.8,87.7,1389,87.6,96.7,56.9,0.5,97.2,18.6,36.2,7.4,58.7,80.1,93.0,68.4,70.1,81.8,43.7,67.6,70.1,54.8,94.0,6.0,4.5,0.0,44.3,11.8,10.1,22.1,15.7,4.2,22.2,2.6,24.3,67.7,68.0,55.9,67.5,77.6
Mewat,Haryana,891,84.9,28.7,7.3,7.6,58.1,70.9,45.9,84.8,18.3,5.7,96.0,65.9,1031,66.9,74.6,59.2,5.3,77.8,4.2,15.2,3.1,53.8,63.5,87.2,57.8,68.3,65.7,21.0,49.0,66.4,59.2,97.7,0.0,4.1,0.7,55.0,11.8,13.0,44.4,14.2,7.1,37.3,3.5,14.9,76.4,61.1,55.2,60.6,66.4
Faridabad,Haryana,955,95.6,15.3,1.4,2.8,95.5,85.6,51.2,81.4,44.6,25.0,95.0,93.5,1591,93.3,92.5,42.9,1.4,93.9,23.5,39.6,8.9,69.5,73.2,95.4,74.4,83.6,85.1,22.3,69.5,83.6,59.4,94.8,5.2,4.7,1.2,37.2,12.3,11.7,28.9,8.0,3.6,19.5,2.4,37.1,68.4,54.8,30.9,54.2,55.9
Palwal,Haryana,884,92.1,23.8,4.2,4.7,91.4,81.2,53.4,81.9,32.1,20.5,96.8,82.7,1584,83.0,78.3,46.5,4.4,83.2,11.7,27.3,6.4,69.0,74.4,94.1,75.0,82.2,86.7,21.6,71.5,81.3,57.4,97.6,1.2,5.6,2.1,36.9,20.5,21.2,31.0,9.9,4.2,21.0,3.7,27.4,71.6,57.2,56.8,57.2,59.7
Bhiwani,Haryana,899,92.4,15.0,2.9,3.4,95.5,89.0,60.4,92.7,53.3,30.3,93.3,91.5,1079,91.2,97.7,49.3,0.8,97.8,13.1,19.1,7.8,72.5,80.4,95.3,78.6,93.2,95.7,28.0,79.7,89.3,63.6,100.0,0.0,5.8,0.3,48.9,9.6,8.4,29.0,6.0,1.9,20.6,1.0,28.1,69.2,66.8,54.1,66.4,67.1
Charkhi Dadri,Haryana,1007,92.2,11.8,1.7,3.1,96.3,82.6,53.4,87.7,48.9,30.9,95.3,93.9,1607,91.9,98.9,55.9,0.7,99.7,14.2,18.1,11.5,84.2,89.3,92.4,86.1,92.6,94.8,34.6,85.1,92.6,68.3,100.0,0.0,4.1,0.3,55.3,13.1,11.5,23.9,10.6,2.6,16.9,1.8,28.8,67.2,73.1,62.4,72.6,71.1
Chamba,Himachal Pradesh,1001,96.7,3.8,1.9,2.0,87.3,75.1,62.7,94.0,65.4,37.4,98.7,72.9,4252,70.8,72.0,64.9,4.0,74.1,10.5,,8.8,100.0,100.0,100.0,100.0,100.0,100.0,52.9,100.0,100.0,77.8,100.0,0.0,2.0,1.6,43.6,18.1,19.9,42.6,15.4,5.8,26.0,9.0,23.2,46.5,43.9,38.3,43.7,47.4
Kangra,Himachal Pradesh,795,98.1,1.5,1.0,0.8,89.0,51.5,56.3,78.8,63.4,38.5,96.4,88.7,2087,85.9,90.2,75.0,2.0,87.5,28.2,75.9,22.3,83.9,92.0,97.4,83.9,97.4,95.2,28.7,86.1,97.4,79.0,95.5,2.4,5.0,0.4,43.3,15.5,18.6,28.0,19.4,7.7,32.0,2.3,31.0,55.3,63.7,,63.4,57.7
Lahul & Spiti,Himachal Pradesh,1182,98.9,11.2,1.5,3.1,90.9,62.4,65.6,95.4,72.7,48.0,99.4,81.1,3533,81.0,86.4,75.9,2.3,86.7,17.7,,16.4,77.9,100.0,97.5,79.8,92.7,92.9,26.7,85.9,92.7,74.5,95.5,4.5,6.5,1.3,57.1,21.7,19.7,28.5,16.3,10.3,18.4,7.4,26.9,91.0,82.3,,82.1,85.8
Kullu,Himachal Pradesh,1017,96.1,8.7,0.9,4.7,85.7,62.1,60.0,91.8,61.9,43.4,99.3,84.6,2919,86.6,87.0,66.8,2.5,88.1,13.6,35.1,9.8,80.2,95.0,93.8,82.5,91.5,91.5,53.3,87.4,91.5,85.2,92.9,2.8,8.5,0.5,50.7,26.7,28.7,35.9,16.1,5.8,25.6,11.2,29.8,75.3,53.7,23.1,52.8,55.5
Mandi,Himachal Pradesh,840,99.3,6.3,0.8,6.3,92.4,81.2,70.3,95.5,68.4,39.9,100.0,84.2,2859,83.2,86.6,77.4,1.4,86.4,16.0,,14.8,94.1,98.0,100.0,94.1,100.0,100.0,56.6,95.9,100.0,72.8,100.0,0.0,2.6,0.4,45.5,23.2,24.4,31.3,19.9,8.0,21.3,7.0,31.6,52.2,49.0,43.5,48.9,49.9
Hamirpur,Himachal Pradesh,1073,96.4,3.5,0.6,2.8,94.3,67.5,59.4,82.8,69.9,33.5,97.8,88.9,4229,96.8,97.6,75.1,0.0,92.4,21.3,42.7,15.5,74.3,100.0,88.6,74.3,83.0,85.2,40.9,77.1,83.0,80.0,97.0,3.0,12.4,1.1,38.1,31.7,31.8,27.3,14.9,4.9,23.6,0.8,37.1,52.0,49.4,,49.5,48.2
Una,Himachal Pradesh,873,95.5,1.6,0.0,2.1,93.7,70.7,71.7,86.7,46.5,36.0,99.4,84.9,4903,87.1,89.7,52.2,2.5,89.9,39.1,58.1,33.2,75.3,93.8,100.0,77.6,88.2,90.5,37.0,72.2,88.0,79.1,96.6,3.4,9.2,0.4,16.4,9.1,8.8,24.7,13.1,5.9,25.8,2.8,41.2,58.7,60.8,60.4,60.8,63.0
Bilaspur,Himachal Pradesh,875,96.9,10.0,0.5,3.2,94.4,76.4,81.4,92.4,72.4,48.9,99.3,92.9,3360,90.0,91.7,72.1,0.5,87.6,19.2,26.2,19.5,100.0,100.0,100.0,100.0,100.0,100.0,57.9,90.3,100.0,75.4,100.0,0.0,6.3,0.0,51.1,11.6,10.6,40.1,12.0,2.8,38.8,5.0,29.1,44.8,53.4,,53.0,55.5
Solan,Himachal Pradesh,882,99.5,13.3,3.3,5.8,94.4,87.1,88.2,95.2,74.6,51.2,98.6,85.9,5401,88.7,90.2,68.0,2.1,86.8,25.2,39.7,24.0,92.6,100.0,97.6,92.6,95.0,95.0,60.1,95.0,97.6,78.5,97.0,3.0,3.0,4.0,56.9,15.4,19.0,32.3,20.9,5.6,26.7,5.7,29.7,50.4,48.4,30.5,47.5,44.3
Sirmaur,Himachal Pradesh,925,97.5,5.0,2.4,1.8,92.9,91.0,85.2,98.8,76.0,54.5,100.0,88.7,2586,85.5,87.4,70.1,0.5,88.2,16.7,56.5,9.8,93.9,93.7,100.0,96.8,97.2,100.0,40.0,92.2,97.2,75.1,100.0,0.0,3.3,2.8,67.9,11.5,9.9,28.6,18.5,9.1,24.2,6.6,23.2,58.5,50.2,46.3,50.1,54.1
Shimla,Himachal Pradesh,808,99.1,6.1,0.9,6.1,93.4,83.1,85.3,95.5,77.2,53.3,100.0,91.6,6658,91.2,92.2,81.9,0.7,91.3,12.9,,13.9,96.5,98.2,100.0,98.3,98.3,96.5,28.1,81.2,98.3,73.9,97.1,2.9,1.6,3.8,39.7,21.0,18.3,27.1,15.5,7.8,14.9,8.1,28.4,59.1,46.7,,46.5,51.9
Kinnaur,Himachal Pradesh,691,96.7,27.9,2.5,9.3,95.9,77.8,75.3,91.3,68.7,45.2,97.5,83.4,3884,85.6,82.7,76.4,1.8,84.1,18.6,,19.6,91.7,91.7,97.7,94.1,94.1,96.4,37.1,94.1,94.1,82.4,100.0,0.0,7.4,0.8,59.5,4.3,6.8,32.2,11.3,4.3,18.9,9.0,26.4,75.6,52.2,,51.7,52.4
Kupwara,Jammu & Kashmir,940,98.6,3.1,1.6,0.0,48.7,83.7,89.2,96.8,29.2,8.5,99.3,90.5,5108,89.6,97.1,88.7,2.0,99.0,51.7,80.7,50.7,93.2,100.0,98.3,93.2,96.5,98.3,42.4,0.0,96.5,89.0,100.0,0.0,9.0,8.9,46.5,17.3,17.0,24.9,25.1,14.7,25.5,8.8,21.3,78.8,75.6,45.7,73.5,81.0
Badgam,Jammu & Kashmir,843,98.8,1.5,0.0,1.0,75.3,83.3,66.5,97.5,25.4,12.4,93.4,88.7,5525,86.3,96.5,94.3,2.0,98.5,42.2,,43.0,92.5,95.5,100.0,92.5,95.7,95.7,50.4,11.7,95.7,93.5,100.0,0.0,6.3,5.1,67.4,8.4,14.2,26.8,18.9,9.1,20.6,11.1,25.3,85.0,75.0,57.0,73.9,83.7
Punch,Jammu & Kashmir,1175,96.4,5.4,1.3,0.5,76.0,80.5,86.4,94.4,20.6,11.3,98.0,81.7,3641,78.9,86.0,84.2,8.8,93.8,30.9,,34.6,91.2,92.1,97.0,95.6,98.5,95.7,23.6,6.1,97.1,81.0,100.0,0.0,6.0,3.8,62.2,9.7,9.6,25.9,15.6,6.6,18.8,4.5,16.2,54.3,56.3,24.9,54.1,74.5
Rajouri,Jammu & Kashmir,968,97.8,12.2,0.3,4.1,53.1,82.5,71.9,94.3,17.4,3.8,95.4,78.7,4199,75.8,88.8,84.9,5.6,94.4,29.0,,30.7,95.0,98.1,100.0,95.0,98.2,96.9,44.6,12.4,98.2,81.0,96.8,3.2,10.7,6.1,45.6,7.0,7.7,30.3,22.5,12.0,32.4,5.2,22.7,76.4,62.0,41.8,60.6,72.0
Kathua,Jammu & Kashmir,1100,99.6,1.4,0.0,0.0,85.4,83.2,31.6,89.4,32.6,20.1,98.1,81.2,5661,77.1,97.1,93.8,1.9,98.5,29.9,,28.9,100.0,100.0,100.0,100.0,100.0,100.0,37.9,0.0,91.8,88.3,100.0,0.0,2.1,1.0,67.5,17.8,24.6,21.8,22.5,13.1,25.9,18.6,38.2,67.0,55.2,28.4,53.6,71.8
Baramula,Jammu & Kashmir,952,93.8,3.8,1.9,0.0,62.0,84.0,75.2,88.2,22.4,13.1,96.0,80.1,9853,76.0,96.2,86.8,1.8,97.0,51.1,85.1,49.6,73.7,98.2,91.5,76.6,87.2,84.1,24.7,4.2,86.0,83.4,96.8,1.7,9.9,3.8,54.4,19.8,19.9,23.2,18.2,8.8,17.3,8.0,31.1,70.4,73.1,56.0,72.5,75.3
Bandipore,Jammu & Kashmir,1000,87.0,1.8,0.8,0.0,64.4,82.9,82.6,91.1,21.9,8.8,97.5,82.6,6399,81.9,92.8,82.2,1.7,93.7,48.1,49.2,52.2,90.3,92.1,93.4,91.6,90.3,93.4,39.9,7.9,90.3,84.5,97.9,0.0,8.0,4.8,37.9,19.9,21.7,25.2,14.0,4.6,16.8,11.4,28.2,75.1,74.3,55.3,73.7,73.2
Srinagar,Jammu & Kashmir,924,99.5,1.7,0.5,1.6,84.8,95.2,85.1,92.4,34.1,24.7,97.8,90.9,4589,88.8,99.2,88.7,0.0,99.2,59.4,91.3,56.1,90.9,100.0,95.7,90.9,95.7,95.7,34.8,7.4,95.7,85.2,100.0,0.0,1.2,2.2,69.2,12.1,10.9,33.0,18.6,7.6,15.8,12.7,27.8,77.0,52.5,38.8,51.7,69.9
Ganderbal,Jammu & Kashmir,816,91.0,5.3,0.3,0.4,69.8,86.9,80.4,88.8,16.3,10.8,95.5,88.4,6961,87.0,98.0,95.0,0.9,98.6,47.2,,46.6,81.2,88.1,98.7,88.9,90.8,93.2,51.9,10.8,90.7,83.6,100.0,0.0,4.7,2.3,61.2,12.0,13.1,18.5,25.9,13.3,20.1,11.8,34.2,89.8,77.9,63.0,77.2,83.7
Pulwama,Jammu & Kashmir,889,96.2,0.5,0.0,0.0,85.1,96.6,96.2,90.7,33.1,15.7,98.9,95.0,4299,93.7,97.8,92.0,1.3,98.1,60.7,,59.7,88.8,94.0,97.0,91.8,94.0,97.0,30.8,0.0,94.0,85.2,100.0,0.0,3.7,2.6,36.0,8.7,8.4,22.4,15.3,6.4,20.2,12.1,37.9,67.4,74.7,37.7,73.2,82.0
Shupiyan,Jammu & Kashmir,1142,98.8,2.1,0.4,0.0,69.8,80.8,86.8,92.3,34.4,7.6,96.9,84.5,5792,83.0,98.3,94.3,0.4,97.5,31.7,,29.7,92.2,100.0,100.0,92.2,100.0,100.0,47.8,2.9,100.0,69.7,100.0,0.0,2.7,3.8,42.9,18.6,16.6,22.0,32.8,17.4,33.5,2.9,27.6,57.1,65.5,33.5,63.9,77.5
Anantnag,Jammu & Kashmir,1177,98.6,2.5,0.5,0.7,74.2,82.0,80.9,97.8,32.5,20.9,97.8,85.1,6058,81.3,90.5,86.7,8.1,98.1,51.3,,55.2,83.3,100.0,88.4,85.5,90.5,90.5,51.9,12.5,90.5,88.3,100.0,0.0,7.0,7.7,51.1,14.4,14.8,28.2,24.9,14.0,28.3,5.0,28.6,79.2,75.7,54.1,74.3,88.0
Kulgam,Jammu & Kashmir,1097,98.4,3.7,0.3,1.1,75.9,95.5,92.2,93.1,15.8,10.3,97.7,91.5,3852,92.6,98.9,94.4,0.8,99.6,45.8,,43.7,98.1,98.0,100.0,100.0,98.1,100.0,44.4,0.0,98.1,92.6,100.0,0.0,2.1,0.0,69.1,2.3,2.3,28.4,11.3,4.8,15.3,20.6,25.9,77.7,77.5,63.2,77.0,80.7
Doda,Jammu & Kashmir,959,82.5,11.0,2.1,2.7,68.8,86.3,74.3,79.5,23.1,13.3,98.3,71.6,4458,71.6,73.5,68.9,1.7,75.6,19.5,,23.5,61.7,75.3,83.6,63.6,69.4,67.5,13.8,0.0,71.3,55.4,100.0,0.0,2.7,0.0,68.1,7.9,12.9,32.7,9.5,6.0,15.2,15.1,31.3,80.7,67.9,47.7,66.5,74.1
Ramban,Jammu & Kashmir,1022,94.3,5.5,0.8,2.0,58.5,84.6,79.2,92.9,12.9,9.0,95.9,71.3,2683,70.1,80.4,78.7,11.8,91.7,17.0,,20.0,78.9,93.7,92.2,80.5,87.3,82.1,18.9,6.1,85.7,70.7,98.3,0.0,6.4,3.4,60.9,13.5,18.6,25.7,15.6,6.6,21.2,3.5,15.8,62.0,61.7,36.0,59.7,76.4
Kishtwar,Jammu & Kashmir,1024,91.9,7.2,0.8,1.8,70.8,80.3,76.4,89.3,34.8,15.8,95.8,75.7,4410,75.4,91.6,90.8,3.7,94.1,34.3,,36.9,91.6,100.0,97.3,91.6,94.6,94.6,43.7,8.2,94.6,67.0,94.3,3.0,6.0,2.2,36.0,2.9,6.6,27.5,22.8,15.3,17.7,21.1,24.9,88.5,86.2,65.3,84.8,92.2
Udhampur,Jammu & Kashmir,997,95.9,6.1,0.7,1.0,74.7,80.1,69.8,93.7,19.4,6.9,97.3,71.2,3412,69.1,87.2,86.0,3.6,91.1,37.0,,41.6,85.8,97.7,92.9,85.8,89.3,87.8,35.8,14.7,89.3,80.1,98.0,0.0,11.9,4.5,48.6,8.0,7.3,37.3,19.8,9.6,31.9,5.8,29.3,70.4,57.3,44.5,56.5,68.6
Reasi,Jammu & Kashmir,1000,78.0,9.6,1.7,2.2,59.7,83.4,75.9,86.5,32.6,21.8,92.9,64.7,4046,63.6,69.3,66.6,4.8,73.3,23.0,,33.1,79.1,86.6,90.5,80.8,86.6,86.6,28.9,0.0,88.4,73.5,100.0,0.0,0.9,0.9,55.6,17.3,17.2,17.7,13.0,5.3,11.7,16.3,22.7,69.7,65.1,40.3,62.9,74.6
Jammu,Jammu & Kashmir,892,96.1,5.3,0.0,0.0,95.3,93.2,95.4,92.0,51.4,27.3,99.0,92.2,4714,86.0,96.5,88.7,0.5,97.0,43.3,,41.8,84.1,100.0,95.5,84.1,95.5,90.8,16.5,0.0,88.5,85.6,100.0,0.0,2.7,3.6,51.4,10.8,12.9,27.0,18.0,10.4,17.6,7.3,38.3,68.4,68.2,41.7,66.6,72.4
Samba,Jammu & Kashmir,888,97.1,6.3,1.5,1.3,85.5,86.6,96.2,84.5,46.5,24.4,100.0,92.3,4149,87.6,97.9,91.3,1.2,99.0,37.5,,35.9,90.9,97.8,98.0,90.9,94.0,94.0,21.9,0.0,91.9,73.5,100.0,0.0,4.7,3.2,61.6,6.2,7.9,24.5,20.4,9.8,15.5,12.1,36.5,69.0,63.6,41.1,62.4,73.2
Garhwa,Jharkhand,829,63.0,31.3,3.7,8.7,59.3,66.3,29.8,92.1,16.8,3.3,87.1,70.3,2256,70.6,84.0,67.6,4.4,88.2,10.2,48.8,3.3,77.2,82.9,96.8,78.2,86.0,86.1,29.3,79.3,84.8,61.2,91.8,2.2,6.6,0.2,25.2,6.2,6.4,47.7,18.9,5.3,40.6,0.5,13.6,62.5,62.9,58.9,62.7,61.0
Chatra,Jharkhand,764,65.1,31.7,2.6,11.6,66.9,57.1,32.4,84.9,28.2,15.4,93.1,61.2,2066,59.1,71.5,51.8,5.5,73.5,14.1,57.8,5.2,71.7,82.4,91.5,73.6,80.7,78.7,26.9,75.1,80.7,70.7,99.0,1.0,4.5,1.4,24.8,6.1,6.1,42.2,17.2,3.9,39.8,1.3,10.4,62.6,55.9,56.5,56.0,55.7
Kodarma,Jharkhand,872,72.3,42.5,3.1,10.6,80.1,77.8,47.6,92.0,13.1,4.8,89.7,75.8,1948,78.0,91.3,64.2,4.3,94.5,22.0,64.0,7.3,73.8,87.4,95.0,76.1,87.4,85.0,29.0,82.7,87.4,76.6,99.0,1.0,8.2,2.4,19.2,11.7,10.8,34.6,18.0,5.0,31.7,2.5,12.4,60.0,65.1,59.7,64.9,61.2
Giridih,Jharkhand,852,68.1,45.6,1.7,12.3,65.2,57.9,42.1,86.0,19.8,13.7,86.7,61.3,2101,61.0,70.7,50.3,7.8,76.7,10.7,42.2,4.1,70.6,83.6,92.4,71.6,82.7,84.4,26.7,66.0,79.4,69.6,97.6,2.4,9.0,3.1,14.5,9.0,10.7,31.9,27.8,14.5,34.3,5.4,7.8,62.8,65.2,56.7,64.7,63.8
Deoghar,Jharkhand,929,55.7,49.2,2.7,20.2,68.0,58.1,30.7,89.2,18.5,11.8,83.1,55.6,2133,56.4,61.3,47.2,12.6,72.3,7.8,45.8,2.9,54.5,54.7,87.5,62.6,68.6,73.0,15.7,54.0,64.3,53.3,96.7,3.3,6.5,0.8,22.6,7.8,7.2,41.7,17.7,6.2,36.9,1.9,10.9,73.9,70.1,72.4,70.2,67.2
Godda,Jharkhand,881,82.4,48.5,3.1,16.1,64.8,63.1,39.2,95.7,16.7,10.4,93.4,67.9,1463,66.8,70.2,63.6,13.8,83.3,4.7,37.7,3.5,63.9,71.0,90.7,69.8,86.4,86.8,24.4,56.2,82.6,62.9,100.0,0.0,6.8,4.2,17.2,8.3,7.6,39.4,24.5,11.2,40.7,4.7,10.7,75.1,66.3,65.2,66.3,62.0
Sahibganj,Jharkhand,984,78.9,39.9,3.7,18.9,58.4,67.1,36.2,83.8,15.0,7.3,94.1,64.8,1546,61.0,64.7,59.5,14.0,75.7,4.9,46.4,4.1,66.0,72.6,95.7,68.8,74.5,76.4,25.9,70.9,73.6,67.1,99.1,0.9,3.4,2.2,23.6,7.6,8.2,49.1,19.7,5.8,44.8,2.6,14.3,72.6,72.1,63.6,71.5,67.6
Pakur,Jharkhand,925,80.4,43.4,2.4,14.4,66.4,71.6,26.6,91.9,16.5,3.3,91.0,61.6,1644,60.0,64.6,57.6,9.9,74.2,5.4,45.9,3.9,69.4,69.5,95.4,73.4,84.1,84.0,29.4,77.4,84.1,56.6,97.9,0.0,4.3,1.2,25.4,8.4,8.1,51.3,23.6,5.9,51.4,1.9,8.0,72.1,80.4,67.5,79.7,78.0
Dhanbad,Jharkhand,869,77.7,28.3,1.9,10.9,81.3,65.4,44.6,92.3,18.6,8.3,88.7,73.2,2627,74.3,78.8,34.5,5.9,83.6,21.9,42.3,9.3,66.1,72.5,94.7,66.1,83.9,83.9,41.4,61.0,82.7,74.5,91.0,9.0,7.9,1.8,19.2,5.0,4.7,27.0,14.0,5.2,25.1,4.1,16.4,66.5,64.6,45.8,63.8,69.9
Bokaro,Jharkhand,899,79.7,26.3,1.2,5.9,80.0,68.2,48.7,90.0,29.6,22.5,87.9,73.5,3372,70.0,80.9,44.6,8.5,86.5,21.0,41.5,13.4,71.0,72.9,97.0,76.9,85.4,92.3,40.7,75.2,88.2,80.2,95.1,4.9,15.6,2.2,18.0,16.5,18.1,36.2,19.7,9.5,32.3,3.0,15.1,66.5,69.0,63.6,68.8,68.2
Lohardaga,Jharkhand,1011,74.0,21.9,1.5,5.5,91.7,79.0,37.7,95.1,40.6,13.0,93.0,79.2,1707,82.1,84.1,72.6,8.3,92.1,10.9,54.3,6.4,88.2,88.2,100.0,92.9,93.4,95.2,41.4,84.7,93.4,71.7,100.0,0.0,5.0,0.6,37.9,7.2,7.0,40.7,26.6,10.0,43.4,1.8,7.0,68.7,62.1,50.1,61.7,59.4
Purbi Singhbhum,Jharkhand,837,87.5,19.8,0.3,3.7,88.3,78.2,40.7,95.3,54.6,27.8,91.6,84.0,3378,85.9,94.0,66.2,2.4,96.4,18.6,38.6,11.8,88.8,87.0,98.8,90.1,91.9,91.9,37.9,76.6,90.2,71.7,95.4,4.6,1.9,0.7,22.4,12.1,11.1,35.9,29.4,16.8,41.6,1.3,18.6,67.4,65.1,32.8,64.4,69.4
Palamu,Jharkhand,1098,68.7,35.4,4.7,6.1,73.8,73.1,33.8,92.6,24.0,5.7,91.5,70.3,2597,70.1,74.9,54.8,9.2,83.4,15.8,55.7,8.3,80.9,81.5,96.1,82.1,90.3,92.5,25.0,86.3,89.2,63.5,94.6,4.5,4.3,0.6,26.4,3.8,5.4,43.7,18.4,3.9,37.3,0.6,10.8,68.2,61.1,59.6,61.0,63.3
Latehar,Jharkhand,967,81.3,32.2,3.1,8.8,72.1,75.0,43.1,94.2,41.6,29.1,98.0,70.7,1268,61.7,70.3,61.4,14.6,83.8,10.2,48.6,9.6,75.0,74.5,97.8,75.0,95.2,95.2,29.9,88.9,95.2,85.9,100.0,0.0,6.6,6.1,18.9,7.8,7.5,40.1,19.2,5.2,39.4,1.8,7.3,68.3,63.8,58.4,63.6,62.2
Hazaribagh,Jharkhand,856,75.4,38.6,3.3,10.9,74.6,59.8,36.4,88.5,23.8,16.8,89.0,65.4,2328,67.7,82.0,59.8,7.2,85.6,14.7,37.8,10.6,70.1,80.5,97.1,71.8,89.9,85.9,39.9,75.5,88.4,71.1,97.1,2.9,9.1,2.7,17.9,15.5,16.9,37.8,16.2,5.9,32.5,1.4,15.0,62.1,56.2,54.4,56.1,54.1
Ramgarh,Jharkhand,903,77.7,25.1,2.4,5.1,88.4,63.4,40.9,93.4,31.5,15.1,90.8,78.0,2121,75.8,79.0,51.6,11.0,89.7,20.0,57.4,8.3,81.8,89.2,98.2,84.9,91.4,94.7,40.2,74.5,91.4,78.2,93.9,4.5,9.1,2.6,23.1,13.0,12.5,35.3,23.5,7.2,35.3,1.0,14.1,59.7,62.3,61.7,62.3,66.7
Dumka,Jharkhand,946,68.4,43.1,1.8,14.9,63.6,64.9,39.3,94.1,21.8,9.3,95.1,54.9,1602,57.1,60.3,51.3,8.9,69.0,8.5,73.2,3.7,78.9,76.6,96.5,84.9,83.0,86.4,34.8,69.4,83.0,70.0,98.7,1.3,6.4,1.3,16.1,8.2,7.8,38.2,27.8,11.0,44.9,2.0,9.1,75.1,74.2,60.5,73.4,74.1
Jamtara,Jharkhand,825,71.2,50.5,0.6,14.9,73.1,66.7,36.0,89.3,31.2,19.1,95.1,69.9,2771,66.5,75.4,60.4,7.7,82.5,13.4,50.5,9.7,78.8,82.9,91.4,80.4,89.7,91.4,32.5,71.4,87.9,82.5,100.0,0.0,13.8,5.8,13.8,13.3,15.9,41.9,23.0,9.9,46.2,4.3,7.1,72.8,78.4,57.3,77.7,77.4
Ranchi,Jharkhand,874,75.5,20.9,1.2,5.5,85.0,77.8,35.2,90.3,43.0,20.0,93.6,83.1,2394,84.5,87.3,61.7,7.7,94.7,19.8,47.5,12.3,73.8,85.4,92.5,78.0,81.0,82.6,43.9,77.8,80.0,75.5,91.3,8.7,4.8,1.9,32.1,19.1,19.7,28.3,32.7,16.8,40.6,4.3,14.9,62.8,59.3,45.9,58.9,61.7
Khunti,Jharkhand,709,82.9,21.7,0.7,4.3,71.0,71.3,37.4,91.7,47.6,30.8,95.1,63.9,1314,61.0,73.8,64.2,11.0,80.1,7.2,46.2,4.3,71.9,79.6,91.6,76.5,81.7,87.4,28.5,70.5,83.8,79.3,100.0,0.0,11.7,1.9,17.9,10.2,10.5,38.5,32.1,16.8,44.0,6.1,3.9,66.9,70.9,34.0,70.0,71.5
Gumla,Jharkhand,1028,77.7,20.9,1.8,7.2,75.6,81.5,49.3,96.1,47.8,22.7,97.9,82.4,1124,78.4,83.8,80.3,6.7,90.2,7.7,,6.8,85.3,86.2,97.8,86.4,95.3,95.3,40.5,90.8,95.3,84.4,98.9,1.1,5.1,3.0,21.8,10.1,10.7,40.2,20.1,8.7,38.7,4.1,5.6,65.8,59.9,44.7,59.5,61.3
Simdega,Jharkhand,907,63.1,15.9,0.8,5.0,92.6,71.0,34.4,84.5,46.4,23.6,97.7,61.5,669,62.3,75.7,71.2,8.6,78.1,4.5,,2.5,79.3,81.1,92.9,83.9,88.2,91.5,30.9,83.8,88.2,73.8,98.2,1.8,7.3,0.6,17.8,11.4,10.8,42.2,21.1,7.7,37.0,2.8,7.9,75.4,71.0,59.0,70.6,69.5
Pashchimi Singhbhum,Jharkhand,872,66.6,24.4,2.4,6.7,80.4,62.6,34.9,89.8,37.4,23.1,92.0,58.8,1183,61.5,67.9,64.3,8.4,70.1,4.0,,3.3,87.0,89.0,96.2,90.0,92.1,92.1,22.3,86.9,89.4,72.7,99.0,0.0,10.5,2.7,22.0,11.6,11.7,60.6,30.5,12.9,62.4,2.8,7.1,73.3,72.5,74.8,72.6,74.2
Saraikela-Kharsawan,Jharkhand,919,87.0,19.2,1.6,10.3,74.7,85.1,54.4,92.3,42.6,24.7,98.8,77.2,1770,73.9,81.8,62.2,7.8,89.1,12.4,39.6,7.5,80.9,85.3,100.0,82.8,92.9,94.8,44.3,87.8,92.9,89.0,100.0,0.0,9.2,3.2,18.9,11.6,13.8,40.0,32.9,23.0,48.7,9.0,6.4,76.1,71.2,42.8,70.2,74.9
Belgaum,Karnataka,892,96.6,32.8,2.5,9.1,75.3,71.2,63.7,94.4,36.9,16.9,96.1,87.0,3902,85.6,97.5,60.6,0.8,96.4,24.2,39.7,15.8,81.4,86.5,97.2,87.0,91.6,91.8,27.7,7.3,90.0,91.9,92.8,4.7,4.7,1.1,58.0,8.3,8.8,32.8,23.6,10.2,36.9,2.9,23.8,72.7,53.4,40.0,52.9,48.5
Bagalkot,Karnataka,879,97.8,38.7,2.0,6.9,65.9,78.2,76.2,94.2,32.3,21.2,98.7,89.0,4576,86.7,95.2,57.1,2.8,91.4,31.0,60.0,14.2,78.6,79.5,95.5,84.0,92.0,93.1,24.0,0.0,84.7,73.0,98.8,1.2,4.3,3.1,30.2,5.1,6.1,48.3,16.9,4.4,42.3,2.4,28.6,63.8,47.9,49.5,48.0,50.7
Bijapur,Karnataka,885,95.5,39.2,2.6,11.8,71.9,60.3,56.4,93.5,36.6,15.4,91.1,74.4,3198,74.8,91.8,59.6,3.8,90.0,20.9,46.6,9.9,71.1,73.2,95.5,81.4,84.7,81.8,31.5,14.1,84.7,83.4,92.8,6.0,8.2,1.6,57.3,10.0,14.6,45.9,15.0,4.3,39.0,2.7,27.4,65.2,52.2,71.5,52.9,52.6
Bidar,Karnataka,898,97.9,19.2,4.2,4.0,81.6,62.7,55.3,97.4,39.7,26.4,96.8,89.6,4091,86.5,99.0,73.4,0.3,91.7,21.8,42.3,15.0,74.8,77.7,97.7,87.2,86.6,81.8,26.4,13.0,85.6,80.5,93.6,5.1,9.0,2.4,31.3,13.0,13.8,36.8,22.1,11.1,36.1,2.5,20.8,69.3,55.7,60.4,55.9,51.7
Raichur,Karnataka,907,88.7,21.9,4.0,8.9,68.8,66.4,67.5,89.0,32.8,25.0,97.1,76.1,6277,73.3,88.9,64.4,5.9,83.3,20.0,45.6,13.7,80.2,89.6,92.0,81.2,83.8,85.0,18.9,1.0,85.2,83.0,98.8,1.2,5.2,2.9,63.4,15.2,13.0,39.8,23.2,11.7,40.7,1.6,19.9,73.6,59.9,69.1,60.4,64.8
Koppal,Karnataka,952,95.1,27.1,2.1,8.5,67.8,52.4,50.7,84.5,15.8,8.0,100.0,80.7,4909,79.5,90.7,68.2,3.2,89.2,19.1,44.0,13.5,84.8,93.4,97.3,84.8,94.2,90.3,19.3,0.0,94.2,70.9,98.6,1.4,7.0,0.0,49.2,8.4,12.2,49.1,23.1,3.8,45.8,0.8,21.9,70.7,54.8,55.2,54.8,55.3
Gadag,Karnataka,911,99.7,27.7,2.6,2.0,68.3,52.6,68.7,93.3,33.5,17.4,97.0,84.7,5726,83.4,96.2,67.5,3.6,98.2,33.5,51.3,27.8,74.3,81.4,93.0,86.3,82.1,85.5,45.1,0.0,79.8,72.0,98.9,1.1,10.4,2.3,41.8,5.0,9.5,45.2,18.2,4.5,39.8,1.5,30.6,70.3,50.5,51.1,50.5,54.1
Dharwad,Karnataka,1110,99.7,17.8,2.5,3.3,81.0,78.7,85.2,92.1,45.1,25.7,96.9,98.0,3225,95.5,99.7,69.2,0.3,99.0,29.9,49.4,21.5,87.6,93.6,100.0,89.1,97.6,96.1,25.2,0.0,80.3,83.5,91.0,9.0,1.9,0.0,70.3,15.9,15.3,45.2,16.5,4.6,40.4,2.8,33.8,67.2,51.4,68.4,52.1,50.5
Uttara Kannada,Karnataka,724,99.2,11.6,2.4,1.3,93.9,80.4,57.9,92.2,35.6,18.4,97.9,87.4,5362,87.8,99.3,69.5,0.4,99.2,36.3,46.2,32.4,93.6,96.8,98.2,93.6,96.7,96.7,46.1,4.3,96.7,89.7,84.3,15.7,5.9,3.0,56.1,13.9,14.7,29.6,21.9,13.1,33.3,3.3,22.6,69.0,45.0,33.1,44.6,44.6
Haveri,Karnataka,805,98.6,16.5,3.4,4.2,75.8,73.3,58.7,88.0,30.5,16.8,98.8,92.4,11573,85.4,97.2,82.6,2.0,95.8,23.9,49.3,20.2,95.7,93.4,98.6,95.7,97.2,97.2,36.6,5.2,94.1,78.4,98.5,1.6,8.9,1.7,45.8,7.6,7.4,29.9,17.7,3.9,35.0,0.0,29.1,66.9,50.4,59.4,50.8,51.5
Bellary,Karnataka,1072,96.9,22.2,3.4,3.2,85.0,67.5,56.4,90.5,28.7,15.0,98.1,86.6,12348,84.2,95.7,76.8,2.4,96.0,29.1,75.8,19.1,71.5,79.2,97.6,77.8,93.1,89.4,25.7,4.6,93.1,73.7,98.1,2.0,5.1,1.6,49.2,8.9,9.7,36.1,22.9,13.6,36.5,1.3,27.3,67.5,58.7,40.2,58.1,58.5
Chitradurga,Karnataka,1050,99.5,20.7,0.4,7.8,85.5,66.3,79.3,93.9,50.5,36.6,99.1,95.2,4234,94.3,98.3,68.8,1.2,95.1,42.8,70.8,31.8,94.6,97.2,97.3,97.3,94.6,97.3,45.7,4.5,94.6,93.5,100.0,0.0,6.2,2.5,54.2,16.8,27.2,36.0,17.9,8.3,32.4,3.1,37.4,61.1,44.2,57.1,44.6,50.2
Davanagere,Karnataka,797,97.0,19.1,2.6,4.9,80.2,63.0,63.1,86.4,25.0,21.0,96.3,78.9,7508,74.0,98.3,68.9,0.7,88.1,39.8,59.9,32.2,79.4,83.5,96.0,81.2,93.7,89.2,35.4,6.6,92.1,78.7,96.0,4.0,9.2,3.4,37.0,12.6,16.8,38.4,18.8,3.9,32.8,2.5,38.1,70.2,51.9,,51.7,51.5
Shimoga,Karnataka,1111,100.0,11.1,2.5,2.4,86.3,58.7,79.4,96.9,56.6,39.1,98.5,91.5,5284,89.7,99.7,74.1,0.3,96.5,43.7,69.3,35.1,96.1,97.9,100.0,98.1,98.0,98.0,37.4,2.1,87.1,92.2,91.9,8.1,4.8,3.3,35.3,18.6,18.5,29.0,23.2,13.5,34.4,6.0,30.3,68.9,42.1,33.4,41.9,44.7
Udupi,Karnataka,1093,98.5,4.4,0.0,0.7,95.5,75.1,59.4,94.8,51.3,34.2,99.2,89.2,2886,87.7,98.9,37.6,0.4,90.2,51.9,60.8,39.1,89.9,87.8,100.0,94.3,94.0,96.2,38.1,2.0,94.0,88.1,90.5,7.6,3.5,1.9,44.2,11.4,10.3,23.1,17.6,6.0,21.0,3.2,22.9,58.3,47.2,48.4,47.3,49.9
Chikmagalur,Karnataka,849,98.5,19.5,1.6,5.5,93.1,69.5,74.3,93.1,49.6,26.4,99.1,90.9,4544,91.4,98.4,77.9,1.1,98.7,38.1,68.8,30.7,91.0,93.4,100.0,91.0,100.0,100.0,37.0,2.6,91.0,85.5,95.9,4.1,4.8,0.4,54.4,14.4,15.4,27.3,24.9,11.5,25.4,6.6,33.2,53.2,41.0,,40.8,45.6
Tumkur,Karnataka,1133,98.7,24.8,0.0,4.7,94.5,68.6,80.4,92.7,61.8,27.9,99.3,95.2,4533,90.2,100.0,66.9,0.0,93.1,52.1,64.8,45.8,97.7,93.5,100.0,100.0,100.0,97.7,42.8,2.7,97.4,96.8,100.0,0.0,4.5,1.6,33.0,12.2,15.5,40.3,10.9,3.1,26.7,6.1,30.4,67.6,48.9,,49.3,47.9
Bangalore,Karnataka,1163,99.3,14.5,2.0,2.0,98.5,75.3,74.6,98.4,58.8,46.3,98.0,88.0,3633,88.2,99.3,54.7,0.7,94.4,30.6,48.9,16.0,78.2,88.4,95.4,78.2,90.0,85.4,38.9,11.2,81.3,86.9,67.1,32.9,2.2,0.0,53.8,4.8,7.4,31.3,19.2,11.4,28.1,4.3,40.1,58.9,36.0,23.7,35.5,45.1
Mandya,Karnataka,1041,100.0,13.1,0.0,5.9,87.3,85.6,90.1,99.3,54.8,21.3,100.0,95.5,4109,95.1,99.5,60.2,0.6,97.3,39.5,58.0,27.7,93.9,96.9,100.0,96.9,93.9,100.0,42.8,0.0,92.2,94.9,100.0,0.0,3.1,2.3,63.7,3.1,12.4,24.3,11.8,5.3,16.7,1.3,38.7,58.2,47.1,,47.0,42.9
Hassan,Karnataka,872,98.4,16.2,0.0,6.4,92.0,67.6,75.8,98.6,50.1,33.6,97.8,92.6,3421,86.1,100.0,71.7,0.0,97.1,41.8,71.6,30.0,96.8,94.3,100.0,96.8,100.0,100.0,39.3,8.7,97.3,91.7,97.4,2.6,4.0,1.9,43.1,25.2,29.1,27.1,15.2,5.2,23.8,5.1,36.1,63.6,42.0,47.0,42.2,34.2
Dakshina Kannada,Karnataka,1038,97.8,4.9,1.2,1.0,93.9,86.1,82.0,97.5,68.9,35.4,98.3,83.5,3699,83.5,100.0,41.9,0.0,91.9,30.4,35.0,24.1,86.8,93.9,100.0,89.0,90.0,96.5,34.7,5.8,88.7,88.7,96.6,3.4,3.9,0.9,59.9,2.2,5.3,25.1,30.5,15.7,26.4,6.9,22.2,51.1,38.9,35.8,38.8,35.0
Kodagu,Karnataka,1190,97.2,12.8,0.8,3.2,94.2,70.6,74.4,95.5,46.8,30.2,97.8,93.3,2830,91.9,98.4,73.3,0.2,94.1,33.3,43.0,30.6,90.6,96.5,93.7,90.6,93.7,93.7,32.9,2.8,93.7,90.7,88.1,11.9,5.5,2.5,42.3,3.5,9.1,30.4,21.7,9.3,22.6,7.3,34.7,54.4,39.6,50.1,39.9,35.8
Mysore,Karnataka,1123,99.6,17.5,0.1,7.0,90.6,82.0,85.7,94.6,65.2,31.1,98.4,93.5,4143,88.6,100.0,56.2,0.0,97.8,43.7,67.9,24.7,97.2,92.6,100.0,100.0,97.2,100.0,47.8,2.2,97.2,98.1,93.9,6.1,3.0,1.6,49.9,11.7,13.4,27.5,15.6,7.2,28.2,1.3,36.4,57.2,48.7,24.2,48.0,41.7
Chamarajanagar,Karnataka,953,100.0,19.3,0.4,6.1,94.1,83.2,84.1,96.6,41.2,27.9,100.0,94.2,4270,93.2,100.0,82.7,0.0,96.7,31.4,51.8,27.1,93.3,90.8,97.9,95.5,95.8,97.9,36.8,0.0,95.6,93.6,94.8,5.2,4.6,3.6,43.5,16.7,17.8,32.2,18.0,6.8,28.7,1.6,30.6,68.7,46.4,,46.3,52.9
Gulbarga,Karnataka,976,97.0,29.8,4.0,4.9,68.9,59.3,53.6,90.8,26.6,18.2,95.1,79.6,3738,78.1,88.7,60.5,7.0,87.1,22.7,47.8,15.3,75.3,86.3,95.0,81.9,87.4,84.0,25.6,12.2,84.5,94.5,94.6,4.2,9.4,0.8,37.8,16.9,15.4,34.5,25.0,12.2,36.2,4.1,21.8,75.1,56.0,58.0,56.0,61.4
Yadgir,Karnataka,922,92.7,33.2,3.5,6.9,67.9,57.4,63.6,79.4,29.6,10.8,97.9,73.3,4386,72.2,93.3,73.4,2.9,93.0,14.3,45.0,7.2,82.6,84.6,97.2,85.3,91.0,89.3,24.6,1.6,90.1,77.7,97.6,2.4,5.1,0.6,47.1,12.4,13.4,57.6,17.7,7.2,45.2,2.3,18.8,76.0,57.1,61.1,57.3,61.8
Kolar,Karnataka,919,99.6,26.7,0.9,9.0,93.7,78.0,90.9,97.1,60.2,39.5,99.1,95.7,3188,95.0,99.6,76.1,0.0,99.3,42.1,66.1,35.0,86.3,86.3,100.0,90.6,89.0,86.3,40.1,6.4,86.9,87.5,90.8,9.2,3.6,1.5,42.6,20.1,21.7,31.1,15.5,5.8,15.7,5.3,27.9,57.9,43.8,37.9,43.6,46.9
Chikkaballapura,Karnataka,1110,97.6,27.1,0.5,5.3,96.2,82.6,90.5,94.7,48.8,19.7,98.2,91.2,4324,90.5,99.0,83.0,1.0,97.5,38.2,47.6,36.9,76.6,79.5,87.9,81.2,83.8,92.4,36.4,10.4,83.8,84.8,100.0,0.0,4.3,1.0,39.8,17.7,18.1,31.3,16.1,6.1,25.2,2.2,26.6,59.0,45.8,37.9,45.5,46.9
Bangalore Rural,Karnataka,1177,99.0,14.1,0.4,6.4,97.6,81.8,90.9,100.0,67.0,39.8,98.4,91.7,4836,91.0,100.0,72.0,0.0,97.9,43.6,60.5,37.0,92.7,92.5,100.0,94.3,98.4,100.0,27.1,4.3,94.6,84.9,100.0,0.0,3.2,0.4,59.8,15.7,17.6,36.6,16.2,9.4,23.8,6.0,33.2,60.8,44.6,33.6,44.2,43.9
Ramanagara,Karnataka,781,100.0,11.8,1.7,5.7,99.5,91.8,88.7,94.7,47.9,23.9,100.0,87.0,4877,84.8,100.0,68.8,0.0,100.0,39.9,57.8,31.8,100.0,92.6,100.0,100.0,100.0,100.0,38.4,0.0,97.7,87.6,96.5,3.5,7.2,2.5,49.9,8.6,16.6,15.6,20.0,7.7,19.8,4.0,36.5,60.2,45.3,,45.5,47.2
Kasaragod,Kerala,984,99.1,4.7,1.4,3.7,93.9,97.4,91.2,99.2,89.4,83.7,92.8,95.0,3778,95.9,100.0,29.9,0.0,100.0,28.8,28.9,28.4,92.5,98.0,98.6,94.4,96.6,97.3,9.3,24.7,95.3,83.4,88.3,11.7,1.9,0.3,86.1,9.4,12.2,25.3,12.6,5.7,21.4,1.6,28.4,34.3,35.6,27.3,35.4,39.6
Kannur,Kerala,880,99.6,5.4,0.4,2.4,96.8,94.8,78.3,97.7,78.0,58.8,95.3,93.4,6125,90.0,100.0,33.6,0.0,100.0,39.7,40.0,39.1,77.7,88.4,98.0,79.5,87.5,83.7,9.8,3.9,87.5,80.2,91.6,8.4,0.7,3.3,63.8,39.9,38.4,19.4,14.0,6.9,17.9,3.0,32.4,37.2,39.7,39.7,39.7,30.4
Wayanad,Kerala,1003,96.8,8.4,0.5,2.6,84.9,97.6,94.2,99.4,94.9,75.3,97.7,95.9,7967,97.2,100.0,37.6,0.0,100.0,25.7,30.2,18.4,86.4,88.4,97.7,88.8,86.4,90.8,25.6,0.0,81.9,78.1,93.2,6.8,1.4,1.4,60.0,14.8,14.1,31.3,16.1,5.3,22.5,6.5,26.7,39.4,27.0,,26.9,27.7
Kozhikode,Kerala,1000,98.9,4.2,1.0,3.8,96.5,98.3,91.8,96.7,85.7,76.1,96.6,91.0,4734,89.0,100.0,42.2,0.0,100.0,45.7,48.8,41.4,88.8,92.3,98.1,96.2,90.7,90.7,12.9,16.5,89.4,80.9,81.2,18.8,2.3,1.2,85.6,26.7,25.1,21.3,14.1,3.4,18.9,4.4,30.7,32.1,30.2,23.2,29.8,32.6
Malappuram,Kerala,807,99.7,15.3,0.3,2.6,88.7,95.3,90.4,99.6,92.3,71.1,91.5,96.9,6760,95.1,100.0,25.6,0.0,100.0,25.5,26.8,21.7,80.3,82.6,100.0,86.3,82.3,86.3,18.4,3.5,82.0,74.2,79.6,20.4,5.5,0.6,69.6,26.8,26.1,29.4,18.2,6.5,21.4,3.3,36.6,47.2,34.5,41.1,34.7,38.1
Palakkad,Kerala,1012,99.5,14.1,0.0,4.4,87.5,97.7,68.4,87.9,71.7,58.8,87.3,97.5,6211,93.2,100.0,29.6,0.0,100.0,31.2,29.7,34.7,51.8,73.2,90.2,57.0,71.0,77.0,11.5,11.0,62.4,77.6,94.1,5.9,2.7,1.9,55.2,26.8,23.7,29.7,21.7,9.0,27.7,1.1,32.9,51.9,50.0,40.5,49.6,43.3
Thrissur,Kerala,763,100.0,1.0,0.0,1.0,87.5,97.1,82.4,95.7,78.6,70.8,87.0,95.2,5007,88.4,100.0,30.9,0.0,100.0,45.7,43.0,51.9,,,,,,,,,,87.7,,,8.2,2.3,69.0,11.5,14.3,22.0,9.6,3.8,17.3,6.1,42.8,48.7,44.9,,44.4,36.5
Ernakulam,Kerala,1034,98.0,2.9,1.0,0.0,94.5,92.6,82.2,96.5,82.8,70.6,90.9,96.1,4940,94.2,99.1,23.2,0.5,100.0,51.1,50.0,56.6,82.6,96.9,97.9,82.6,91.4,92.7,15.1,8.9,91.4,88.2,93.4,6.7,1.8,2.4,71.0,11.9,11.3,22.0,17.1,7.4,19.4,5.4,39.6,36.4,32.1,,31.7,30.1
Idukki,Kerala,859,97.8,7.1,2.2,2.7,92.6,93.3,74.3,98.0,75.6,63.6,96.0,94.0,4942,95.3,100.0,47.6,0.0,100.0,40.3,47.0,32.9,89.6,89.6,100.0,96.6,89.6,93.0,13.4,0.0,89.6,81.3,93.3,6.7,3.3,5.3,78.8,34.0,36.5,24.3,14.5,6.8,23.6,2.3,36.3,32.0,32.4,,32.0,33.8
Kottayam,Kerala,865,97.2,1.6,0.0,2.8,94.1,81.6,55.1,83.6,51.1,44.0,90.4,85.0,10236,83.5,98.7,44.3,0.7,99.3,48.0,49.4,47.7,,,,,,,,,,91.2,,,10.2,1.2,51.1,16.9,19.0,23.4,8.4,2.3,17.3,3.2,39.8,36.8,38.6,,38.7,38.1
Alappuzha,Kerala,1485,95.3,3.8,0.6,2.9,93.1,85.1,65.7,87.5,61.0,52.0,96.4,89.2,10557,85.1,99.4,49.0,0.6,100.0,47.8,53.8,42.2,61.9,,96.9,79.3,76.8,83.3,22.2,8.7,76.8,93.6,100.0,0.0,4.5,2.8,62.1,17.2,17.9,20.1,14.4,2.1,20.4,4.5,41.9,30.3,32.0,,31.9,22.9
Pathanamthitta,Kerala,916,100.0,0.0,0.0,0.0,97.9,92.9,83.9,94.2,74.7,58.6,92.2,95.2,7608,93.2,99.1,36.8,0.0,99.2,57.6,61.1,53.0,,,,,,,,,,90.9,,,4.7,3.5,65.0,54.1,50.1,22.7,11.4,3.9,11.2,5.0,43.8,44.2,36.9,,36.4,20.9
Kollam,Kerala,1135,100.0,1.8,0.7,0.0,99.4,92.6,79.3,98.5,89.0,81.5,94.9,91.4,6836,89.5,100.0,44.7,0.0,100.0,49.1,58.4,37.6,85.4,,96.3,95.6,89.1,89.1,29.9,11.1,82.1,93.9,90.5,9.5,5.5,5.4,61.6,16.7,17.3,15.5,21.4,6.9,17.0,9.4,43.5,32.5,36.7,,36.0,24.5
Thiruvananthapuram,Kerala,1000,99.4,6.2,0.8,4.6,98.1,87.7,55.3,91.9,71.6,59.9,79.1,86.2,10165,88.0,99.5,34.7,0.6,100.0,32.8,36.0,27.2,72.8,,100.0,76.3,84.0,93.4,15.1,11.5,81.0,91.8,81.7,14.3,6.4,4.9,52.1,31.9,32.3,19.5,17.4,6.3,15.2,2.8,50.6,33.0,32.5,,33.0,20.9
Leh(Ladakh),Ladakh,949,98.7,2.5,0.0,0.0,83.0,80.9,69.6,94.9,9.5,2.6,96.5,80.8,4043,78.6,96.4,95.7,2.0,98.4,43.1,,44.3,88.9,100.0,98.2,88.9,90.6,88.9,53.8,13.2,88.9,89.2,100.0,0.0,10.9,7.8,45.9,23.3,29.2,24.3,17.2,7.6,19.0,12.7,30.2,95.5,94.6,79.0,93.5,96.8
Kargil,Ladakh,1336,98.5,2.5,0.4,0.0,74.4,91.0,88.0,93.5,19.6,12.5,99.1,78.3,3569,74.7,93.7,93.7,2.6,95.6,32.0,,34.2,87.5,100.0,100.0,87.5,100.0,97.4,31.0,7.7,100.0,85.0,100.0,0.0,6.2,2.8,71.0,18.2,18.5,36.5,17.7,10.5,21.8,14.0,26.3,87.9,92.8,76.7,92.0,97.1
Lakshadweep,Lakshadweep,1051,100.0,1.3,0.7,1.1,98.3,99.6,88.3,99.4,80.1,61.7,77.8,92.6,2533,93.7,99.6,65.3,0.4,100.0,31.3,37.7,28.2,86.1,91.7,94.2,86.1,91.0,91.0,11.7,12.7,88.9,44.8,100.0,0.0,2.3,1.4,76.3,20.2,19.0,32.0,17.4,8.7,25.8,10.5,33.5,43.1,26.0,20.9,25.8,31.4
Sheopur,Madhya Pradesh,974,86.2,39.5,4.1,5.2,50.5,73.2,41.0,90.9,36.4,21.3,95.3,76.2,1409,73.2,84.2,76.6,2.5,82.1,10.5,45.7,9.2,65.8,78.3,93.6,70.2,78.2,75.5,28.7,61.2,74.1,68.1,100.0,0.0,3.7,0.2,50.8,4.1,4.4,45.8,16.2,7.9,37.7,1.2,11.2,71.6,65.3,59.6,64.9,61.8
Morena,Madhya Pradesh,1087,93.3,27.8,4.5,6.7,67.5,82.5,64.9,97.8,43.1,31.2,99.4,84.2,1788,80.8,94.8,80.9,1.0,90.0,7.9,38.1,3.3,69.7,69.3,91.0,80.0,81.1,85.1,24.7,78.6,81.1,63.1,98.7,0.0,6.7,1.4,59.4,9.1,8.2,40.0,10.1,2.7,29.6,2.4,20.2,74.7,68.4,52.6,67.5,66.0
Bhind,Madhya Pradesh,968,93.1,25.1,2.2,5.5,75.3,82.6,63.1,94.3,48.1,29.8,97.8,84.2,1252,85.9,93.5,82.1,2.3,93.5,11.9,64.9,5.4,70.7,77.8,92.2,74.9,83.1,89.4,24.4,78.0,81.7,67.1,98.5,1.5,7.0,0.2,50.1,14.8,13.6,32.2,12.4,4.9,29.0,1.2,20.5,75.6,70.3,56.2,69.9,69.9
Gwalior,Madhya Pradesh,753,94.5,11.8,3.0,3.3,77.1,86.2,68.9,97.2,56.1,38.9,97.7,81.3,1717,85.8,94.8,74.1,0.7,94.2,20.3,51.0,13.2,80.5,86.6,91.8,82.2,83.9,82.2,26.9,70.2,81.0,72.6,94.7,1.9,6.9,0.6,49.2,11.3,11.6,40.1,12.4,2.4,33.0,0.7,26.1,78.4,62.5,63.6,62.5,66.6
Datia,Madhya Pradesh,658,89.5,27.7,1.9,6.0,72.9,76.5,54.2,94.4,43.3,21.4,98.0,82.0,1809,82.2,89.4,76.7,5.8,88.6,13.2,63.8,6.6,79.6,80.6,98.5,81.5,88.8,88.6,21.4,81.1,87.1,68.9,100.0,0.0,5.7,0.4,56.4,3.5,2.8,36.8,16.4,6.8,29.4,2.8,19.1,72.8,58.6,59.7,58.6,59.5
Shivpuri,Madhya Pradesh,963,88.1,32.5,3.7,6.7,58.7,75.9,52.7,98.1,48.0,27.7,95.4,88.1,721,84.7,94.5,89.3,1.9,94.0,8.9,,5.9,63.1,67.8,94.5,68.7,77.5,78.4,33.0,70.5,76.0,69.5,100.0,0.0,6.8,0.6,62.5,8.1,7.2,39.2,18.4,5.7,36.1,0.0,16.4,70.5,50.7,58.4,51.1,54.6
Tikamgarh,Madhya Pradesh,1105,96.4,32.6,2.2,5.4,71.3,84.7,64.2,100.0,40.9,27.8,99.5,86.9,551,86.5,89.8,79.5,4.4,93.7,5.8,,0.8,79.0,79.9,100.0,84.5,86.9,89.8,26.9,72.3,83.3,60.2,100.0,0.0,4.4,0.8,52.4,9.2,8.8,27.5,19.7,7.3,34.9,0.0,10.4,67.5,49.9,36.7,49.1,56.4
Chhatarpur,Madhya Pradesh,925,86.4,39.2,5.4,6.6,63.0,65.8,36.9,92.3,27.1,15.6,91.2,72.2,1505,79.8,85.2,73.1,2.2,84.4,11.0,60.3,5.0,72.9,80.4,98.2,79.6,93.2,87.1,34.7,68.1,91.7,65.7,98.2,0.0,6.2,4.9,28.5,7.4,6.8,45.1,17.5,5.8,34.6,1.4,13.9,87.2,63.4,68.3,63.5,67.1
Panna,Madhya Pradesh,889,87.5,22.8,5.0,8.0,46.0,61.5,30.9,90.7,29.9,15.9,87.9,73.5,1908,74.6,84.0,76.6,3.6,86.0,9.9,43.6,8.7,64.5,76.2,88.4,70.1,80.6,76.4,38.3,58.4,74.5,77.0,98.5,1.5,7.8,2.1,38.1,10.0,9.4,45.1,23.2,7.9,39.2,2.4,15.7,74.5,58.8,63.4,59.0,63.1
Sagar,Madhya Pradesh,939,93.6,21.4,3.2,6.4,59.0,62.6,35.9,95.1,34.4,13.0,94.4,71.5,2054,79.8,86.9,73.6,2.4,82.5,11.6,39.6,8.6,75.9,77.0,98.5,79.2,81.6,88.3,34.7,57.1,78.8,67.7,99.0,0.0,11.2,7.3,24.0,8.5,8.5,42.7,15.2,4.7,35.8,2.3,20.2,83.3,49.5,55.0,49.8,49.7
Damoh,Madhya Pradesh,751,89.1,28.6,3.7,5.9,40.9,67.1,46.4,94.1,40.2,29.1,96.2,75.8,1818,78.8,85.0,80.3,4.1,85.2,8.8,,7.3,60.8,76.9,92.7,68.3,75.6,78.6,36.9,53.3,71.6,80.1,98.0,2.0,10.5,4.1,40.4,13.5,12.7,40.3,16.2,6.0,32.3,2.4,17.4,76.3,47.9,50.9,48.1,57.0
Satna,Madhya Pradesh,658,95.1,12.9,5.7,0.7,59.2,68.6,51.5,96.1,41.3,26.0,89.0,81.3,1117,79.7,85.5,75.1,4.6,86.3,8.8,,5.7,76.3,79.5,94.9,76.3,90.8,88.4,41.3,43.4,87.0,61.9,100.0,0.0,4.0,5.2,22.2,7.2,7.0,49.4,16.8,6.2,31.2,2.3,20.4,81.8,57.5,,57.3,65.1
Rewa,Madhya Pradesh,954,93.8,28.2,5.5,4.8,40.3,51.7,33.0,95.5,29.9,18.3,96.2,77.7,2318,77.8,80.4,76.4,4.1,79.9,9.7,,9.5,70.3,77.7,96.1,70.3,92.2,93.5,39.8,68.0,86.6,82.2,97.2,0.0,12.0,2.8,35.9,11.2,10.1,37.0,18.7,8.3,31.5,2.9,18.2,78.0,61.7,60.5,61.7,65.3
Umaria,Madhya Pradesh,906,97.0,21.2,4.3,4.7,48.9,79.2,48.9,93.7,43.0,26.0,96.3,89.7,1304,87.9,92.2,89.2,3.3,85.6,10.5,,8.8,90.6,91.9,98.6,95.6,94.9,94.5,29.4,72.5,88.9,84.6,100.0,0.0,4.4,3.2,41.3,9.5,9.8,45.3,15.5,4.0,36.6,2.7,14.6,71.5,51.6,48.6,51.5,55.3
Neemuch,Madhya Pradesh,993,99.6,29.3,1.2,4.1,66.4,88.9,60.6,94.3,48.4,34.3,99.7,93.3,1878,92.9,97.5,86.7,1.2,97.0,13.5,43.9,10.1,88.7,87.9,100.0,88.7,93.2,91.4,34.2,87.9,93.2,76.1,98.3,1.8,4.8,0.9,43.2,4.3,3.3,33.0,13.1,5.4,27.7,2.5,20.1,77.2,50.6,42.0,50.3,57.7
Mandsaur,Madhya Pradesh,1021,98.0,34.8,0.4,6.1,62.5,86.6,60.8,92.5,49.3,33.8,99.6,93.6,1812,90.1,99.4,93.2,0.0,96.4,18.5,,14.3,75.1,85.2,94.7,80.2,85.7,87.3,29.2,71.8,85.7,87.9,98.3,1.7,2.9,1.4,49.5,1.4,1.2,30.9,13.1,4.1,22.9,1.2,19.2,65.4,57.0,45.8,56.7,56.4
Ratlam,Madhya Pradesh,1067,97.3,31.3,2.1,7.6,59.6,80.2,65.1,94.9,66.0,50.3,99.3,84.6,1729,87.7,95.2,87.1,1.9,96.1,12.3,50.2,9.4,93.0,95.5,97.3,93.0,94.4,94.4,40.9,91.5,94.4,86.0,98.5,1.5,9.3,3.3,41.6,18.1,16.7,29.0,16.2,4.2,28.6,1.2,17.0,74.0,59.4,61.7,59.5,60.5
Ujjain,Madhya Pradesh,958,96.4,33.4,1.6,5.1,74.4,67.0,60.3,94.8,64.8,39.5,97.3,84.5,2650,84.0,97.1,83.0,0.9,90.3,14.8,53.3,8.8,93.7,96.4,100.0,93.7,97.1,95.6,47.8,74.0,91.7,88.5,96.8,3.2,7.4,7.7,39.3,13.7,11.2,34.7,29.8,12.6,36.2,2.8,15.2,81.6,54.8,47.0,54.5,62.9
Dewas,Madhya Pradesh,885,94.7,28.1,1.9,2.2,68.8,61.9,49.1,92.1,58.0,40.8,96.1,84.3,2815,82.7,92.2,80.3,3.6,91.9,13.5,63.1,7.5,87.1,95.0,96.7,88.5,94.9,96.5,42.2,79.5,91.8,86.7,98.7,1.3,8.5,4.7,36.3,10.6,13.1,36.8,20.4,7.6,30.7,4.5,19.2,79.4,51.8,37.3,51.3,59.0
Dhar,Madhya Pradesh,1056,93.9,26.5,2.1,7.7,57.9,81.7,76.5,93.1,59.3,33.2,84.9,91.4,1250,93.8,95.5,83.4,1.1,96.1,13.2,,5.1,75.4,82.3,94.3,87.0,90.3,88.0,33.8,60.9,86.3,81.1,100.0,0.0,5.5,2.9,38.2,5.6,4.6,28.8,29.5,11.1,35.9,5.2,10.1,65.0,49.5,68.6,50.2,63.9
Indore,Madhya Pradesh,996,96.6,21.7,1.9,4.2,83.7,86.4,74.6,97.7,72.3,37.1,94.2,92.6,1835,93.3,96.5,63.5,2.6,97.8,21.9,49.7,8.6,84.6,90.3,96.0,86.1,90.1,90.1,36.4,65.0,86.8,74.3,93.8,6.2,5.2,3.9,29.3,9.0,9.8,28.7,21.2,6.3,24.9,2.2,19.0,78.8,47.9,52.8,48.1,55.9
Khargone (West Nimar),Madhya Pradesh,1043,94.6,13.3,2.7,6.8,69.1,72.8,61.3,93.2,45.3,27.8,99.7,83.7,1657,83.6,92.8,85.6,1.3,88.2,15.3,,13.6,77.4,76.9,95.1,81.0,86.6,88.2,51.4,69.5,88.6,96.0,100.0,0.0,5.4,0.9,42.2,7.1,6.6,31.4,27.4,11.9,44.0,4.9,15.0,71.5,50.5,38.6,50.1,56.1
Barwani,Madhya Pradesh,896,89.9,29.6,3.8,9.0,51.0,88.8,64.2,90.1,54.2,33.0,99.1,81.4,1599,82.5,85.1,82.3,5.4,89.9,10.4,,10.2,76.1,78.3,96.5,78.6,84.4,85.9,37.8,72.6,86.8,75.0,100.0,0.0,4.0,1.7,45.9,10.0,11.1,45.8,18.9,6.0,41.0,3.6,8.2,78.2,58.5,53.8,58.4,67.0
Rajgarh,Madhya Pradesh,971,90.5,46.0,3.1,5.4,50.9,75.1,55.2,93.7,43.5,28.5,98.3,73.3,2152,78.1,91.7,80.0,1.7,88.2,11.0,42.3,7.5,71.9,83.8,90.3,71.9,88.7,85.8,29.1,65.3,83.6,72.7,98.1,0.0,9.2,2.5,31.0,3.8,5.2,27.6,22.4,9.0,26.8,4.1,14.1,77.5,52.6,46.4,52.3,51.9
Vidisha,Madhya Pradesh,960,96.7,22.8,4.9,7.8,58.5,84.9,54.4,96.5,41.3,24.9,100.0,87.8,1668,86.9,90.6,82.8,1.9,91.6,7.5,43.3,5.0,78.0,88.2,91.1,82.5,81.5,84.5,29.2,67.9,78.9,68.0,100.0,0.0,8.4,1.1,42.6,4.3,3.9,36.5,16.6,3.4,34.4,0.3,19.8,52.3,37.9,50.9,38.5,27.1
Bhopal,Madhya Pradesh,1261,94.5,11.3,0.5,3.7,78.2,90.2,64.6,95.4,61.3,42.5,95.4,89.5,3176,86.6,98.3,67.7,0.0,92.1,21.9,,23.4,,,,,,,,,,84.6,,,2.3,0.6,36.0,,14.4,19.9,20.6,4.3,29.1,1.8,31.5,68.5,53.9,,53.5,54.6
Sehore,Madhya Pradesh,824,91.7,21.7,2.1,4.2,49.8,58.5,45.0,92.8,47.3,28.3,95.4,74.4,3654,80.4,94.7,82.9,1.2,86.9,14.5,49.0,10.5,60.3,82.7,93.3,65.7,80.7,80.8,30.1,55.1,76.9,70.5,100.0,0.0,8.9,2.8,35.3,6.5,5.5,21.9,20.3,9.6,27.6,3.0,20.6,82.4,44.8,58.8,45.3,50.5
Raisen,Madhya Pradesh,754,95.4,12.6,3.1,1.7,59.3,82.5,56.6,94.7,54.5,36.7,98.7,88.8,2787,89.0,96.0,93.2,1.2,91.1,12.3,,11.4,,,,,,,,,,61.5,,,7.1,1.3,34.3,,19.0,30.4,21.1,4.8,25.4,0.0,23.5,61.1,56.9,,56.9,69.4
Betul,Madhya Pradesh,1049,94.7,11.2,2.5,2.4,62.5,76.9,74.0,95.9,78.3,57.8,96.9,85.4,454,86.2,87.6,80.8,4.6,83.5,10.8,,7.8,80.9,83.6,94.9,91.0,88.1,91.6,46.2,86.4,86.4,93.1,100.0,0.0,5.3,0.3,59.8,6.9,9.9,30.8,21.7,4.5,31.4,0.0,17.7,57.8,55.8,65.8,56.2,56.6
Harda,Madhya Pradesh,891,93.3,10.0,0.6,3.9,70.4,75.5,71.9,91.4,67.7,47.4,97.3,83.9,3011,84.6,88.4,76.3,0.7,84.1,14.5,56.7,10.0,90.8,93.8,100.0,92.6,98.1,96.3,51.4,86.9,96.1,89.9,100.0,0.0,6.4,9.2,41.5,11.6,9.9,38.8,28.0,18.8,34.7,5.3,16.8,85.6,63.3,45.6,62.6,69.4
Hoshangabad,Madhya Pradesh,950,93.6,16.7,2.7,5.2,55.6,42.4,31.5,89.3,44.9,31.3,94.5,67.6,4623,71.8,91.8,79.5,0.8,82.0,22.5,53.9,20.1,73.5,90.3,94.9,79.0,87.9,87.9,42.3,79.7,84.9,84.1,97.1,2.9,9.2,7.3,36.0,9.5,11.2,34.8,19.5,8.2,27.2,2.8,20.6,78.8,52.4,35.3,51.9,52.1
Katni,Madhya Pradesh,958,96.8,17.2,3.0,1.7,55.5,73.6,52.9,95.8,52.8,25.3,98.9,82.2,1019,83.7,91.8,84.4,3.8,93.3,5.1,,1.9,86.0,77.9,95.8,93.0,90.5,97.5,35.0,75.9,90.5,69.7,100.0,0.0,9.1,4.3,56.5,6.9,8.2,49.5,21.8,10.6,44.0,1.7,16.4,78.7,59.2,44.5,58.7,61.0
Jabalpur,Madhya Pradesh,1111,100.0,7.2,0.0,13.6,56.2,91.8,60.4,95.1,76.6,48.2,97.9,97.5,525,88.9,94.7,89.2,0.0,94.7,7.2,,1.8,,,,,,,,,,,,,8.0,0.0,73.2,,,18.0,26.4,10.0,31.3,0.0,14.6,37.8,48.6,,48.9,49.0
Narsimhapur,Madhya Pradesh,947,98.1,19.6,3.4,6.5,58.4,88.0,74.2,93.6,53.1,28.7,98.1,91.4,1662,87.4,91.4,76.2,1.9,93.0,19.1,55.5,14.0,82.7,81.3,87.2,87.9,88.4,88.2,40.3,68.0,81.6,74.1,100.0,0.0,4.0,2.4,39.3,19.9,18.1,32.0,19.6,5.1,28.1,1.0,20.1,73.4,46.6,53.0,46.9,48.5
Dindori,Madhya Pradesh,903,98.1,21.1,3.0,8.7,37.5,79.5,56.5,95.8,52.6,37.5,99.5,82.9,193,80.9,77.6,76.6,7.0,84.3,2.1,,2.1,80.3,81.7,96.4,88.6,83.3,85.4,29.7,66.6,80.2,76.5,100.0,0.0,6.9,4.8,48.4,13.0,12.9,38.9,15.8,4.6,33.6,1.9,7.9,78.1,65.0,69.8,65.2,64.2
Mandla,Madhya Pradesh,1130,97.7,15.0,2.2,2.6,53.4,81.7,54.4,97.5,60.5,40.9,98.5,84.2,735,83.5,87.6,81.0,2.0,76.7,10.2,,6.0,88.9,94.6,96.7,92.3,93.5,93.1,38.4,78.6,93.5,94.9,100.0,0.0,9.2,3.5,42.9,8.1,7.3,32.1,15.9,3.9,33.0,2.0,10.7,70.2,60.5,64.3,60.6,64.2
Chhindwara,Madhya Pradesh,1078,95.9,11.6,2.6,3.3,69.6,82.1,67.0,97.0,53.7,34.3,98.3,90.2,718,89.7,92.2,78.1,0.8,92.3,17.1,65.1,10.1,65.3,75.7,95.7,77.6,80.6,85.9,27.3,67.4,71.7,79.5,100.0,0.0,4.0,0.9,44.1,6.9,5.8,23.9,18.1,4.5,32.8,0.3,18.6,50.5,41.8,36.8,41.7,45.3
Seoni,Madhya Pradesh,1212,98.4,11.2,2.7,4.7,60.6,83.7,64.5,98.2,70.8,40.2,100.0,93.4,699,94.9,94.8,86.8,1.5,86.1,15.9,86.6,10.3,88.8,96.1,98.2,90.3,94.8,93.4,38.8,81.6,96.2,93.8,100.0,0.0,6.7,1.6,57.0,13.0,12.1,23.5,21.1,5.0,31.1,0.0,15.7,71.8,60.0,57.8,59.9,58.9
Balaghat,Madhya Pradesh,979,97.3,4.4,1.3,0.6,77.3,55.6,69.1,96.9,63.5,46.0,100.0,92.1,1400,86.1,95.1,88.6,2.1,97.7,18.3,,14.5,75.8,82.0,94.3,89.8,78.1,91.8,24.3,78.5,80.4,94.7,100.0,0.0,1.7,0.0,23.0,11.2,9.7,41.9,20.5,5.4,44.9,1.0,4.3,56.8,61.0,,60.6,56.7
Guna,Madhya Pradesh,825,97.1,28.1,2.8,5.5,48.3,84.6,68.3,97.2,60.8,43.4,98.6,78.0,1544,87.9,98.0,90.6,1.6,92.8,6.7,62.2,2.3,78.8,81.7,95.4,82.2,83.7,87.0,43.1,83.0,83.8,81.5,97.9,2.1,3.8,1.1,44.1,8.2,9.9,31.9,10.1,4.3,25.1,1.6,12.0,75.1,49.6,55.0,49.8,49.2
Ashoknagar,Madhya Pradesh,915,91.6,29.7,3.4,7.7,50.6,81.8,57.9,91.7,42.5,26.6,98.1,77.8,1585,76.4,91.3,83.6,2.4,92.1,6.2,,1.3,69.1,82.0,96.5,72.5,86.9,80.3,39.4,78.6,84.9,74.4,100.0,0.0,7.4,1.4,51.8,3.4,3.1,32.6,19.7,4.5,31.1,0.5,15.4,59.7,46.3,42.5,46.1,45.0
Shahdol,Madhya Pradesh,1032,98.4,27.5,2.5,5.8,51.0,74.2,57.4,94.4,55.0,31.7,100.0,83.2,1274,79.3,85.6,83.0,4.6,86.9,9.3,,9.3,86.1,87.4,98.7,94.5,87.6,94.1,45.8,77.3,87.6,88.2,100.0,0.0,3.2,1.1,32.9,6.5,6.2,44.0,20.4,5.5,39.2,2.1,14.5,57.3,56.4,56.8,56.4,53.3
Anuppur,Madhya Pradesh,970,96.5,18.6,2.1,4.8,56.2,60.2,63.6,94.8,58.8,28.8,99.1,85.6,1230,85.8,84.8,80.9,2.8,85.3,13.7,,14.1,86.6,90.1,92.3,90.6,86.6,88.5,39.4,81.2,86.6,84.1,100.0,0.0,5.9,0.7,23.4,5.5,6.3,24.0,18.4,5.3,30.7,0.9,15.5,49.2,52.5,53.8,52.6,43.6
Sidhi,Madhya Pradesh,763,96.2,23.0,3.0,3.6,37.9,72.7,39.4,97.8,34.9,13.5,97.7,79.7,580,75.9,83.8,80.4,2.7,75.9,7.0,,6.0,78.2,77.5,97.6,88.0,86.3,92.3,27.1,77.7,83.6,88.5,98.7,1.3,9.6,2.8,38.3,12.7,13.2,39.1,16.6,6.4,32.8,2.5,14.6,72.5,55.7,55.8,55.7,59.6
Singrauli,Madhya Pradesh,884,91.9,24.7,4.2,4.4,54.7,72.9,58.1,92.1,58.8,21.7,97.3,72.2,474,66.7,69.9,62.5,9.2,77.5,4.3,,2.2,76.9,78.3,96.2,78.7,78.7,79.6,18.4,65.4,78.7,81.8,96.3,1.5,3.8,0.0,34.0,6.7,6.4,37.3,25.2,6.6,36.0,0.9,11.9,56.6,54.4,,54.1,60.1
Jhabua,Madhya Pradesh,1156,90.3,36.5,7.1,6.7,50.4,92.9,63.6,96.0,50.3,38.6,97.7,86.5,1132,87.7,92.9,86.1,1.7,94.2,7.0,44.1,4.6,88.9,92.2,98.7,93.1,94.6,93.6,45.3,85.5,94.6,71.0,100.0,0.0,2.5,1.3,36.5,16.3,15.7,49.3,17.9,5.6,41.7,1.1,11.6,80.1,58.7,60.3,58.8,63.7
Alirajpur,Madhya Pradesh,942,87.0,30.7,5.0,5.9,48.5,67.0,54.7,90.3,54.5,18.0,99.3,79.9,602,74.6,83.2,80.0,7.5,87.5,4.2,,3.3,84.1,82.7,97.6,84.1,87.5,87.3,30.8,70.7,85.1,93.3,100.0,0.0,2.4,0.7,54.2,2.6,6.6,34.6,15.4,5.4,31.6,2.3,10.9,76.4,60.4,61.7,60.5,76.5
Khandwa (East Nimar),Madhya Pradesh,1272,93.1,10.8,2.0,2.8,68.4,65.5,62.2,96.7,56.9,27.6,97.0,93.3,869,87.5,93.2,90.0,1.2,93.1,7.6,,7.6,87.9,94.0,97.0,87.9,94.5,94.5,36.9,73.2,94.5,86.9,100.0,0.0,4.2,9.3,52.9,3.8,3.5,38.4,20.7,7.5,35.3,3.2,13.7,86.8,66.9,,64.8,68.9
Burhanpur,Madhya Pradesh,816,92.1,17.8,3.4,1.8,66.1,77.4,63.1,95.4,72.6,60.7,98.8,84.6,1427,84.8,90.7,76.3,2.6,92.3,14.0,55.4,7.9,91.7,92.6,97.1,91.7,94.2,92.9,29.9,92.9,92.9,81.8,98.4,1.6,6.2,3.0,28.0,19.7,16.8,38.7,27.9,13.1,47.2,3.2,12.2,77.9,58.0,36.4,57.3,66.5
Agar Malwa,Madhya Pradesh,1212,98.8,35.6,0.6,5.3,67.6,70.1,76.5,97.1,54.8,44.6,98.6,89.9,1519,92.9,98.9,89.8,0.0,93.6,17.1,,9.7,75.8,,92.8,81.3,84.2,84.2,48.4,63.1,82.0,92.0,100.0,0.0,0.8,0.0,55.6,0.0,0.0,40.3,18.7,5.7,35.7,0.0,8.8,71.6,59.5,,59.2,56.4
Shajapur,Madhya Pradesh,1012,96.3,24.4,1.9,5.9,59.8,85.8,64.7,96.3,48.7,29.8,97.9,85.6,1974,88.2,98.1,89.0,0.7,95.4,10.4,46.8,6.9,90.0,89.2,98.6,91.4,97.2,97.5,49.8,70.6,96.0,73.0,100.0,0.0,4.0,1.8,43.4,7.2,8.2,27.8,23.4,9.7,27.6,2.5,16.0,76.1,45.9,44.5,45.8,51.4
Nandurbar,Maharastra,885,94.6,24.0,3.4,10.6,47.5,51.0,58.2,91.0,38.3,25.3,99.2,74.4,1313,74.2,76.3,60.7,7.0,77.9,7.9,29.0,5.6,72.4,77.9,95.9,77.0,86.5,86.5,22.1,11.8,69.1,68.2,98.6,1.4,9.8,4.7,51.9,11.0,9.6,45.8,30.7,13.5,57.2,3.7,12.9,79.3,64.1,68.2,64.2,69.2
Dhule,Maharastra,919,93.6,40.5,2.5,15.0,60.7,61.2,63.2,80.5,30.7,16.5,93.7,77.2,2269,74.9,77.2,48.8,8.1,84.2,17.0,40.8,11.1,56.6,69.1,87.1,62.3,67.4,67.7,18.9,5.2,51.9,55.7,90.4,9.6,15.7,2.1,46.3,12.6,11.4,37.6,38.9,18.1,46.0,0.2,23.9,72.2,60.8,70.6,61.2,59.8
Jalgaon,Maharastra,857,93.7,28.0,2.2,10.7,70.1,60.3,58.4,82.2,28.9,20.4,91.0,74.5,3366,78.5,86.5,40.2,3.8,81.9,27.5,40.1,22.2,61.3,79.9,96.2,75.8,76.8,74.6,32.7,19.3,59.4,57.9,92.3,7.7,6.7,4.1,46.2,18.3,15.6,36.3,30.5,8.0,36.9,1.5,26.2,85.2,65.3,63.8,65.2,69.4
Buldana,Maharastra,1036,97.9,24.1,1.6,5.7,74.8,73.6,72.7,95.5,61.2,45.1,100.0,86.7,2641,84.8,93.9,70.9,2.8,92.4,17.6,28.4,15.6,85.9,78.5,100.0,91.8,89.5,90.1,32.8,6.3,89.8,89.2,97.6,2.4,8.8,6.3,64.4,3.5,4.1,45.0,31.7,14.8,47.2,4.8,15.7,79.4,58.5,,57.8,66.8
Akola,Maharastra,896,98.8,13.5,2.0,5.7,79.7,75.1,76.3,92.9,60.6,40.4,98.3,82.3,1753,92.2,97.7,65.9,0.9,86.4,29.1,42.0,23.9,69.5,66.1,97.8,77.0,80.1,83.8,25.2,10.0,71.6,88.3,89.8,10.2,12.0,6.5,63.1,4.0,4.0,31.8,29.4,14.7,30.8,8.6,19.6,77.5,53.2,39.2,52.6,60.3
Washim,Maharastra,991,95.8,27.7,3.0,14.3,72.5,63.4,60.0,79.5,44.5,34.4,99.2,83.4,3071,83.4,92.9,65.1,1.8,83.1,18.0,31.3,14.3,71.6,75.5,96.4,79.0,80.6,88.0,31.6,5.6,65.6,77.9,100.0,0.0,19.2,5.1,68.8,3.8,3.3,35.3,31.7,15.2,39.3,6.9,14.2,70.4,57.0,33.8,56.4,53.9
Amravati,Maharastra,1090,97.1,9.8,2.2,3.6,83.0,89.1,71.7,93.8,38.1,23.7,99.1,80.2,3557,79.4,91.3,65.4,1.8,89.7,30.2,58.9,22.7,92.5,92.5,100.0,92.5,95.9,95.9,40.2,2.1,89.1,85.9,100.0,0.0,11.6,5.2,54.7,11.3,13.4,29.0,26.2,10.7,38.0,2.2,20.3,74.4,53.6,43.3,53.4,64.8
Wardha,Maharastra,1173,98.4,9.0,0.5,2.2,94.0,87.9,70.4,93.4,50.6,29.0,98.6,89.9,3482,90.5,98.8,72.4,0.0,99.0,24.1,39.3,19.0,92.4,87.4,100.0,95.0,97.4,97.4,36.9,2.6,89.6,87.1,97.6,2.4,6.0,2.5,51.6,4.8,7.3,27.7,28.1,12.5,31.3,4.0,19.6,71.4,60.7,36.5,60.0,63.5
Nagpur,Maharastra,926,97.7,7.1,0.9,0.9,88.5,78.1,71.4,92.8,57.1,42.0,96.6,91.4,3249,90.8,100.0,61.9,0.0,96.6,33.7,41.4,28.9,89.4,87.4,100.0,94.7,95.1,94.5,39.0,9.6,88.3,95.6,79.3,20.7,4.0,3.9,68.4,4.6,4.6,27.6,34.0,20.0,33.9,10.1,13.4,70.5,54.0,,53.6,57.9
Bhandara,Maharastra,897,99.5,1.5,1.2,3.0,93.1,83.7,79.0,94.8,64.4,29.0,99.4,87.5,2584,90.1,100.0,94.1,0.0,98.4,31.3,,30.0,87.0,91.9,97.5,89.5,95.0,94.9,54.2,13.9,92.3,83.9,100.0,0.0,3.9,2.7,60.5,5.4,8.4,31.3,28.4,13.2,33.9,4.7,9.8,72.8,65.4,64.7,65.3,66.1
Gondiya,Maharastra,1050,99.6,6.5,1.6,0.0,88.6,69.0,66.2,98.3,46.0,19.0,98.7,90.0,1684,89.2,99.1,88.6,0.9,98.3,27.0,,22.1,88.2,90.4,95.8,91.1,91.1,93.0,31.4,2.6,89.5,77.4,100.0,0.0,4.5,2.6,58.9,4.3,7.2,36.9,23.7,11.1,35.6,8.3,9.4,78.0,60.9,43.6,60.4,65.2
Gadchiroli,Maharastra,1098,99.6,10.1,0.4,5.1,80.9,84.6,86.8,91.4,70.8,34.8,98.0,91.5,1847,93.7,97.3,90.5,1.8,98.2,17.3,,12.5,97.9,95.6,100.0,100.0,97.9,100.0,45.1,7.9,97.9,88.1,100.0,0.0,4.7,3.2,66.0,5.4,4.5,35.7,30.0,13.5,35.4,9.5,5.6,76.6,67.1,39.3,66.2,67.3
Chandrapur,Maharastra,1025,98.1,9.0,1.7,3.1,84.1,76.6,68.5,94.0,69.2,53.3,100.0,92.3,2109,97.0,99.6,85.2,0.4,96.5,20.8,41.7,17.3,95.0,87.6,100.0,97.5,100.0,97.5,46.6,5.2,93.3,86.8,87.2,9.7,5.7,7.3,65.5,8.8,6.8,37.3,38.5,21.8,46.6,7.6,9.4,76.6,55.9,,55.5,61.7
Yavatmal,Maharastra,1012,97.2,11.7,1.6,4.4,89.3,77.1,66.9,94.6,41.7,19.0,98.8,85.6,1734,91.7,96.3,67.4,1.8,96.8,16.0,32.1,9.9,74.7,77.6,98.0,84.2,88.6,90.0,26.6,0.0,85.5,71.0,94.9,5.2,7.4,0.0,58.0,1.6,2.6,36.6,27.5,15.1,39.4,6.7,10.5,75.2,58.5,53.7,58.4,64.1
Nanded,Maharastra,888,97.8,32.2,1.7,8.7,76.8,62.5,53.5,89.8,21.7,8.8,96.7,76.1,2964,79.3,94.8,66.7,0.9,92.6,14.0,28.8,8.9,75.7,84.9,93.8,82.3,79.9,81.2,35.1,2.5,76.9,70.5,93.0,7.0,14.4,1.0,52.7,4.7,3.8,36.0,19.0,8.7,35.2,3.5,19.2,76.1,57.5,52.9,57.3,63.1
Hingoli,Maharastra,838,96.0,37.1,1.4,14.4,77.2,82.5,66.6,88.5,23.2,10.9,98.8,82.4,3114,85.1,94.0,68.6,1.6,95.3,16.4,29.3,13.0,76.9,79.4,98.3,78.6,92.7,94.0,41.5,7.3,83.5,72.1,94.8,5.2,10.1,3.2,55.4,11.8,11.5,37.4,25.8,10.5,38.9,1.0,16.6,72.5,51.2,53.3,51.3,60.5
Parbhani,Maharastra,983,95.5,48.0,3.4,13.7,75.3,58.6,47.4,82.0,17.9,11.2,89.0,64.4,2779,66.8,85.6,53.6,7.3,90.8,12.5,17.4,12.9,52.0,75.4,89.6,55.9,76.2,77.2,17.6,5.7,66.6,52.9,93.1,5.5,18.6,1.4,47.2,2.1,1.9,37.6,22.8,7.6,41.8,3.0,23.7,75.4,59.4,48.0,58.8,60.2
Jalna,Maharastra,867,94.8,35.0,2.2,10.1,71.8,56.0,58.4,78.3,27.2,20.8,96.1,74.0,4178,78.9,92.8,57.3,3.4,86.5,15.2,30.4,7.7,54.3,68.9,92.6,66.4,64.3,75.9,22.9,15.3,50.8,70.1,96.1,2.6,19.0,7.0,66.1,4.7,5.2,38.0,22.2,8.2,39.0,1.3,20.6,68.3,58.7,47.3,58.2,54.6
Aurangabad,Maharastra,875,94.5,35.8,1.0,12.4,77.3,65.2,57.2,86.2,14.5,6.9,95.0,76.4,4039,82.6,94.8,61.1,3.1,96.3,17.5,19.5,17.9,56.7,81.7,94.2,62.4,89.0,81.5,11.8,27.8,75.4,69.2,98.4,1.6,12.6,4.1,39.9,11.9,11.7,34.2,26.4,11.8,42.9,2.8,24.4,64.5,52.6,48.2,52.4,47.4
Nashik,Maharastra,816,93.6,29.6,2.4,14.0,79.3,66.9,66.4,81.3,43.4,23.0,96.0,76.5,1698,83.4,90.5,52.0,3.3,89.9,21.2,38.6,12.3,70.4,82.8,88.6,74.3,80.3,76.2,30.3,2.1,67.4,58.7,92.2,7.8,19.2,4.7,46.5,12.1,13.5,42.2,27.2,11.4,44.8,2.2,21.7,67.3,55.4,73.4,56.2,56.2
Mumbai Suburban,Maharastra,703,93.6,10.0,1.3,1.5,96.2,58.1,72.2,90.1,54.8,30.2,92.6,91.5,3943,97.2,98.1,56.0,0.5,98.5,31.7,41.9,25.1,,,,,,,,,,73.6,,,1.7,1.7,56.8,17.8,17.8,37.2,18.6,7.2,24.6,10.5,40.4,65.6,49.7,,50.0,67.2
Mumbai,Maharastra,1019,98.6,4.5,0.0,1.0,99.1,86.2,87.1,95.4,72.4,49.5,93.1,90.6,6233,95.9,99.5,55.5,0.0,98.3,30.4,39.1,23.8,,,,,,,,,,77.8,,,3.5,1.7,51.0,12.8,14.1,26.6,25.3,9.1,29.6,6.1,25.0,72.8,46.9,19.9,45.9,54.7
Raigarh,Maharastra,871,99.7,16.0,1.3,7.5,89.6,83.8,83.1,96.6,61.6,42.6,98.4,93.0,1676,92.9,96.6,54.8,1.1,97.6,26.1,38.9,18.0,92.3,88.3,97.8,92.3,94.6,97.8,37.1,12.8,91.9,73.8,92.6,7.4,3.8,2.6,52.4,3.6,5.9,35.8,19.1,8.3,34.1,2.1,23.1,67.0,53.8,65.7,54.2,61.1
Pune,Maharastra,873,96.5,24.0,0.7,3.3,94.6,79.6,68.6,90.7,50.2,40.0,93.1,84.2,3677,95.2,98.0,43.4,1.5,98.5,34.6,40.9,28.3,58.1,79.2,81.7,66.2,68.0,67.7,7.5,17.4,61.3,69.9,81.6,16.7,6.7,3.3,54.8,3.8,9.6,30.7,31.4,14.0,32.7,1.3,31.0,58.7,53.2,,51.9,58.6
Ahmadnagar,Maharastra,845,99.3,26.9,0.7,10.8,84.2,71.4,76.6,91.2,53.3,32.0,94.4,90.9,5575,92.9,97.9,45.5,1.0,95.0,28.1,33.7,23.0,83.5,88.3,96.6,87.6,92.6,93.8,43.9,4.4,89.3,69.9,93.1,6.9,15.9,2.7,50.5,11.6,9.8,31.7,24.9,8.6,41.2,1.8,23.0,64.5,50.5,44.0,50.3,45.0
Bid,Maharastra,843,91.8,43.7,2.2,15.2,70.7,65.6,56.8,78.3,28.4,21.8,97.6,79.8,3988,80.6,94.0,63.7,2.5,90.8,17.5,21.6,17.3,75.9,79.1,96.5,78.0,84.8,89.8,22.5,11.2,75.8,82.4,97.8,2.2,14.8,3.0,45.8,2.3,3.2,40.8,28.4,11.9,36.8,3.5,21.9,61.0,51.0,,50.8,48.0
Latur,Maharastra,1265,94.2,31.0,2.6,14.2,81.0,74.6,72.6,86.4,53.6,38.0,100.0,93.3,2483,92.5,94.7,66.8,2.4,93.4,19.0,36.5,13.2,79.2,77.9,96.2,83.0,84.7,88.9,27.2,8.4,83.2,88.7,91.0,9.0,9.8,3.3,45.3,9.3,14.0,43.2,18.0,8.0,33.9,5.3,17.6,59.5,50.7,51.0,50.7,56.5
Osmanabad,Maharastra,1050,99.7,36.6,1.1,16.1,86.5,83.9,89.2,91.7,66.1,44.4,95.8,94.4,2654,95.1,98.1,68.4,1.6,99.0,18.5,31.9,13.1,89.3,85.3,100.0,94.5,93.2,96.7,33.6,7.0,87.6,67.9,92.0,8.0,9.2,4.1,61.3,13.8,12.8,37.2,16.1,5.5,32.5,1.8,25.1,67.4,49.3,44.4,49.1,50.9
Solapur,Maharastra,960,97.0,40.3,4.4,18.6,84.5,81.3,81.9,90.5,60.3,36.0,96.0,89.6,1910,89.2,96.2,51.5,0.9,96.3,21.2,34.9,10.8,83.6,86.3,93.5,85.1,90.2,88.3,34.6,4.7,85.6,65.9,88.7,7.7,11.4,2.4,51.1,7.0,7.9,36.3,23.2,10.0,32.9,4.3,28.2,70.9,55.5,34.1,54.5,60.2
Satara,Maharastra,958,96.9,18.1,1.3,7.7,87.2,77.5,81.7,93.8,59.5,39.7,96.7,94.5,2607,95.1,97.1,43.8,2.0,97.9,36.2,53.0,18.1,82.8,76.3,96.2,87.5,93.8,91.7,38.8,6.7,84.9,78.3,97.3,2.7,10.4,5.9,46.4,13.2,15.9,20.2,20.5,5.2,28.0,2.3,26.6,68.9,50.2,28.8,49.6,48.7
Ratnagiri,Maharastra,948,97.8,4.4,0.7,1.2,84.6,64.6,78.6,93.2,54.6,29.3,97.0,89.7,3096,92.2,97.8,53.5,0.7,95.6,30.8,35.7,28.0,77.2,95.2,89.9,85.6,85.3,86.2,36.9,5.8,79.0,77.3,97.6,0.0,2.7,2.4,45.7,9.8,8.6,31.7,23.7,12.6,29.5,3.8,17.7,69.4,43.4,,43.4,33.7
Sindhudurg,Maharastra,874,98.2,5.0,0.7,1.1,89.4,70.3,73.4,96.8,59.6,38.2,100.0,96.7,3290,98.2,100.0,65.5,0.0,98.6,31.8,44.3,25.2,76.3,76.3,100.0,89.7,79.4,89.0,11.9,5.8,79.8,78.9,100.0,0.0,0.6,1.4,65.3,2.9,2.6,30.8,27.7,14.9,32.0,5.9,20.8,55.6,41.3,,41.2,36.0
Kolhapur,Maharastra,937,96.6,21.0,0.4,8.8,91.9,71.5,81.8,88.3,58.8,39.4,95.3,95.2,2958,91.5,99.2,45.6,0.0,93.6,38.1,55.8,18.1,67.2,78.0,88.6,74.5,78.8,76.4,24.2,2.4,71.8,66.0,92.5,7.5,3.9,3.2,45.2,13.8,15.1,33.6,18.9,5.9,34.7,4.3,23.7,66.4,50.1,48.9,50.1,42.8
Sangli,Maharastra,1012,93.8,27.0,0.8,10.4,87.4,66.0,80.1,97.4,58.2,32.1,97.1,95.6,3548,95.0,98.0,38.5,1.7,97.6,34.3,43.2,22.2,75.0,83.3,96.3,81.4,82.8,89.2,11.3,2.0,77.1,80.4,88.6,8.3,3.8,0.3,46.5,4.6,5.3,35.0,18.6,7.8,27.2,6.7,27.8,62.7,47.6,42.3,47.5,42.5
Palghar,Maharastra,747,98.8,14.6,0.9,4.7,83.8,84.7,86.3,94.4,65.3,44.3,92.9,97.0,1948,96.5,94.2,65.9,1.9,95.7,22.6,54.4,10.9,94.0,90.8,100.0,94.0,100.0,100.0,31.3,0.0,96.8,72.7,100.0,0.0,1.8,4.7,60.1,2.3,5.2,33.0,23.9,10.5,37.1,9.3,17.0,70.3,57.2,48.5,56.9,52.1
Thane,Maharastra,1029,96.7,18.4,1.9,4.0,91.5,58.9,70.2,97.4,54.9,32.2,93.4,87.2,2275,93.3,93.6,50.6,1.6,93.9,26.6,41.3,17.4,74.9,86.8,90.1,79.0,77.1,83.1,21.6,3.5,73.4,68.7,87.3,12.8,3.0,0.4,54.3,6.2,4.6,40.8,17.8,7.0,30.8,5.0,30.7,67.9,58.8,,58.8,58.5
Senapati,Manipur,938,94.5,15.5,2.5,6.3,84.4,73.9,64.9,85.2,28.4,15.6,77.1,37.0,12254,36.0,45.8,36.1,19.3,65.0,8.8,50.5,11.0,65.0,79.9,87.2,70.9,77.1,75.2,12.7,14.9,77.2,37.8,98.4,1.6,4.4,2.3,57.6,21.7,21.9,27.3,10.7,5.5,12.9,6.7,24.9,48.5,27.9,18.3,27.4,23.8
Tamenglong,Manipur,932,90.4,19.9,2.3,10.2,71.0,69.4,56.4,81.0,31.0,9.9,78.3,52.7,8744,49.2,57.7,53.0,11.9,69.9,10.3,,15.4,67.4,78.1,91.2,71.2,78.6,77.8,17.2,3.7,73.4,41.5,98.2,1.8,3.2,1.4,62.9,25.1,26.5,27.1,9.6,3.2,19.3,1.6,24.4,37.0,26.9,31.4,27.3,29.1
Churachandpur,Manipur,1057,87.4,10.5,3.6,7.5,87.4,69.0,61.3,79.5,28.5,11.9,78.1,58.2,10646,56.8,72.9,50.4,7.1,80.0,9.6,23.6,8.5,64.9,78.9,88.9,77.4,76.5,71.9,20.5,11.7,68.2,37.8,91.7,5.6,4.0,1.3,58.5,23.7,23.6,25.1,12.1,5.8,9.8,4.5,28.0,41.1,31.0,51.8,32.0,28.7
Bishnupur,Manipur,945,83.6,20.9,1.0,5.1,80.1,84.2,77.4,88.8,57.4,30.5,93.5,79.0,16362,65.3,89.5,68.6,3.1,92.6,38.2,70.8,34.2,66.6,76.7,96.1,84.1,77.8,70.5,16.0,8.6,81.5,59.6,94.3,5.7,9.7,2.1,48.1,22.1,21.1,15.5,7.9,2.1,11.7,3.1,40.9,42.4,35.6,39.0,35.8,33.3
Thoubal,Manipur,909,87.2,17.5,0.6,7.5,81.6,90.6,89.9,92.9,68.5,45.3,91.4,75.6,13144,73.0,87.8,72.4,3.3,91.1,20.2,49.3,17.5,74.2,79.9,98.7,80.2,84.6,77.4,19.7,4.9,83.2,43.5,96.8,0.0,3.7,1.1,46.5,23.7,22.9,31.5,8.3,2.9,14.9,4.9,31.3,39.7,23.8,32.0,24.2,19.2
Imphal West,Manipur,1039,86.8,15.3,0.0,10.9,94.6,83.2,93.4,92.7,60.9,36.7,50.0,90.8,14173,91.7,95.7,67.6,2.3,98.0,44.5,73.5,35.4,74.1,83.6,94.7,76.0,94.4,88.5,16.8,9.4,94.4,54.2,90.6,7.6,2.3,2.4,62.6,11.4,13.0,15.6,9.3,3.1,10.2,2.6,36.9,41.8,26.4,39.5,26.8,25.0
Imphal East,Manipur,936,86.1,15.2,1.0,9.5,76.4,78.6,87.1,89.1,55.8,31.9,53.8,85.4,18578,81.0,91.7,66.7,1.6,93.0,35.8,55.6,32.9,76.2,72.5,100.0,79.0,83.3,81.9,10.5,4.9,81.9,43.0,87.6,10.7,11.7,1.9,47.4,18.3,19.2,18.4,11.7,2.4,14.4,0.5,40.1,50.3,36.3,27.4,35.9,36.0
Ukhrul,Manipur,996,87.3,11.1,5.1,9.8,80.6,58.3,38.8,81.6,25.1,11.7,78.3,44.9,13190,44.8,44.6,21.0,9.9,54.5,6.4,24.4,2.9,39.4,45.0,91.5,49.8,53.3,53.2,11.5,0.0,51.2,34.9,89.4,6.2,2.1,1.9,63.6,13.0,15.3,27.1,11.6,5.3,16.0,2.0,14.5,34.6,21.6,25.7,21.9,20.6
Chandel,Manipur,1008,91.4,22.3,1.9,9.9,79.7,77.6,66.6,94.5,44.2,21.0,79.9,55.0,10920,51.1,55.5,37.4,19.3,74.0,14.9,43.0,19.0,55.5,69.9,96.5,69.3,76.6,60.6,7.6,2.3,76.2,42.8,86.7,8.8,4.9,1.2,55.1,15.5,14.2,34.0,8.3,3.2,14.7,8.7,33.7,42.4,27.7,20.3,27.3,37.8
South Garo Hills,Meghalaya,1011,92.0,10.2,1.3,1.1,66.6,68.7,33.3,86.0,51.8,14.6,98.9,65.9,2370,61.7,88.3,88.3,3.9,91.2,4.7,,5.3,86.8,89.1,100.0,94.7,86.8,89.6,15.0,2.4,86.8,57.2,90.2,0.0,5.4,3.1,59.8,23.0,23.0,29.8,18.3,8.8,20.8,2.7,6.9,33.6,57.7,33.7,56.2,65.0
Ribhoi,Meghalaya,871,85.9,20.3,5.5,6.8,67.8,56.1,61.0,86.2,48.8,22.4,97.5,39.5,3648,39.3,56.9,45.6,8.4,65.8,8.7,36.6,10.0,74.8,86.7,94.0,77.1,82.8,80.9,11.8,4.4,71.5,66.6,92.6,4.1,11.3,3.6,85.9,38.2,37.3,42.5,17.9,7.5,29.6,4.8,12.2,45.7,62.2,65.0,62.4,57.1
East Khasi Hills,Meghalaya,851,77.4,14.6,4.2,8.2,70.7,56.7,57.5,80.2,40.1,27.1,87.8,33.6,3258,41.6,63.4,48.4,6.2,68.7,13.9,48.3,13.7,49.1,69.4,84.2,53.2,59.2,56.6,10.9,5.2,46.8,54.4,87.5,9.9,11.5,5.1,86.3,32.5,34.8,44.6,11.2,4.9,23.8,4.5,15.6,39.0,48.5,43.7,48.2,40.0
East Garo Hills,Meghalaya,1427,81.4,13.7,1.9,2.2,75.7,59.2,25.5,74.5,28.8,7.0,92.1,59.9,2473,57.5,73.8,73.5,7.5,80.8,4.0,,5.0,72.4,94.5,81.5,76.6,83.3,83.3,19.3,12.5,74.8,56.6,93.8,0.0,9.2,1.6,48.0,41.3,43.9,39.7,20.1,6.2,26.5,4.1,7.0,28.0,52.1,29.1,50.9,55.7
East Jantia Hills,Meghalaya,1015,83.0,25.3,6.3,14.4,47.9,55.5,58.6,87.7,51.9,25.7,94.6,49.1,3464,45.0,48.4,36.3,6.8,55.7,8.0,40.3,8.6,74.4,82.4,92.6,80.8,84.0,83.8,21.6,0.6,77.8,70.0,96.9,1.2,10.6,4.8,85.3,25.4,25.5,49.8,8.5,2.9,23.6,3.7,15.2,47.2,43.7,46.5,43.9,40.6
North Garo Hills,Meghalaya,894,79.5,13.2,1.1,3.7,74.9,40.3,24.3,55.5,23.7,7.9,85.8,40.5,4504,41.8,61.5,60.4,5.9,63.2,3.3,,5.4,47.5,,65.9,54.7,57.9,58.1,2.8,8.2,39.5,42.6,96.9,0.0,6.6,0.9,62.3,11.7,13.2,35.6,11.7,5.6,15.8,7.3,11.1,30.2,58.9,40.8,58.4,65.2
South West Garo Hills,Meghalaya,1036,87.7,15.3,0.3,6.3,66.8,57.0,28.5,80.7,28.3,11.0,99.0,60.6,2666,55.1,83.7,83.7,4.9,88.3,2.4,,2.9,85.4,90.1,98.6,91.1,90.9,92.1,25.7,13.4,89.5,53.0,100.0,0.0,7.9,7.5,54.5,32.1,30.0,32.2,19.9,7.1,26.4,3.3,9.0,35.5,63.6,37.8,62.5,67.3
South West Khasi Hills,Meghalaya,1032,80.3,21.6,6.5,13.2,57.3,48.5,63.4,85.6,53.8,19.8,97.0,42.9,3902,38.7,41.7,37.6,7.6,49.3,4.2,32.7,7.7,78.8,86.3,95.8,80.5,86.9,86.4,17.4,0.6,82.4,64.0,98.1,0.0,7.5,6.0,76.8,30.6,31.2,51.4,10.4,4.1,27.6,3.5,8.9,61.3,58.5,63.2,58.9,53.8
West Garo Hills,Meghalaya,1396,92.9,10.4,0.3,1.0,79.6,65.1,48.0,91.3,48.2,14.9,97.6,70.9,3235,67.2,89.6,85.1,3.2,87.5,8.4,,8.2,77.1,78.6,100.0,84.1,84.8,87.4,5.3,5.0,78.5,68.2,100.0,0.0,7.8,3.5,47.2,14.6,17.2,39.5,14.9,4.7,26.3,5.2,7.2,30.2,57.2,26.7,55.3,62.0
West Jaintia Hills,Meghalaya,1036,81.7,19.9,4.8,11.9,32.6,44.0,43.1,79.2,32.7,19.8,88.1,28.6,2917,30.8,42.2,31.9,7.7,50.7,6.2,34.4,8.3,59.7,84.1,90.9,65.2,77.0,72.3,22.4,4.8,72.0,63.2,93.3,2.3,13.7,4.8,88.5,25.7,24.5,48.7,9.7,4.0,28.3,3.0,15.4,54.6,55.3,64.6,55.9,54.2
West Khasi Hills,Meghalaya,984,79.2,30.3,8.0,12.9,48.9,45.3,64.0,81.6,51.6,21.0,97.3,42.0,2947,41.4,41.7,36.1,7.2,49.3,4.7,30.6,8.3,62.5,77.4,86.7,67.6,68.2,71.5,12.3,0.7,66.4,63.4,95.9,0.9,10.1,6.5,81.2,28.5,27.5,59.0,8.0,2.7,31.1,3.1,8.7,56.2,52.1,49.6,51.8,40.4
Chandel,Mizoram,1008,91.4,22.3,1.9,9.9,79.7,77.6,66.6,94.5,44.2,21.0,79.9,55.0,10920,51.1,55.5,37.4,19.3,74.0,14.9,43.0,19.0,55.5,69.9,96.5,69.3,76.6,60.6,7.6,2.3,76.2,42.8,86.7,8.8,4.9,1.2,55.1,15.5,14.2,34.0,8.3,3.2,14.7,8.7,33.7,42.4,27.7,20.3,27.3,37.8
Mamit,Mizoram,794,99.1,16.8,1.2,10.3,89.0,64.5,52.5,80.7,68.8,4.5,98.9,63.9,4150,44.9,75.0,71.8,7.1,81.1,3.5,,3.5,85.9,85.7,98.5,87.4,95.2,95.2,19.2,2.5,91.1,60.8,100.0,0.0,0.6,0.0,56.8,4.0,6.8,26.4,7.4,3.8,13.9,5.9,21.8,45.5,35.1,29.9,34.9,42.4
Kolasib,Mizoram,860,99.8,13.7,1.6,2.2,94.3,72.7,66.0,76.4,67.7,13.3,97.8,71.5,4834,41.8,91.4,82.9,2.7,93.2,8.4,26.2,7.5,80.4,91.4,88.1,90.9,85.2,83.1,32.6,0.0,79.9,65.7,97.4,0.0,1.2,0.9,63.0,24.5,23.2,30.4,11.3,5.3,12.6,7.6,26.0,53.8,37.3,43.8,37.7,30.1
Aizawl,Mizoram,1042,99.3,3.2,0.9,2.0,92.7,82.8,68.5,82.3,58.5,12.1,93.1,73.4,9812,33.2,97.4,76.3,0.3,97.8,18.2,34.6,14.2,66.4,76.3,81.6,68.7,79.4,77.9,28.6,16.6,71.4,71.6,93.7,6.3,7.1,0.8,58.5,17.0,17.9,25.3,7.3,2.4,9.6,12.3,29.7,44.0,31.6,33.4,31.7,31.5
Champhai,Mizoram,726,100.0,11.0,1.4,4.6,95.0,80.0,63.4,85.9,74.3,12.5,100.0,72.3,4336,52.1,96.7,91.5,1.6,97.5,6.6,,5.8,85.3,87.0,97.6,87.7,90.5,92.7,30.4,2.4,90.5,63.1,100.0,0.0,0.8,0.0,70.7,3.5,5.6,27.2,12.1,7.6,13.1,10.6,22.9,38.3,26.1,15.7,25.7,31.6
Serchhip,Mizoram,1084,100.0,7.2,1.3,3.0,93.2,77.6,60.3,85.1,73.0,12.0,99.3,86.2,6449,43.0,96.2,90.7,0.6,96.8,13.9,,13.0,84.7,93.0,89.8,85.8,84.7,85.8,28.6,0.0,84.2,65.9,100.0,0.0,3.2,0.3,58.8,12.7,12.1,31.8,8.4,4.4,14.4,8.7,24.0,43.2,31.7,43.4,32.1,30.0
Lunglei,Mizoram,876,100.0,4.8,0.8,3.8,91.4,68.8,56.7,79.9,64.7,9.7,99.2,67.1,5717,39.4,82.7,69.4,3.9,80.2,5.4,9.2,6.0,73.8,84.1,79.3,82.2,85.0,85.0,14.0,0.0,85.0,61.3,100.0,0.0,4.0,0.8,63.8,7.4,9.4,26.5,9.5,3.3,11.1,10.1,20.6,45.7,35.1,27.5,34.9,34.2
Lawngtlai,Mizoram,1131,99.3,16.0,2.6,9.2,71.0,51.5,33.0,72.3,50.7,7.4,93.8,46.2,7318,28.4,53.7,48.4,9.3,59.9,3.9,,5.4,70.2,91.7,75.6,75.3,74.1,76.8,23.2,0.0,72.6,55.1,96.9,0.0,2.7,0.5,60.9,7.4,9.2,32.7,16.2,11.4,16.9,9.1,14.1,55.3,48.6,46.5,48.5,45.5
Mon,Nagaland,775,71.4,3.0,2.6,2.8,66.5,44.6,9.7,78.0,10.6,6.4,95.8,25.6,2965,22.4,21.4,20.2,9.5,30.9,1.4,,2.3,62.4,69.4,87.1,72.2,79.1,83.4,30.6,2.8,70.9,46.9,97.0,0.0,4.7,1.6,53.1,1.7,5.8,35.5,7.8,0.5,23.3,3.2,9.4,39.4,30.4,27.0,30.2,46.0
Mokokchung,Nagaland,1075,85.6,6.0,2.6,0.7,90.2,51.6,18.2,91.7,12.5,4.1,96.6,47.4,6242,47.3,51.5,47.3,12.2,61.7,3.8,,8.0,92.0,95.6,96.8,96.3,99.0,100.0,36.6,9.3,96.0,51.3,100.0,0.0,2.4,0.9,56.5,0.0,6.9,31.4,11.7,3.5,22.9,5.9,15.2,35.5,25.8,11.5,25.0,21.1
Zunheboto,Nagaland,1207,51.6,4.0,5.3,3.5,86.8,46.5,11.2,81.3,5.5,2.3,90.7,24.9,7554,24.7,35.0,32.2,6.3,40.5,7.6,,19.4,60.7,75.1,82.2,67.1,72.1,76.4,28.9,11.1,72.3,33.5,98.5,1.5,1.8,0.0,38.4,15.5,20.8,44.0,26.9,10.3,44.5,1.5,8.9,34.9,30.6,40.8,31.1,38.0
Wokha,Nagaland,1245,78.9,3.2,1.7,5.2,90.6,57.8,34.7,77.6,12.9,4.4,96.8,50.7,7125,45.4,43.6,24.2,19.9,63.5,10.1,38.4,11.0,42.8,57.1,73.3,52.3,61.3,66.4,30.1,9.8,55.1,44.9,88.0,12.0,3.6,1.6,48.5,27.7,28.8,26.3,23.5,10.6,28.0,1.1,18.3,45.4,31.0,29.8,30.9,47.9
Dimapur,Nagaland,911,80.2,4.4,3.0,3.3,84.9,71.4,50.1,86.4,14.9,9.3,82.3,68.7,7330,64.7,73.7,43.2,9.4,80.7,14.6,28.1,14.1,55.9,63.8,85.1,61.3,73.2,74.6,13.1,7.2,71.1,49.4,85.5,14.5,2.2,0.6,53.1,11.2,17.3,28.3,25.0,12.0,29.8,3.8,21.1,48.9,34.8,32.9,34.7,36.7
Phek,Nagaland,880,70.3,6.5,5.8,4.3,71.1,50.1,9.5,83.8,13.5,5.6,97.6,39.6,5886,34.9,32.2,29.2,18.5,50.7,1.7,,3.7,54.6,71.2,87.6,68.4,65.3,71.8,26.4,2.1,57.3,42.2,100.0,0.0,1.9,1.1,64.8,15.9,14.5,28.0,12.9,6.3,15.6,6.8,14.1,44.9,31.0,18.2,30.0,41.6
Tuensang,Nagaland,902,66.0,10.4,3.8,6.7,72.8,27.1,4.4,69.0,3.3,0.9,90.9,29.5,3394,30.2,34.8,34.1,4.8,39.2,1.5,,4.3,39.9,58.8,75.6,47.6,56.5,53.3,9.8,1.9,49.1,27.5,94.6,2.1,5.5,1.8,69.4,14.8,13.0,37.1,24.6,10.3,34.2,5.5,10.8,38.8,29.3,20.0,28.8,28.5
Longleng,Nagaland,922,67.5,11.0,3.9,6.5,68.8,42.3,15.4,75.5,2.6,1.6,91.6,28.5,7152,28.5,38.7,37.8,5.9,44.6,3.6,,9.4,53.0,64.8,88.3,57.5,64.7,73.3,16.5,5.5,58.2,46.8,97.3,2.7,6.1,1.2,62.3,21.0,20.1,34.1,19.8,9.6,25.7,6.8,7.0,40.4,34.9,30.5,34.6,43.1
Kiphire,Nagaland,871,72.3,22.5,2.4,9.0,69.1,27.2,5.8,63.0,1.6,0.8,92.4,31.9,6288,33.5,34.8,33.8,11.9,46.7,2.1,,5.1,42.8,73.5,82.1,53.1,60.2,66.2,21.4,9.8,49.3,42.3,91.3,2.1,7.9,1.6,55.5,13.9,12.0,36.9,11.0,5.8,25.0,7.5,9.3,55.2,31.9,19.5,31.4,36.0
Kohima,Nagaland,1075,78.3,1.0,1.0,1.3,92.6,61.9,28.3,94.3,17.2,1.0,95.2,58.9,4970,55.6,66.9,44.7,12.2,78.9,4.3,8.9,5.2,82.8,90.2,100.0,86.1,88.7,86.6,20.9,17.8,88.7,76.8,89.2,0.0,0.5,0.9,60.3,19.0,18.0,28.3,26.9,11.4,22.1,6.6,11.6,38.4,15.6,3.9,14.9,18.2
Peren,Nagaland,896,78.7,9.1,5.0,4.4,68.1,45.1,14.5,85.1,6.1,2.1,97.3,46.9,4945,45.1,43.5,38.7,9.6,52.5,2.4,,4.3,63.3,76.4,86.8,71.9,71.2,74.2,12.5,0.4,65.1,44.2,94.7,0.0,3.4,0.5,58.5,9.0,11.0,34.9,9.1,1.7,20.7,4.1,16.4,51.0,29.9,26.4,29.7,29.5
Central,NCT of Delhi,994,93.0,11.2,0.8,4.0,97.5,70.4,73.1,88.3,62.2,43.3,94.0,84.9,2313,90.1,92.2,69.3,0.0,90.9,25.3,49.4,20.2,82.1,94.1,94.8,84.4,89.7,89.9,36.9,15.5,87.2,48.8,94.6,5.4,11.0,3.1,47.6,23.4,18.2,33.5,13.5,7.0,25.5,4.1,44.8,70.3,45.1,,44.6,54.6
East,NCT of Delhi,820,95.5,12.8,1.9,1.3,96.7,85.7,89.7,97.1,76.7,53.9,96.6,90.0,2735,88.4,92.6,68.2,2.4,94.9,25.2,47.2,20.1,74.6,80.9,95.7,78.7,81.2,90.4,37.0,40.8,77.8,58.7,89.1,10.9,14.2,4.5,60.3,22.8,23.0,35.2,15.7,4.3,29.9,6.1,41.3,65.9,42.6,37.2,42.5,44.6
New Delhi,NCT of Delhi,898,94.9,10.2,0.0,5.2,97.2,83.2,80.1,93.8,69.7,51.7,96.8,86.4,2527,85.6,91.8,63.4,1.4,92.8,23.4,39.8,19.1,82.2,87.5,100.0,82.2,95.0,93.4,37.0,40.3,87.1,55.4,95.8,4.2,6.3,5.2,48.6,15.1,15.6,27.4,6.8,2.9,20.7,3.7,41.8,72.9,56.1,,56.0,52.0
North,NCT of Delhi,1084,92.1,17.0,1.0,8.2,94.8,55.0,50.6,87.4,55.7,41.7,85.6,68.9,2935,73.4,89.7,60.5,4.7,91.3,21.7,44.1,14.6,66.2,76.2,96.3,70.9,81.8,88.7,43.6,14.5,78.1,47.3,92.1,7.9,12.7,5.7,46.9,19.5,16.8,25.0,8.9,3.8,17.4,2.9,41.8,67.5,47.1,48.4,47.2,47.7
North East,NCT of Delhi,936,95.6,5.0,0.6,1.6,98.6,81.6,86.2,95.5,78.1,55.8,94.3,82.6,1991,85.9,89.2,68.3,1.1,89.8,23.5,48.6,19.5,86.4,83.2,95.7,86.4,93.4,91.6,31.3,43.6,89.2,42.8,92.3,7.7,11.5,2.3,50.3,31.8,29.5,38.7,8.8,3.8,21.8,6.2,43.3,62.5,46.1,39.4,45.9,50.1
North West,NCT of Delhi,878,96.9,10.1,0.7,3.7,95.6,84.8,77.9,94.0,65.6,48.3,97.9,86.1,2703,85.1,94.0,62.6,1.8,95.5,22.3,33.6,18.7,78.3,78.0,95.4,83.2,83.4,88.6,39.1,14.8,79.7,54.4,91.7,8.3,10.8,8.8,48.4,14.1,10.2,26.9,10.9,5.9,22.8,3.2,43.2,73.6,51.7,40.6,51.4,46.6
Shahdara,NCT of Delhi,976,95.1,7.3,1.9,3.6,96.6,80.8,88.9,96.0,67.8,37.5,93.6,91.5,3703,92.3,95.8,74.5,1.4,97.2,22.2,41.9,17.8,82.5,75.5,100.0,82.5,89.5,90.6,29.0,37.7,87.5,67.8,92.1,7.9,8.7,4.5,50.0,8.5,8.3,32.9,21.2,11.5,30.2,3.7,42.8,71.4,49.4,,49.2,53.5
South,NCT of Delhi,985,98.3,6.6,1.1,1.5,97.2,82.7,85.6,97.8,70.8,49.2,96.6,82.9,2426,81.3,82.0,52.6,7.1,90.0,24.5,50.9,18.2,86.2,85.1,100.0,88.5,93.0,95.4,48.1,49.3,91.1,37.8,80.4,19.6,9.5,0.9,46.6,19.9,17.8,33.4,9.4,1.7,18.9,7.1,40.0,65.4,46.3,,46.2,42.0
South East,NCT of Delhi,951,95.7,7.5,1.4,2.6,98.7,84.2,83.2,96.0,78.8,53.0,96.2,92.3,3186,92.0,96.1,60.6,1.7,97.8,23.8,35.1,18.6,64.6,62.3,90.0,72.7,78.3,83.3,45.9,35.4,78.3,74.1,77.6,22.4,10.6,4.9,70.1,13.5,17.0,21.7,14.7,7.1,20.4,4.6,33.0,72.7,48.3,35.1,47.9,55.0
South West,NCT of Delhi,701,95.8,7.5,1.3,4.7,98.6,83.8,91.0,94.7,74.8,54.9,96.2,92.4,2404,88.3,92.5,52.8,0.5,93.0,29.4,51.5,17.0,77.3,74.2,98.0,83.3,87.2,91.6,32.8,26.7,85.8,58.1,80.4,19.6,6.9,9.2,51.8,18.5,15.2,27.1,10.6,3.4,16.8,4.7,42.9,70.1,56.7,44.2,56.4,65.9
West,NCT of Delhi,932,90.7,10.5,3.4,1.2,96.1,65.3,67.1,91.7,67.5,49.2,90.5,86.9,1750,91.4,91.8,57.7,2.8,93.9,22.5,41.6,14.4,67.5,78.4,98.5,76.0,76.3,89.7,33.8,11.0,74.5,47.6,85.0,13.6,10.7,7.3,47.8,15.9,12.9,36.1,8.4,3.5,19.0,2.1,40.6,68.5,57.4,49.2,57.2,54.7
Bargarh,Odisha,950,93.9,8.6,0.4,3.3,84.6,80.9,70.1,90.9,52.2,25.3,100.0,92.7,4112,94.0,99.6,91.9,0.0,96.2,29.5,,26.0,95.9,97.9,100.0,95.9,98.1,97.8,55.3,96.3,98.1,90.9,98.2,1.9,4.0,2.8,67.6,15.3,17.1,38.9,18.0,6.0,30.0,2.9,19.9,56.2,62.8,57.6,62.6,66.8
Jharsuguda,Odisha,793,96.6,8.5,2.6,1.0,89.1,92.6,94.1,96.9,84.7,54.5,100.0,96.4,5720,96.4,98.6,66.7,0.4,96.8,30.7,56.8,18.9,97.6,97.6,100.0,100.0,97.6,100.0,48.2,100.0,97.6,92.7,100.0,0.0,5.9,1.0,73.8,22.0,26.7,27.1,16.9,3.5,26.9,3.1,27.0,65.5,68.1,,67.8,68.8
Sambalpur,Odisha,1061,95.1,7.4,1.9,0.9,86.1,79.0,89.0,90.8,63.1,35.6,100.0,90.5,4191,94.1,99.5,88.7,0.5,97.6,25.3,,19.3,98.0,97.9,100.0,98.0,100.0,100.0,51.4,92.1,100.0,91.1,94.2,2.1,7.6,1.7,59.0,18.0,17.4,40.7,25.5,7.6,36.3,3.7,21.4,64.5,67.1,,66.7,67.1
Debagarh,Odisha,822,92.4,19.2,0.9,8.5,79.4,75.2,77.5,94.2,60.2,31.7,100.0,88.5,4319,89.0,91.2,76.6,3.7,90.8,15.9,54.6,10.3,100.0,97.1,100.0,100.0,100.0,100.0,47.0,97.2,100.0,80.9,100.0,0.0,13.4,4.4,71.5,13.0,13.0,28.4,27.3,12.1,34.3,3.2,13.4,61.5,72.1,,72.2,73.5
Sundargarh,Odisha,809,92.2,12.9,0.5,5.4,87.7,81.3,73.1,93.1,60.3,27.4,99.1,79.7,4756,82.0,91.3,80.3,2.2,88.2,20.8,,16.3,82.0,81.5,91.7,82.0,86.1,88.8,26.2,86.1,86.1,90.1,96.7,3.3,5.4,3.9,63.2,15.4,14.7,32.9,21.1,7.4,34.7,1.2,19.6,77.1,69.8,68.4,69.8,79.8
Kendujhar,Odisha,984,87.5,29.0,2.3,12.2,79.6,70.7,57.1,90.9,48.1,22.3,98.3,75.4,3467,72.3,80.4,70.0,4.6,79.9,15.3,70.3,11.3,86.0,81.4,94.1,88.1,89.9,94.0,33.1,82.3,89.9,81.9,100.0,0.0,15.3,2.4,57.9,15.8,15.1,36.2,23.8,6.2,37.1,0.9,17.0,64.6,69.0,74.7,69.2,68.2
Mayurbhanj,Odisha,837,85.1,31.3,1.3,17.2,76.2,65.9,52.9,91.2,41.7,21.6,98.7,86.3,2841,81.2,91.7,90.2,2.4,87.1,8.6,,8.6,84.4,85.4,93.2,86.2,89.6,88.0,39.9,86.2,88.0,78.9,97.0,3.0,17.5,3.2,58.4,24.6,23.7,36.7,28.5,10.4,45.9,3.0,14.3,71.7,73.0,56.0,72.2,63.6
Baleshwar,Odisha,866,92.2,26.4,0.0,8.3,85.1,62.5,56.6,94.0,36.0,20.7,98.2,87.6,7183,86.9,97.6,80.8,0.4,93.5,35.0,79.8,26.8,94.1,85.0,100.0,94.1,100.0,100.0,36.3,86.3,100.0,85.5,100.0,0.0,18.3,5.9,51.0,17.5,21.7,24.4,15.0,5.4,22.6,3.8,21.6,43.2,61.5,,61.8,57.3
Bhadrak,Odisha,980,91.0,10.4,1.3,7.2,86.9,75.9,74.9,94.2,53.7,27.1,99.6,89.0,5596,94.4,96.1,74.0,2.3,97.2,28.7,83.9,13.8,83.7,88.7,95.4,85.4,97.2,97.2,49.8,85.8,97.2,89.7,100.0,0.0,13.8,7.9,56.6,22.6,23.1,32.3,15.8,7.5,28.9,4.5,18.3,68.7,63.8,70.4,64.0,69.9
Kendrapara,Odisha,860,96.3,9.4,0.8,1.8,85.6,76.2,77.1,90.8,54.2,24.5,99.1,85.5,7842,91.7,96.7,77.3,1.7,94.6,25.3,64.1,16.7,82.8,93.5,93.8,87.7,91.4,88.9,39.8,68.2,85.9,78.5,94.4,2.8,10.4,6.5,68.9,23.9,23.3,28.6,7.9,1.4,17.9,6.6,24.1,61.5,58.9,56.0,58.8,57.6
Jagatsinghapur,Odisha,843,95.8,12.0,0.0,2.6,92.8,71.6,82.6,95.4,64.3,33.7,98.2,89.2,5897,92.1,98.3,79.1,0.0,96.7,42.2,83.8,33.0,91.3,92.9,100.0,93.4,97.9,97.9,42.1,89.4,97.9,90.6,100.0,0.0,11.0,7.1,68.8,31.0,31.2,13.2,10.7,5.6,11.0,8.3,35.5,58.2,60.4,,59.8,60.9
Cuttack,Odisha,745,95.1,14.2,0.0,5.7,88.7,73.6,84.2,96.2,63.3,28.5,100.0,92.5,4988,92.2,98.9,69.5,0.0,98.9,34.6,71.7,19.5,90.4,97.0,94.3,90.4,94.3,94.3,45.7,76.7,94.3,71.7,91.9,8.1,8.3,8.4,63.7,23.3,21.3,20.4,14.2,5.6,18.9,5.6,32.5,63.8,64.7,,64.5,59.0
Jajapur,Odisha,898,91.4,11.4,0.9,7.7,83.4,65.2,73.8,94.7,49.0,21.2,99.2,92.4,5002,91.8,93.8,74.4,1.7,96.1,25.8,75.5,15.0,79.5,70.5,98.2,81.3,91.0,96.5,44.9,67.7,91.0,90.0,100.0,0.0,12.0,9.1,60.8,14.6,13.9,25.5,15.9,6.4,21.8,2.2,21.3,66.4,63.4,62.4,63.4,74.1
Dhenkanal,Odisha,895,89.5,23.7,0.8,9.3,84.9,72.4,75.8,95.6,50.9,26.4,100.0,90.7,5371,89.8,94.8,72.8,1.3,93.2,30.0,67.3,20.9,88.6,86.0,97.8,95.4,97.7,97.7,44.3,95.4,97.7,86.4,100.0,0.0,9.5,6.1,70.1,25.3,25.6,33.3,22.7,5.4,30.0,6.8,21.8,62.0,66.1,60.0,65.9,68.7
Anugul,Odisha,868,85.5,25.0,0.4,12.2,86.5,78.7,83.7,97.0,53.7,21.6,99.6,84.8,3832,85.1,85.7,67.6,4.1,89.8,18.4,62.8,10.3,87.0,86.5,98.2,88.8,94.3,96.1,38.3,83.2,94.3,88.9,98.5,0.0,12.0,4.5,67.4,18.7,18.7,28.1,25.1,7.7,30.5,3.5,22.7,75.3,75.8,75.7,75.8,85.7
Nayagarh,Odisha,845,92.5,35.7,0.0,10.0,89.6,86.0,90.3,96.1,66.4,49.3,100.0,96.2,3481,96.1,98.3,75.2,0.4,98.4,28.1,82.1,12.2,96.1,96.1,98.2,96.1,96.1,98.2,50.3,91.9,96.1,92.0,100.0,0.0,10.6,1.9,76.8,21.8,20.3,20.0,10.5,1.5,20.2,2.9,30.3,55.2,62.6,61.6,62.5,61.2
Khordha,Odisha,810,97.0,17.1,0.0,5.3,93.5,85.1,91.0,98.4,71.7,53.6,100.0,95.4,5081,93.6,97.8,70.6,0.8,97.4,37.3,75.4,23.8,87.9,87.6,97.4,92.4,92.9,96.6,48.0,87.1,92.9,89.0,91.8,8.2,9.9,2.1,73.3,13.2,13.8,17.1,13.2,2.4,16.9,3.3,39.3,56.1,67.9,73.4,68.1,71.5
Puri,Odisha,782,94.4,10.2,0.5,4.0,92.7,83.3,94.9,97.6,76.4,49.2,99.5,93.9,4812,92.4,97.7,83.5,0.0,94.9,35.3,84.5,28.0,95.8,96.5,100.0,98.0,97.8,100.0,37.3,94.7,97.8,94.1,100.0,0.0,11.8,0.0,77.6,22.3,20.6,13.8,8.9,1.5,11.3,3.8,40.4,51.0,63.3,,63.3,56.1
Ganjam,Odisha,855,97.0,22.3,0.7,11.4,83.1,77.6,82.7,96.8,67.0,42.2,99.1,89.3,3823,91.1,93.0,72.3,1.9,92.4,22.6,63.3,13.1,88.5,92.3,96.0,88.5,90.6,92.3,58.4,81.8,90.6,88.4,96.1,1.9,10.6,0.4,71.9,20.3,22.3,23.9,10.2,1.5,18.9,4.9,36.9,61.3,56.9,52.9,56.7,58.4
Gajapati,Odisha,999,89.9,28.1,2.0,5.8,75.8,79.3,83.0,99.2,64.9,36.5,99.5,78.2,3487,74.2,76.4,71.2,6.0,80.4,13.9,,16.5,92.6,97.7,96.5,92.6,94.4,94.4,54.3,92.7,94.4,80.0,100.0,0.0,6.4,0.3,79.9,18.1,18.8,43.4,16.1,4.3,34.3,6.1,17.5,64.4,65.6,77.4,66.1,64.3
Kandhamal,Odisha,985,89.4,20.0,1.1,4.2,75.3,74.7,81.1,97.6,72.5,42.7,100.0,90.6,2210,90.5,93.9,92.4,1.4,94.9,10.0,,9.7,96.8,94.0,100.0,96.8,98.4,100.0,47.0,98.4,98.4,87.2,100.0,0.0,5.3,1.4,76.5,21.8,22.1,34.2,23.3,12.4,35.2,2.4,15.7,55.3,48.8,53.4,48.9,48.8
Baudh,Odisha,844,84.4,25.3,0.4,13.7,79.8,78.8,79.0,95.7,58.3,28.9,99.6,89.6,4249,90.9,93.4,86.7,1.6,95.0,13.4,,9.9,91.8,92.8,95.1,93.7,95.3,95.3,48.5,91.5,95.3,93.7,100.0,0.0,7.0,2.3,68.6,20.0,19.6,37.0,20.1,6.9,38.6,1.6,18.5,56.2,54.6,40.7,54.1,53.3
Subarnapur,Odisha,924,95.6,16.9,0.3,6.3,79.1,84.3,87.8,97.4,68.8,40.9,100.0,93.1,5064,93.6,96.1,83.0,0.4,95.0,26.4,73.9,20.1,98.0,98.0,100.0,100.0,98.0,100.0,56.3,95.8,98.0,91.0,100.0,0.0,5.3,0.3,61.0,24.1,22.5,29.6,26.0,11.7,34.5,3.1,21.7,73.1,58.8,,58.8,59.9
Balangir,Odisha,919,93.3,14.0,0.7,3.7,82.4,89.1,95.4,97.1,83.0,54.4,100.0,96.5,4128,94.0,97.9,90.9,0.4,98.2,19.8,,14.9,95.8,97.9,97.8,95.8,97.8,97.8,44.0,95.8,97.8,91.4,98.1,0.0,2.3,0.7,77.3,27.8,29.6,32.7,25.5,12.7,37.6,2.1,15.9,74.9,59.7,48.1,59.4,64.2
Nuapada,Odisha,1025,83.7,15.6,1.2,3.9,65.0,76.6,71.7,95.4,52.0,21.4,100.0,85.9,3418,86.5,89.8,85.1,3.5,92.7,14.0,,12.3,97.0,95.9,100.0,97.0,98.4,100.0,54.0,96.9,98.4,89.2,100.0,0.0,7.0,0.8,78.6,26.0,25.3,43.1,18.1,3.7,38.0,3.7,11.9,73.5,64.3,57.3,64.0,64.6
Kalahandi,Odisha,903,85.7,16.3,0.5,1.9,70.5,80.1,82.9,96.8,61.0,32.2,99.4,94.0,2271,90.1,92.8,84.7,2.2,92.2,13.2,29.5,12.8,91.3,91.3,100.0,93.0,91.3,98.1,41.1,90.9,91.3,91.6,100.0,0.0,4.2,2.7,68.9,17.9,16.4,33.0,17.2,6.0,33.6,2.1,15.0,68.8,64.0,70.2,64.2,66.4
Rayagada,Odisha,951,75.6,33.2,1.4,9.2,63.5,74.1,85.3,94.1,64.3,43.0,99.6,69.7,1972,70.4,68.9,63.5,3.5,72.1,8.5,,10.7,92.7,92.7,93.9,93.7,93.7,93.7,53.1,92.8,92.8,90.4,98.7,1.3,5.1,1.1,74.5,25.2,24.7,43.6,16.1,3.6,39.8,0.6,14.8,70.5,68.8,77.3,69.1,73.7
Nabarangapur,Odisha,1045,87.1,39.4,1.5,8.3,60.1,82.1,87.7,98.9,83.2,48.7,100.0,89.3,2741,88.7,87.6,84.6,1.1,87.5,7.2,,6.1,94.8,96.1,100.0,94.8,96.1,97.4,48.6,97.4,96.1,86.7,100.0,0.0,3.6,0.5,79.5,17.0,16.8,44.1,25.2,9.7,46.6,5.0,8.1,70.8,69.7,60.7,69.3,70.8
Koraput,Odisha,1014,90.1,35.5,0.6,8.4,67.2,87.1,79.2,97.6,72.3,45.5,99.7,83.5,1535,83.9,82.1,79.2,5.9,86.3,5.0,,5.3,98.0,98.0,100.0,98.0,100.0,100.0,44.2,100.0,100.0,89.6,98.0,0.0,8.3,0.4,85.9,17.7,17.2,43.1,15.9,6.8,33.5,3.7,9.2,69.7,58.2,59.3,58.2,60.4
Malkangiri,Odisha,981,76.8,32.4,2.2,11.7,64.7,81.7,82.8,95.0,63.8,34.3,99.1,89.5,1782,86.4,90.7,89.9,3.4,93.8,5.7,,6.1,94.8,97.2,100.0,94.8,97.3,97.2,46.9,96.2,97.3,88.0,100.0,0.0,3.8,1.1,74.0,21.6,19.8,44.3,19.3,5.5,41.6,1.0,10.1,78.7,71.8,74.3,71.9,67.4
Yanam,Puducherry,1154,96.0,15.9,2.5,4.8,93.1,95.5,79.8,97.7,81.0,72.4,98.2,97.1,2763,96.3,100.0,53.1,0.0,99.0,59.1,76.8,43.4,79.7,92.4,94.4,81.5,90.8,93.3,34.3,49.4,90.8,75.8,97.3,2.7,2.5,0.0,36.6,1.5,1.3,25.0,12.4,4.3,18.7,6.9,51.6,39.7,43.5,,43.1,44.8
Puducherry,Puducherry,963,99.6,5.7,0.6,5.3,99.2,82.2,87.0,91.8,85.3,64.1,98.9,92.1,3317,95.0,99.5,81.9,0.5,100.0,32.1,33.5,32.0,80.1,87.6,95.5,86.1,90.7,95.5,57.7,4.5,86.5,82.6,97.9,2.2,4.5,5.6,52.5,25.2,25.5,17.0,11.6,3.7,13.1,3.4,48.5,66.3,57.5,,56.8,60.5
Mahe,Puducherry,1202,99.4,2.8,1.8,0.7,98.5,93.7,85.0,96.4,77.9,67.6,94.4,96.8,8288,93.6,100.0,45.6,0.0,100.0,27.5,39.4,13.4,95.3,95.3,100.0,100.0,95.3,100.0,38.3,17.9,100.0,84.4,91.5,8.5,0.0,0.0,77.8,39.2,38.5,48.2,7.3,1.2,32.6,2.6,28.8,36.9,38.8,25.6,38.4,43.5
Karaikal,Puducherry,884,99.1,7.2,0.0,0.6,100.0,79.2,88.3,90.7,81.4,65.7,99.3,95.0,2788,98.3,99.6,67.2,0.0,99.6,45.9,45.9,46.2,88.9,96.6,100.0,92.1,96.8,95.9,33.2,11.8,96.5,76.9,94.4,4.0,1.6,4.1,60.6,18.7,17.9,25.5,15.3,3.8,19.7,4.3,39.3,65.5,53.7,66.3,54.4,56.1
Kapurthala,Punjab,922,98.7,6.9,1.6,2.5,95.6,67.6,51.4,93.4,57.9,39.5,95.3,88.4,3300,86.4,95.0,48.1,3.2,93.5,46.0,61.6,35.5,65.7,83.4,96.2,69.5,86.8,90.5,37.2,58.6,81.4,72.9,88.8,11.2,3.3,2.0,58.5,17.3,14.0,24.6,12.8,9.1,19.2,4.9,42.4,68.7,54.7,,54.5,63.3
Jalandhar,Punjab,936,97.6,7.4,2.3,0.7,96.8,78.5,72.8,93.2,53.9,39.4,98.8,88.2,3680,86.1,92.3,40.8,1.0,93.3,48.3,61.7,40.4,91.3,95.6,96.0,92.9,97.7,97.7,33.9,86.5,97.7,72.8,86.8,10.5,4.1,0.9,54.5,7.7,12.9,24.8,10.3,4.4,16.7,1.8,48.3,69.2,57.3,,57.0,56.0
Hoshiarpur,Punjab,970,97.7,4.7,1.4,1.6,97.4,80.1,59.7,95.3,57.8,43.4,100.0,92.9,3682,90.0,98.3,50.4,0.0,98.3,43.8,65.5,24.7,92.9,97.6,100.0,92.9,95.3,95.4,29.2,83.3,97.7,69.3,95.6,4.4,1.7,1.3,58.5,11.8,12.6,19.3,11.5,2.5,12.4,3.8,40.7,69.6,54.2,,54.1,50.4
Shahid Bhagat Singh Nagar,Punjab,833,99.0,6.4,0.0,2.8,97.3,79.9,60.5,97.2,66.1,46.8,100.0,96.6,2450,94.7,99.3,41.7,0.7,100.0,43.6,60.4,21.0,100.0,97.4,100.0,100.0,100.0,100.0,50.9,69.0,100.0,74.6,92.4,4.8,1.2,0.0,63.7,2.9,7.7,17.9,12.0,5.9,11.2,6.6,41.8,63.9,49.9,,49.8,58.8
Fatehgarh Sahib,Punjab,844,97.2,7.3,0.4,1.5,98.0,74.3,76.0,94.4,71.0,54.8,99.5,95.5,5296,93.6,96.6,54.5,2.3,98.5,44.8,57.9,37.4,83.6,95.9,94.6,87.5,88.8,90.8,33.8,79.5,88.8,80.7,98.3,1.8,3.1,0.9,61.9,10.2,13.0,30.0,7.1,2.3,18.2,4.6,48.2,61.5,64.7,,65.1,59.7
Ludhiana,Punjab,964,97.8,6.5,0.8,1.8,95.7,61.8,65.2,90.7,67.1,48.7,96.2,82.5,3157,77.3,90.1,48.2,4.7,92.4,37.0,62.2,22.5,73.2,79.8,91.1,74.4,79.6,79.7,19.5,73.6,79.6,72.1,82.9,14.1,5.6,0.0,46.8,14.3,14.1,22.1,5.9,1.0,12.4,6.4,45.1,77.9,65.0,,64.3,66.0
Moga,Punjab,1014,97.3,13.1,1.5,4.3,90.5,75.0,58.4,89.4,51.1,33.6,99.5,87.4,2488,88.2,93.0,64.1,4.3,95.3,27.3,34.7,27.0,80.6,83.7,97.8,80.6,89.6,87.3,25.6,55.1,77.1,70.5,93.7,6.3,7.4,6.0,44.3,3.4,2.8,22.0,12.0,3.1,16.8,4.9,33.1,70.3,54.7,,54.4,60.8
Muktsar,Punjab,877,96.4,8.6,3.6,2.7,90.5,71.2,57.9,88.3,47.8,35.2,95.5,88.1,2177,89.4,96.4,61.3,1.2,96.0,18.6,24.1,16.5,57.6,71.4,93.9,57.6,76.6,79.5,22.9,47.0,67.8,60.6,93.6,6.4,7.5,4.0,61.7,9.9,11.7,35.0,13.6,6.5,30.7,2.8,30.8,69.0,60.9,,61.0,67.7
Faridkot,Punjab,914,97.8,11.9,2.8,4.7,91.5,62.6,53.4,86.1,48.1,34.6,92.8,81.7,3455,84.3,94.3,66.3,4.4,97.7,26.0,35.9,24.0,70.8,81.5,95.7,72.5,86.5,86.1,24.2,41.1,74.4,76.5,90.1,8.2,9.4,3.7,47.6,10.9,16.9,28.1,10.3,2.8,20.7,2.7,39.4,76.1,63.4,57.7,63.2,58.9
Bathinda,Punjab,820,96.4,14.2,0.3,3.9,84.6,52.1,48.2,77.2,37.5,31.2,90.9,78.7,5366,81.3,93.1,60.8,1.8,93.2,29.5,40.9,26.8,66.5,74.5,97.9,69.1,89.3,87.3,38.3,32.1,81.1,57.2,88.0,9.5,13.0,9.0,52.0,17.4,16.2,23.0,15.4,4.8,23.8,1.2,37.5,69.6,59.7,,59.7,59.4
Mansa,Punjab,871,98.1,11.5,2.4,2.7,88.0,66.9,49.4,89.9,48.8,31.6,94.9,84.3,2903,83.2,88.8,63.8,5.7,93.5,30.3,45.1,29.8,79.1,88.8,97.7,85.3,93.2,89.3,34.0,55.5,89.9,68.5,94.4,3.3,2.9,5.8,60.7,9.9,11.7,36.6,12.1,3.4,22.7,3.1,32.9,78.2,60.2,68.2,60.4,63.5
Patiala,Punjab,954,95.5,7.8,1.3,5.2,95.7,65.5,72.0,90.8,70.4,57.2,93.6,81.8,3696,81.3,97.3,57.1,0.5,97.3,48.1,54.7,45.7,74.7,93.1,96.3,76.6,90.8,89.0,20.4,81.8,90.8,78.2,90.0,7.9,5.8,0.6,52.7,8.5,12.6,20.3,9.9,1.8,16.9,0.4,42.9,76.7,65.1,71.7,65.3,66.8
Amritsar,Punjab,1037,99.6,9.2,2.0,4.4,96.0,70.9,56.5,85.9,45.1,27.3,98.6,90.1,3822,88.5,95.9,49.1,2.9,98.8,43.3,61.3,29.7,65.8,74.3,96.1,74.0,85.2,89.4,18.5,60.7,82.8,66.9,93.2,6.8,2.9,1.6,56.8,9.1,8.2,19.4,11.9,6.3,11.2,6.3,42.3,73.6,52.6,35.1,52.1,49.7
Tarn Taran,Punjab,890,99.1,10.7,2.2,5.2,92.0,66.4,60.3,92.7,55.6,41.1,99.0,85.5,3104,83.3,96.0,53.2,0.9,95.4,36.7,58.2,22.1,81.8,87.6,96.4,83.5,92.6,89.4,32.0,57.7,90.7,71.3,96.4,0.0,0.9,0.3,40.6,5.1,5.6,23.8,11.3,3.6,14.4,4.5,39.0,70.5,61.9,,61.7,71.0
Rupnagar,Punjab,1022,96.6,2.4,0.0,0.6,95.8,56.6,65.2,93.0,70.0,56.7,96.7,83.9,5635,79.4,97.8,46.2,0.9,98.7,39.5,46.4,33.7,76.5,82.0,97.6,79.3,82.7,84.5,32.3,79.3,79.3,73.0,97.4,2.6,3.2,0.9,38.6,3.3,8.3,15.1,9.1,3.2,15.3,2.5,45.3,65.5,64.4,,64.5,63.7
Sahibzada Ajit Singh Nagar,Punjab,855,97.5,10.6,0.4,2.9,95.9,81.2,69.0,91.8,70.3,58.8,98.6,87.3,5710,86.6,97.4,74.7,0.5,97.9,34.6,38.8,34.6,71.1,78.6,96.8,74.2,85.0,78.7,26.8,64.5,82.9,72.6,91.2,8.8,5.0,2.5,60.8,18.3,18.0,26.2,10.7,2.3,23.0,4.6,48.9,63.7,59.6,56.4,59.5,59.5
Sangrur,Punjab,798,98.4,8.0,2.0,1.4,89.8,66.5,47.7,85.9,48.6,35.5,96.5,86.6,5693,87.9,94.7,58.8,4.5,97.7,36.2,45.3,34.0,89.6,92.6,95.7,95.8,93.7,95.9,27.7,71.5,91.3,64.9,94.6,5.4,6.4,6.6,65.3,3.4,7.8,23.4,10.4,3.8,18.1,2.7,37.6,66.9,52.7,49.4,52.6,62.7
Barnala,Punjab,755,96.0,12.8,0.8,2.6,90.8,75.6,63.8,84.3,56.5,39.6,93.9,86.0,4033,87.0,96.7,67.3,1.2,95.3,37.9,52.4,33.5,68.5,86.7,92.4,75.5,88.3,86.8,29.8,50.2,84.1,71.9,83.3,15.0,11.0,6.0,54.7,22.5,20.5,33.8,9.4,2.4,16.5,6.1,37.7,60.6,55.2,58.5,55.2,56.5
Fazilka,Punjab,951,96.8,12.4,2.5,2.6,85.3,65.2,36.5,84.3,38.6,25.9,95.0,84.3,1803,83.6,91.7,53.2,3.8,93.7,25.2,40.4,18.1,60.5,72.6,93.9,71.1,87.7,83.1,25.4,43.6,78.9,57.6,94.3,3.9,5.2,1.8,50.5,14.9,13.0,35.9,9.5,3.7,20.2,4.2,31.6,70.0,67.1,62.6,66.9,66.0
Firozpur,Punjab,892,98.0,10.5,1.0,1.9,93.7,67.2,48.4,85.0,40.3,22.9,97.2,83.9,3051,84.7,95.5,60.1,2.7,97.5,35.6,55.1,26.8,74.5,86.5,97.8,78.4,90.9,89.9,27.9,64.0,88.7,57.6,88.3,11.7,2.5,4.4,48.7,5.3,6.4,30.0,12.9,2.2,22.0,2.9,39.2,73.4,61.4,62.0,61.5,61.1
Gurdaspur,Punjab,746,98.9,6.5,1.6,8.2,91.8,69.4,61.1,94.8,56.1,43.4,98.7,86.0,3575,83.8,92.4,47.1,3.4,92.7,47.6,69.4,34.4,80.0,90.2,91.8,87.0,88.6,87.8,27.3,66.3,82.3,80.3,88.2,9.9,2.3,1.3,50.5,9.9,14.6,25.1,9.5,4.5,15.3,6.5,41.0,70.1,55.7,43.1,55.2,54.7
Pathankot,Punjab,756,98.6,4.6,0.0,2.7,96.8,63.5,52.4,97.3,61.3,43.6,97.9,88.5,3141,82.4,94.8,50.9,2.1,95.0,52.9,75.1,39.1,77.4,74.5,92.2,77.4,91.9,91.9,24.2,72.1,89.4,65.8,97.1,2.9,2.7,0.4,41.4,4.7,8.7,22.1,10.3,2.9,10.8,7.8,40.0,68.3,55.8,31.8,55.0,57.4
Ganganagar,Rajasthan,906,98.9,13.6,0.8,2.4,92.3,83.3,58.7,96.8,48.5,23.6,99.2,85.9,1902,84.6,97.7,74.0,0.5,98.2,14.3,35.0,8.1,89.7,90.4,95.6,91.1,94.0,95.6,17.9,45.1,94.0,70.8,98.5,1.5,3.0,4.2,46.9,12.0,12.3,24.5,24.9,10.8,26.1,4.5,19.5,72.3,58.8,64.3,59.0,67.2
Hanumangarh,Rajasthan,1117,94.3,18.6,2.3,2.8,92.0,84.4,53.1,91.7,48.3,20.8,99.7,83.4,2057,84.8,94.9,65.7,2.0,96.9,16.0,34.7,9.0,83.3,86.6,92.2,88.3,94.7,93.5,27.3,57.6,94.7,64.8,100.0,0.0,2.2,1.6,45.0,6.1,7.1,24.2,19.8,9.0,21.3,3.9,17.6,81.0,60.4,55.8,60.3,61.7
Bikaner,Rajasthan,907,89.9,33.3,3.9,6.5,90.2,80.5,50.5,91.6,29.8,11.6,98.7,81.2,2492,80.8,90.0,81.8,2.9,92.7,8.1,35.5,6.3,75.6,81.3,94.8,80.4,84.0,85.1,23.8,58.6,85.1,56.3,95.6,4.4,3.6,2.2,48.0,9.7,10.2,22.8,25.6,12.6,28.5,3.4,14.4,82.4,59.4,46.4,58.9,63.6
Churu,Rajasthan,944,88.0,27.9,3.4,4.2,87.9,72.4,45.0,87.3,31.4,12.9,97.4,73.9,2104,75.2,87.8,67.4,3.4,89.9,8.2,23.8,4.9,74.3,82.4,93.0,79.1,88.2,88.1,35.8,52.5,85.7,61.4,100.0,0.0,6.2,5.2,39.7,10.6,11.2,27.1,16.5,5.2,23.4,4.0,20.3,78.1,53.0,51.5,52.9,51.2
Jhunjhunun,Rajasthan,946,93.2,18.1,2.1,0.8,93.6,80.1,49.2,91.6,38.8,16.5,98.9,84.6,2435,86.6,97.1,64.8,1.5,98.6,13.7,30.4,5.9,88.7,88.0,98.5,90.2,96.0,94.6,34.8,52.4,94.3,62.9,98.4,1.6,3.7,3.1,43.3,11.4,10.7,20.9,13.9,9.1,19.6,5.9,19.0,77.2,55.5,50.7,55.4,57.0
Alwar,Rajasthan,1127,77.0,32.2,5.0,8.0,84.9,55.5,30.0,82.4,16.7,7.0,91.8,72.9,1829,76.2,91.3,64.0,1.0,90.8,8.8,16.8,6.6,59.4,72.1,92.6,72.5,71.4,81.0,27.8,40.2,68.8,52.8,97.3,1.2,6.1,4.0,33.5,9.6,11.2,33.9,15.6,7.1,24.0,4.1,17.3,63.2,53.3,49.0,53.2,55.3
Bharatpur,Rajasthan,845,79.4,33.5,4.3,5.1,77.7,55.4,33.2,86.9,13.7,3.9,95.5,75.9,2773,76.8,92.1,74.6,1.3,90.8,12.2,39.7,7.0,64.1,67.2,86.0,77.4,80.1,83.0,13.6,51.2,81.2,44.9,96.8,1.1,15.3,3.8,37.9,12.9,11.8,40.3,12.2,4.3,29.1,5.1,12.4,75.7,61.0,56.1,60.8,61.7
Dhaulpur,Rajasthan,929,73.7,29.6,6.0,7.2,76.0,67.9,42.4,91.5,21.3,4.7,97.1,79.4,1362,84.9,94.4,86.1,0.4,94.2,5.9,26.3,4.3,85.9,79.8,98.3,89.7,94.3,97.0,28.9,79.6,94.3,63.0,97.3,1.1,10.8,6.0,41.0,4.9,5.8,45.7,13.7,6.3,31.3,5.6,11.7,81.7,68.8,63.7,68.5,67.4
Karauli,Rajasthan,863,88.9,33.5,4.2,7.0,73.8,65.0,42.0,94.5,14.1,2.2,97.4,89.4,1987,87.5,97.6,76.9,0.2,97.6,2.8,6.3,1.9,88.9,93.1,98.2,91.2,95.9,95.9,20.6,70.0,95.9,61.7,98.4,1.6,6.4,2.4,38.4,7.2,6.3,37.6,26.6,10.6,37.3,2.3,10.5,75.9,61.1,70.1,61.5,60.5
Sawai Madhopur,Rajasthan,849,79.4,35.4,3.0,2.9,78.2,65.4,47.3,82.5,24.6,5.8,95.3,75.2,2083,82.8,97.4,83.2,1.0,97.8,10.4,17.9,9.5,54.9,56.1,90.1,62.5,77.2,77.5,24.5,35.9,65.7,56.6,100.0,0.0,8.7,7.0,48.2,11.6,10.4,26.9,22.0,11.1,24.2,3.4,11.1,73.3,57.6,55.9,57.5,64.6
Dausa,Rajasthan,863,89.6,26.3,4.2,3.0,86.9,81.0,53.6,92.1,16.3,4.9,98.3,89.7,1902,93.1,98.2,74.3,0.0,96.1,8.8,18.4,5.9,92.1,87.4,98.5,95.0,96.2,96.1,27.0,82.8,97.5,60.2,100.0,0.0,7.3,4.4,36.7,6.7,5.8,37.7,20.7,9.7,33.5,2.2,9.1,74.4,60.3,60.0,60.3,61.6
Jaipur,Rajasthan,915,90.9,23.1,1.3,1.8,91.8,81.3,53.5,92.5,20.6,8.9,97.6,89.4,3252,92.6,97.3,67.0,1.2,98.0,18.0,25.0,15.6,89.3,96.8,98.6,89.3,97.1,98.6,22.0,89.8,97.1,62.3,97.3,2.7,4.3,0.6,40.7,5.2,5.8,25.0,14.6,4.2,20.8,2.0,18.1,71.3,54.4,43.7,54.1,53.6
Sikar,Rajasthan,770,92.3,18.0,2.3,3.0,94.0,75.9,50.4,90.9,45.1,25.8,97.2,83.5,5927,87.8,95.8,54.8,1.1,94.9,17.2,26.5,11.7,70.0,71.3,95.7,77.6,80.6,86.5,22.5,38.0,79.3,68.1,93.2,6.9,5.9,3.2,30.4,10.7,12.0,23.1,12.8,6.3,18.3,4.1,19.6,61.5,44.3,32.9,44.0,42.1
Nagaur,Rajasthan,817,94.7,28.2,1.3,0.9,86.6,77.1,46.2,96.4,40.6,19.0,99.5,80.8,2450,85.5,97.0,77.0,1.7,96.9,8.9,23.9,5.4,80.6,93.4,95.3,82.7,92.0,92.0,28.2,42.6,90.2,66.0,98.7,0.0,4.6,1.3,28.9,8.1,7.3,31.5,16.2,8.8,26.2,3.7,13.0,65.1,45.6,33.2,45.3,55.2
Jodhpur,Rajasthan,872,97.1,28.1,2.6,5.1,89.5,71.9,56.7,96.4,46.3,24.4,99.4,81.6,2286,83.9,90.0,73.9,3.1,92.6,13.6,35.1,10.8,81.2,77.0,94.1,87.2,85.9,89.0,23.4,46.1,84.1,69.8,97.3,2.7,5.3,2.4,27.9,13.1,12.5,32.6,13.3,6.0,25.4,5.5,13.3,64.4,44.2,23.6,43.4,50.1
Jaisalmer,Rajasthan,818,91.3,28.9,4.5,1.0,82.8,64.6,47.6,96.2,37.5,13.1,98.4,80.1,2110,79.0,90.0,81.1,3.8,93.6,9.3,23.9,8.9,72.0,74.7,89.8,76.1,78.3,80.3,18.8,46.2,78.3,70.7,96.8,2.1,7.7,3.1,36.4,6.4,6.1,25.5,25.0,13.8,31.7,2.7,11.2,58.6,44.7,35.5,44.4,53.8
Barmer,Rajasthan,877,96.0,20.2,3.5,2.0,86.3,82.7,64.9,96.5,41.7,24.0,99.8,83.3,1117,85.1,93.3,86.0,1.2,94.3,4.9,19.8,4.0,92.9,92.8,97.5,94.0,92.9,92.9,28.4,68.9,92.9,77.7,100.0,0.0,9.4,1.3,28.6,9.2,9.0,39.1,11.5,6.2,31.7,2.2,4.5,67.1,50.0,36.6,49.4,61.6
Jalor,Rajasthan,769,96.6,23.3,2.4,2.9,79.8,82.1,71.2,95.8,38.0,15.2,98.0,87.6,1460,87.0,95.5,73.7,1.3,94.8,4.1,13.5,1.5,78.0,82.4,97.4,84.5,85.3,87.7,26.7,62.5,85.3,76.7,96.7,2.3,5.2,1.7,43.3,5.8,5.0,44.3,12.1,4.8,36.5,3.0,4.3,66.3,60.8,43.5,59.9,73.8
Sirohi,Rajasthan,1064,93.7,18.0,2.2,4.4,74.2,73.1,69.5,93.3,42.5,21.4,99.7,91.1,1614,91.3,95.7,82.6,1.1,95.9,6.6,14.7,5.7,86.4,95.6,91.2,88.9,92.5,93.7,16.0,77.8,90.1,65.5,100.0,0.0,7.5,2.9,50.1,5.0,4.3,30.7,16.4,8.8,31.2,2.5,7.9,75.8,65.3,42.2,64.0,72.2
Pali,Rajasthan,998,98.0,11.8,1.4,2.2,94.1,69.3,45.0,97.5,43.8,20.0,98.5,96.4,2269,94.7,98.8,82.4,0.3,98.5,10.2,39.9,4.4,90.2,89.2,100.0,91.5,93.1,97.4,33.0,61.1,91.6,65.7,100.0,0.0,6.3,1.3,38.5,6.1,5.5,35.9,18.3,9.4,35.9,0.9,8.1,72.6,59.7,42.1,58.8,69.7
Ajmer,Rajasthan,848,96.4,20.2,3.1,5.5,84.3,80.4,52.8,95.9,39.6,20.7,97.5,82.3,1986,82.0,95.1,82.1,2.8,97.9,11.6,28.0,9.7,78.9,92.3,96.8,80.5,91.9,93.5,29.0,56.1,91.9,64.0,95.2,4.8,4.2,2.9,35.2,5.3,5.1,22.3,20.0,11.7,23.1,2.8,18.9,76.3,52.5,59.6,52.7,54.4
Tonk,Rajasthan,969,87.5,37.2,1.6,3.1,82.2,78.8,66.2,93.6,33.5,11.6,97.8,84.5,2303,88.1,97.4,84.9,0.5,97.9,12.9,36.9,9.7,75.3,80.3,94.4,77.2,90.5,88.7,32.2,60.9,88.8,52.8,93.6,0.0,8.6,5.7,38.9,7.4,6.0,33.1,18.1,10.3,28.2,4.8,10.0,64.6,52.9,49.9,52.8,59.6
Bundi,Rajasthan,803,90.7,34.1,2.2,2.3,77.6,81.0,74.0,91.1,35.5,8.7,97.9,85.2,1961,89.4,95.3,83.7,0.5,95.1,10.5,32.7,8.1,75.7,81.4,97.7,83.1,92.3,91.1,28.7,65.5,87.5,62.8,100.0,0.0,7.4,9.5,41.8,9.5,10.8,30.0,19.6,6.2,29.1,1.0,12.4,74.9,56.3,44.8,55.9,57.2
Bhilwara,Rajasthan,802,92.4,41.8,1.3,5.4,76.0,78.0,64.7,97.1,30.4,11.9,99.4,95.7,1248,94.1,95.0,87.4,1.0,96.0,5.9,36.4,3.6,83.2,87.8,94.6,89.9,89.1,89.1,17.6,78.6,88.1,70.2,100.0,0.0,3.9,2.0,45.9,6.4,5.8,22.6,17.4,8.5,23.5,2.7,12.4,62.7,50.7,42.8,50.4,52.6
Rajsamand,Rajasthan,800,96.5,27.5,2.2,3.2,77.9,84.8,60.7,96.4,46.3,23.9,99.7,82.6,1413,79.2,95.1,84.3,1.1,95.7,9.0,43.3,5.2,71.7,76.6,85.3,79.1,81.3,86.7,13.8,52.8,81.3,63.3,100.0,0.0,8.2,3.2,44.1,9.0,7.6,30.3,16.6,10.2,23.7,4.5,8.3,84.3,58.6,52.3,58.4,63.3
Dungarpur,Rajasthan,843,94.5,16.9,0.9,4.4,85.5,77.0,50.6,97.5,38.0,6.7,100.0,92.6,1525,92.4,94.1,81.2,1.9,95.5,5.9,20.6,4.0,83.3,89.2,96.9,84.8,93.7,96.8,30.0,53.3,89.8,61.7,97.6,2.4,5.7,0.0,47.2,5.1,4.7,31.4,15.6,4.4,25.9,2.5,4.4,79.8,73.6,53.3,72.6,77.3
Banswara,Rajasthan,835,88.0,25.0,2.8,5.2,61.3,87.0,69.9,95.9,26.4,6.8,96.7,94.0,1153,95.9,97.7,83.8,0.5,97.5,6.4,18.5,4.6,83.0,88.3,98.9,84.4,91.1,93.5,33.3,75.1,91.1,63.9,100.0,0.0,3.8,0.5,57.8,10.5,9.7,44.6,17.3,7.5,38.7,2.1,4.5,82.1,53.1,43.3,52.8,70.2
Chittaurgarh,Rajasthan,861,95.5,42.6,1.7,3.5,67.5,85.5,75.0,97.2,30.2,13.7,97.2,91.2,3139,94.7,96.8,85.3,0.8,97.3,15.4,50.3,11.3,87.8,89.9,100.0,89.1,96.8,97.1,55.5,86.6,98.3,62.7,98.8,1.2,5.2,1.3,51.1,5.0,5.2,31.4,14.6,4.9,25.9,1.0,15.3,72.4,45.4,38.4,45.1,46.6
Kota,Rajasthan,870,95.1,13.2,1.8,0.5,83.3,88.0,81.3,94.8,37.3,11.9,98.7,88.8,1647,91.3,97.9,77.8,0.5,99.0,20.7,35.6,17.4,84.4,85.2,98.4,86.3,91.8,95.3,25.8,71.9,85.3,61.6,93.7,6.4,6.4,7.4,47.9,10.3,9.3,29.5,20.8,7.9,26.4,3.3,13.0,66.7,51.8,49.5,51.8,59.5
Baran,Rajasthan,1077,91.2,26.8,2.2,3.0,74.7,88.2,79.3,95.1,36.9,11.2,100.0,92.4,1590,94.7,97.3,91.4,0.8,97.8,6.7,35.7,5.0,89.3,93.4,100.0,90.5,95.3,96.5,46.1,80.3,95.3,73.9,100.0,0.0,5.4,8.1,63.0,12.1,11.1,46.0,21.3,9.0,40.2,3.2,10.1,65.1,60.1,59.3,60.1,61.3
Jhalawar,Rajasthan,905,97.0,37.8,1.3,5.6,62.1,89.9,72.3,95.9,30.3,9.1,99.8,89.7,1692,91.0,98.3,92.2,0.5,98.5,8.6,,6.6,81.5,92.0,98.8,83.9,90.8,90.6,34.6,77.6,89.3,67.8,100.0,0.0,3.7,5.1,59.3,6.0,5.8,34.0,29.0,14.0,38.1,1.4,8.6,73.1,51.7,48.5,51.5,56.9
Udaipur,Rajasthan,833,97.8,18.2,1.8,4.5,85.7,69.6,62.3,98.4,44.7,17.4,100.0,96.6,1480,95.2,96.1,89.4,1.6,97.4,7.3,36.6,5.4,86.8,89.5,95.3,88.5,90.2,91.9,22.4,76.4,90.2,74.2,100.0,0.0,6.9,1.8,44.6,6.5,6.1,34.0,8.6,3.1,26.6,1.8,9.1,76.9,61.4,39.7,60.5,63.3
Pratapgarh,Rajasthan,919,90.1,30.9,2.9,3.2,67.6,75.1,52.9,91.2,17.0,2.7,98.7,94.0,1213,93.0,96.4,92.3,0.5,97.1,3.6,,1.8,75.8,88.7,96.5,81.1,97.2,91.9,30.2,67.7,97.2,76.1,100.0,0.0,5.0,0.8,56.6,6.8,8.0,29.0,24.9,11.5,31.8,2.9,5.9,65.8,53.0,56.2,53.1,54.9
North  District,Sikkim,693,98.1,16.0,0.0,3.8,75.3,66.2,59.4,92.5,74.0,61.9,95.5,71.3,7390,72.0,97.3,91.1,1.5,98.5,27.3,,26.0,90.8,90.6,100.0,90.8,100.0,96.9,31.1,0.0,95.3,90.1,100.0,0.0,7.2,0.7,26.1,25.3,25.3,31.8,4.5,2.9,15.3,14.1,44.1,53.5,37.0,26.9,36.7,45.6
West District,Sikkim,685,97.6,14.1,0.0,2.5,92.4,75.8,70.4,95.9,48.6,17.3,96.4,63.6,5361,67.8,99.3,89.9,0.0,99.3,28.0,,25.4,96.9,93.2,96.9,98.5,98.5,98.5,59.2,0.0,95.3,72.2,100.0,0.0,3.3,2.1,56.2,29.0,28.4,25.2,21.1,12.2,19.3,6.5,24.5,67.1,42.6,,42.7,45.7
South District,Sikkim,1353,96.8,9.9,0.0,8.7,85.3,78.1,84.5,92.3,71.3,46.2,99.4,83.1,11031,81.1,97.4,86.4,2.0,99.4,27.8,,23.0,86.4,,89.5,89.5,89.5,86.4,33.1,0.0,83.8,88.4,,,4.5,0.0,28.2,19.4,20.7,24.8,8.0,4.0,7.2,16.6,34.8,56.5,39.9,,39.8,54.6
East District,Sikkim,1000,95.9,9.4,0.0,1.7,84.8,53.4,43.8,90.3,48.3,27.6,91.9,65.8,8471,59.2,91.8,70.4,3.9,94.2,36.9,52.0,36.6,,,,,,,,,,91.2,,,6.5,0.5,27.1,21.8,25.2,17.8,14.3,5.6,13.0,6.5,38.2,49.8,43.3,,43.3,44.6
Thiruvallur,Tamil Nadu,991,97.0,13.4,1.1,5.8,98.8,77.6,85.4,76.8,75.0,53.5,95.6,90.3,3668,95.2,100.0,72.3,0.0,100.0,46.4,63.0,40.1,88.6,88.6,98.0,95.7,90.9,98.0,44.3,59.2,88.6,62.9,80.0,20.0,5.2,3.9,56.2,23.4,26.3,18.1,17.0,3.6,20.6,2.1,48.6,58.4,56.9,,56.8,64.4
Chennai,Tamil Nadu,859,98.2,1.9,1.0,3.0,100.0,81.4,89.9,96.1,86.3,75.5,96.8,95.0,3951,96.7,100.0,60.1,0.0,100.0,50.5,62.5,42.5,96.6,100.0,100.0,96.6,100.0,96.6,48.7,45.7,100.0,56.4,74.8,25.2,4.1,1.0,75.0,13.1,15.1,20.4,18.3,7.6,21.9,9.4,41.9,55.3,50.5,,50.3,52.8
Kancheepuram,Tamil Nadu,889,97.5,10.0,0.0,2.5,97.8,62.6,76.1,76.8,73.5,47.9,97.6,87.3,3531,93.0,100.0,68.5,0.0,100.0,40.2,60.2,31.0,69.1,81.5,97.1,74.8,92.3,88.4,36.4,54.3,86.1,67.9,83.1,16.9,3.1,2.3,54.2,20.1,21.7,20.6,15.7,6.9,19.8,3.0,46.4,68.8,57.0,,57.0,62.7
Vellore,Tamil Nadu,722,96.5,14.9,1.9,4.9,98.5,84.4,95.4,96.8,94.2,84.6,100.0,98.6,2272,96.7,99.5,67.6,0.5,100.0,42.4,43.9,42.1,92.7,97.2,97.0,93.9,94.3,95.5,46.4,80.8,91.2,71.6,86.1,13.9,2.8,0.3,76.4,8.8,9.9,29.8,13.1,2.5,19.7,4.2,45.4,60.9,50.7,,50.6,47.2
Tiruvannamalai,Tamil Nadu,848,97.6,11.6,3.2,8.5,98.7,81.2,97.7,94.3,84.5,63.5,100.0,98.1,2724,98.6,99.1,85.8,0.0,99.1,27.7,70.1,21.5,97.1,92.6,97.1,97.1,97.1,97.1,36.5,76.2,97.1,64.3,100.0,0.0,6.0,2.6,61.5,2.5,3.6,30.6,14.8,4.0,25.0,3.3,37.8,64.7,56.3,,56.6,49.3
Viluppuram,Tamil Nadu,916,100.0,19.0,2.9,7.9,98.3,80.1,94.9,95.4,72.7,44.8,96.0,88.1,3255,94.0,99.1,84.3,0.5,100.0,28.0,56.3,23.3,88.5,81.6,100.0,88.5,97.1,97.1,29.0,55.6,97.1,73.2,91.1,8.9,5.6,1.4,59.6,12.7,19.8,23.9,12.4,3.4,20.5,0.0,37.0,73.4,62.6,,62.5,67.2
Salem,Tamil Nadu,900,97.4,23.7,1.0,8.9,98.6,74.7,85.0,89.3,82.2,50.8,100.0,92.9,3965,96.0,100.0,63.7,0.0,100.0,43.0,49.5,39.4,77.0,81.8,95.8,84.4,87.9,84.3,29.3,69.1,87.8,67.8,84.5,15.5,0.7,1.6,72.0,,6.7,23.6,10.1,4.3,20.8,6.3,40.3,51.3,46.5,,46.3,40.9
Namakkal,Tamil Nadu,1130,97.6,14.2,0.6,6.5,97.8,76.2,97.8,96.3,87.5,71.0,100.0,94.8,3435,89.9,100.0,59.8,0.0,100.0,53.7,66.5,45.1,83.9,84.4,92.5,87.6,96.2,96.2,52.1,73.8,87.3,66.2,91.0,9.0,4.0,0.0,53.9,7.1,12.9,25.2,10.3,4.3,15.7,6.3,43.2,67.9,51.9,,51.9,50.3
Erode,Tamil Nadu,807,99.6,13.7,0.3,14.8,98.7,87.8,93.9,97.5,82.2,51.3,100.0,96.5,2401,98.4,100.0,51.4,0.0,100.0,48.5,68.5,29.6,95.9,97.2,100.0,95.9,100.0,100.0,60.7,53.8,100.0,64.2,92.3,7.8,1.5,0.0,69.9,14.8,19.1,19.4,20.9,11.2,26.9,2.8,37.1,46.5,55.3,,55.4,64.2
The Nilgiris,Tamil Nadu,1035,98.7,11.1,0.0,4.5,96.7,80.0,92.5,94.1,93.8,76.4,99.4,91.5,3438,90.9,100.0,62.2,0.0,100.0,42.3,56.6,33.6,90.1,98.0,100.0,91.9,100.0,96.2,38.5,81.9,95.8,69.4,92.1,7.9,1.3,0.0,66.1,20.8,18.8,26.7,17.3,7.7,23.2,8.5,39.5,45.9,44.4,,44.2,37.7
Dindigul,Tamil Nadu,816,97.9,20.5,0.8,8.6,98.9,71.9,96.2,87.4,85.7,63.6,99.1,95.3,2828,96.2,97.0,74.6,1.4,98.6,33.3,55.0,28.1,92.6,96.4,97.6,92.6,95.6,96.0,53.9,72.5,89.8,84.0,98.5,1.5,2.3,0.4,55.2,20.1,20.7,27.1,21.1,8.2,28.4,2.2,38.5,50.2,42.9,34.6,42.6,41.4
Karur,Tamil Nadu,839,98.6,13.3,0.8,3.3,97.9,83.3,95.7,82.7,68.7,46.4,97.3,96.4,2586,91.9,100.0,56.8,0.0,99.2,47.8,64.1,35.4,82.5,84.0,94.5,89.1,84.7,93.9,22.0,43.1,84.7,48.5,97.7,2.3,5.6,0.7,42.2,5.5,13.3,33.6,18.4,8.7,36.3,2.4,34.7,73.2,65.5,,65.0,60.7
Tiruchirappalli,Tamil Nadu,919,98.4,13.5,1.0,4.5,96.5,86.1,90.5,92.2,86.1,66.2,98.8,97.6,2593,94.6,98.6,65.3,0.4,99.0,41.0,66.4,29.0,97.1,89.4,100.0,97.1,97.1,97.1,43.6,67.3,97.1,63.8,100.0,0.0,5.2,1.4,50.9,8.1,12.4,27.6,20.9,8.6,27.4,3.1,33.5,82.3,62.5,,62.4,64.7
Perambalur,Tamil Nadu,887,99.3,21.4,1.3,7.7,97.8,85.8,92.2,94.1,78.7,57.3,99.4,90.1,3707,92.6,100.0,69.5,0.0,100.0,50.3,75.4,39.3,92.5,94.0,94.9,92.5,92.5,94.9,51.4,49.7,92.5,64.1,100.0,0.0,4.3,0.0,51.9,11.4,12.6,29.1,15.9,4.2,22.3,2.9,32.9,69.2,66.9,,66.1,61.6
Ariyalur,Tamil Nadu,807,97.5,12.4,0.5,11.5,98.0,65.0,91.4,88.4,84.7,70.8,100.0,95.7,4664,96.2,100.0,72.1,0.0,100.0,57.3,78.3,49.1,90.8,90.8,100.0,90.8,93.6,100.0,49.5,80.3,93.6,61.7,95.9,4.1,5.6,0.0,68.4,7.6,11.7,25.3,15.1,4.4,20.1,1.6,33.3,62.0,62.4,64.1,62.4,58.8
Cuddalore,Tamil Nadu,819,99.1,12.6,0.8,4.9,99.1,75.5,82.2,88.1,68.5,52.6,98.3,87.7,3803,93.9,99.2,72.5,0.4,99.1,51.4,64.5,47.1,79.0,77.3,88.6,84.8,91.5,97.3,50.6,68.0,91.5,72.7,97.2,2.8,3.4,1.6,61.7,12.3,23.2,20.2,13.9,4.0,18.0,1.6,35.1,64.8,58.6,,58.6,55.6
Nagapattinam,Tamil Nadu,799,99.1,6.3,0.0,5.2,96.2,89.4,93.1,93.0,85.6,61.3,100.0,91.9,4655,92.4,99.7,69.0,0.4,100.0,49.4,74.2,38.7,93.8,94.6,100.0,93.8,96.4,96.4,50.1,73.6,96.4,63.4,86.4,13.6,5.7,2.5,56.1,15.5,14.4,32.3,12.5,4.7,24.3,0.8,31.9,60.9,63.2,44.8,62.6,58.8
Thiruvarur,Tamil Nadu,901,97.2,9.1,0.6,2.7,98.4,80.5,92.3,86.8,86.3,65.5,97.2,89.5,4590,92.2,100.0,62.7,0.0,100.0,60.6,80.5,48.8,97.1,97.1,100.0,100.0,97.1,100.0,59.0,78.7,97.1,70.9,91.9,8.1,4.3,0.7,45.0,19.1,18.7,19.8,18.4,6.8,21.5,3.0,37.2,45.0,58.3,,58.2,49.0
Thanjavur,Tamil Nadu,934,99.3,4.1,2.1,8.4,98.2,86.1,93.7,89.5,79.3,67.2,99.0,93.8,3425,97.1,100.0,59.5,0.0,100.0,51.4,77.1,33.8,78.5,66.7,100.0,78.5,86.2,89.4,31.9,33.2,80.4,49.8,89.8,10.2,4.8,2.6,62.9,10.5,18.2,19.6,8.3,3.7,21.9,4.9,42.8,64.8,59.1,,59.0,60.0
Pudukkottai,Tamil Nadu,804,98.4,11.6,0.4,11.3,95.1,77.9,91.6,89.9,73.7,53.3,99.2,95.4,2610,94.5,100.0,68.6,0.0,100.0,41.2,65.2,30.1,83.3,75.9,92.1,90.7,97.1,94.6,49.3,47.0,97.1,69.0,93.6,6.5,5.1,3.3,46.5,25.2,22.3,32.2,9.5,1.6,21.6,2.8,32.0,71.1,62.5,62.2,62.5,61.8
Sivaganga,Tamil Nadu,1127,98.8,4.5,2.1,9.6,99.9,72.6,90.9,76.1,81.1,64.7,99.3,89.1,3143,92.5,100.0,73.3,0.0,100.0,43.2,42.6,43.4,89.4,81.5,96.2,91.3,95.8,95.8,42.4,70.6,94.9,73.2,100.0,0.0,2.6,0.0,55.6,12.4,16.0,27.6,22.8,11.6,28.4,9.1,33.4,56.4,51.6,,51.5,36.4
Madurai,Tamil Nadu,815,100.0,11.5,0.5,4.0,98.2,70.0,89.5,85.6,71.0,59.7,100.0,91.4,3317,94.5,100.0,70.0,0.0,100.0,43.8,66.1,34.3,88.8,92.9,95.5,90.8,93.6,95.5,42.4,69.9,89.4,66.6,92.8,7.2,4.3,0.6,55.0,17.1,25.0,32.4,9.5,3.9,21.5,4.7,40.8,54.3,48.3,,48.0,46.9
Theni,Tamil Nadu,1057,99.1,16.0,0.9,13.5,99.7,88.8,98.7,90.0,85.6,60.3,100.0,97.1,1773,97.8,100.0,81.7,0.0,100.0,43.7,59.5,40.1,95.2,95.2,98.5,95.9,96.6,97.3,43.1,80.9,96.6,74.0,94.7,3.9,3.8,0.2,63.1,14.4,17.3,20.2,15.5,6.6,18.8,4.2,45.2,46.8,41.3,36.6,41.2,35.5
Virudhunagar,Tamil Nadu,730,100.0,15.5,0.0,3.6,97.3,65.0,83.4,86.3,69.5,58.3,99.3,80.2,2607,86.5,97.8,66.3,2.2,100.0,50.0,65.6,44.3,76.7,77.7,100.0,81.4,95.3,100.0,55.8,71.0,90.4,74.8,95.3,4.8,9.3,0.0,39.1,21.6,18.5,29.2,14.4,7.6,23.7,6.8,37.4,58.9,57.1,,56.9,59.7
Ramanathapuram,Tamil Nadu,787,99.0,14.7,1.1,6.0,98.3,82.9,88.2,89.1,77.1,56.0,100.0,94.9,3729,95.8,99.6,72.5,0.0,99.3,47.5,62.5,42.1,90.4,91.1,96.5,96.5,90.4,96.5,39.4,62.1,88.7,75.0,93.3,6.7,3.3,0.0,58.4,13.8,19.9,26.4,17.7,6.0,21.6,6.3,34.1,57.2,53.8,46.7,53.6,52.2
Thoothukkudi,Tamil Nadu,734,99.5,8.9,0.0,0.9,99.4,59.2,80.7,89.1,86.1,70.4,100.0,94.8,3180,97.2,100.0,59.1,0.0,100.0,52.0,70.9,38.9,100.0,100.0,100.0,100.0,100.0,100.0,59.1,85.2,100.0,63.0,93.2,6.8,4.8,0.7,53.0,16.3,19.9,20.3,18.4,7.7,21.0,6.7,43.4,55.6,56.3,,55.9,44.3
Tirunelveli,Tamil Nadu,939,100.0,10.7,1.2,4.3,97.2,84.5,85.0,90.8,87.4,65.5,98.0,92.9,3281,93.0,100.0,47.2,0.0,100.0,60.2,68.0,51.5,93.3,95.5,97.7,93.3,95.5,97.7,41.3,72.3,93.3,69.0,90.8,9.2,2.7,0.0,50.9,0.0,8.7,29.4,12.0,3.1,22.7,3.7,40.2,49.9,51.5,,51.0,54.5
Kanniyakumari,Tamil Nadu,880,98.9,4.3,0.0,4.0,98.6,65.6,84.2,87.1,90.3,74.0,97.3,86.0,3170,88.2,100.0,39.4,0.0,100.0,68.3,78.0,53.3,96.0,96.0,100.0,96.0,100.0,100.0,29.8,66.7,100.0,78.4,81.9,18.1,0.9,0.0,46.9,21.3,22.1,17.3,11.4,2.7,14.5,2.8,53.0,39.1,45.5,46.5,45.6,39.3
Dharmapuri,Tamil Nadu,1052,93.0,16.7,0.6,6.4,97.5,78.4,94.5,95.9,92.7,73.5,100.0,98.0,2808,95.9,99.6,73.0,0.0,99.6,29.1,61.0,17.6,90.6,96.1,98.0,90.6,96.4,96.4,50.5,69.6,94.5,66.2,97.8,2.2,3.2,0.0,74.4,3.6,8.1,28.7,16.9,6.5,23.2,8.9,33.4,54.2,42.0,,42.5,31.9
Krishnagiri,Tamil Nadu,857,98.7,20.3,1.4,9.5,98.1,84.5,93.1,93.7,93.7,74.3,99.5,95.5,2081,94.0,99.6,75.9,0.4,100.0,31.9,59.7,23.4,87.3,90.3,96.7,87.3,91.1,91.1,42.3,60.2,84.2,68.5,98.5,1.6,1.1,0.4,76.5,6.1,7.1,29.0,10.4,4.7,19.3,10.1,34.5,46.5,44.3,33.3,44.0,39.4
Coimbatore,Tamil Nadu,952,98.5,19.8,1.3,10.3,99.7,72.6,90.0,91.8,91.5,76.0,100.0,95.4,5609,98.6,100.0,60.1,0.0,100.0,50.9,73.3,35.9,94.5,94.5,100.0,98.3,94.5,98.3,50.2,86.9,90.8,75.2,78.0,22.0,2.9,1.2,65.0,9.4,11.6,23.0,7.0,2.7,18.5,4.2,50.0,37.8,48.8,51.0,48.9,51.4
Tiruppur,Tamil Nadu,1016,96.9,10.5,0.7,5.1,98.5,68.6,93.5,95.0,95.0,74.2,100.0,98.4,5017,99.3,100.0,61.0,0.0,100.0,46.4,54.1,41.5,,,,,,,,,,74.2,,,1.5,0.7,60.1,,16.7,21.5,15.3,10.3,23.1,6.2,45.0,44.8,55.9,40.8,55.2,56.0
Adilabad,Telangana,785,83.9,21.4,1.3,7.8,77.9,89.7,74.8,90.9,44.4,21.8,94.1,83.4,4105,80.3,94.1,66.8,1.8,93.9,40.7,74.1,30.6,69.3,73.7,91.6,72.5,81.9,86.7,43.7,7.4,81.9,85.7,94.9,4.7,10.3,1.7,20.4,9.7,9.6,45.7,29.5,12.9,52.0,2.9,15.7,76.3,61.1,61.0,61.1,68.0
Bhadradri Kothagudem,Telangana,817,90.0,20.8,1.0,13.0,92.9,92.8,70.1,91.2,62.5,42.3,98.6,87.1,3255,85.4,97.4,53.9,2.3,94.2,58.0,73.1,48.6,80.4,87.0,98.0,86.7,93.7,96.1,41.4,8.0,93.7,73.2,98.2,1.8,9.2,1.0,40.2,8.8,12.4,28.4,21.8,9.0,25.3,3.7,31.0,69.3,69.3,50.6,68.7,79.3
Hyderabad,Telangana,844,94.3,10.6,4.0,2.2,94.2,87.9,69.9,89.6,72.2,38.4,94.4,91.2,2815,94.9,98.3,48.3,0.0,94.6,59.7,85.0,35.4,73.8,91.6,82.1,76.3,75.4,77.9,19.8,2.5,70.1,62.0,84.3,5.3,1.0,0.8,48.1,6.2,4.8,30.4,17.7,8.0,18.9,4.3,51.0,63.6,52.5,,52.7,70.6
Jagitial,Telangana,955,92.5,28.4,1.8,3.1,90.2,94.6,81.9,87.9,53.5,36.3,95.5,84.1,3494,89.9,94.4,39.8,1.0,91.9,68.1,77.4,64.9,77.7,94.0,95.7,77.7,93.2,93.2,38.2,9.0,90.8,72.5,93.8,6.2,4.1,0.4,27.5,14.7,13.6,29.9,17.5,8.4,32.3,5.5,26.0,59.9,56.4,,56.3,66.2
Jangoan,Telangana,1089,86.6,20.3,1.3,6.5,93.6,89.7,65.4,86.1,59.4,34.8,98.9,85.6,4741,96.5,99.6,49.6,0.0,90.1,79.1,86.0,73.0,84.2,91.2,94.7,84.2,94.7,94.7,40.6,0.0,89.4,80.8,100.0,0.0,10.8,2.7,41.9,11.1,10.7,33.4,22.9,10.1,30.9,6.4,24.1,69.5,57.3,,57.5,58.8
Jayashankar Bhupalapally,Telangana,903,90.9,24.9,2.0,13.2,90.8,94.6,72.7,94.1,58.9,35.3,94.0,89.1,5993,89.6,99.5,61.3,0.5,95.1,64.3,87.4,50.4,87.9,97.2,96.9,87.9,94.0,96.9,45.6,6.5,94.4,70.5,97.4,2.6,7.0,1.9,44.6,11.1,12.6,32.5,31.8,14.6,36.7,1.4,22.4,67.9,66.4,,65.9,64.9
Jogulamba Gadwal,Telangana,853,81.7,34.6,2.2,15.9,77.3,88.3,72.9,92.6,56.6,27.6,96.5,88.3,2832,88.2,94.2,46.5,2.5,91.7,41.7,65.8,22.2,86.9,92.3,95.2,86.9,92.4,93.5,37.6,0.0,92.4,75.0,98.8,1.2,5.4,3.7,40.0,6.8,7.2,49.7,17.3,4.9,41.7,2.8,21.9,82.4,64.1,76.9,64.6,66.9
Kamareddy,Telangana,870,91.0,30.8,2.3,1.1,88.3,87.5,79.5,90.6,56.1,28.3,96.8,86.8,5957,89.0,97.1,59.1,1.5,93.2,55.4,79.8,42.6,75.5,84.1,94.3,85.3,86.8,91.2,38.4,9.2,82.0,79.6,98.0,2.0,7.1,1.4,37.7,7.5,11.7,33.4,34.5,17.9,43.9,3.1,21.0,71.6,59.5,,58.9,65.5
Karimnagar,Telangana,933,88.7,11.9,1.1,7.6,94.1,92.3,69.6,85.2,48.8,38.6,88.2,89.5,4573,95.9,98.4,34.2,1.6,86.9,82.4,92.8,66.8,73.4,74.5,95.8,82.1,88.5,94.0,26.7,2.6,88.5,79.8,89.3,10.7,13.5,2.1,30.3,5.2,10.3,30.3,13.9,4.8,27.5,5.9,28.8,70.8,61.1,61.0,61.1,73.2
Khammam,Telangana,905,94.4,35.0,1.4,10.9,95.4,84.9,76.3,97.3,66.7,34.9,99.4,93.2,3771,91.5,97.9,39.0,0.5,93.2,69.2,78.0,59.7,86.6,94.3,95.0,89.2,92.4,95.0,31.5,2.7,92.4,70.9,96.1,4.0,6.7,9.3,30.6,7.2,8.7,22.2,24.7,15.0,26.2,6.0,36.1,60.5,62.2,68.8,62.4,61.7
Komaram Bheem Asifabad,Telangana,917,83.1,25.0,1.3,4.6,79.6,80.0,68.8,91.8,49.0,18.8,96.7,85.5,4121,81.9,82.0,55.7,5.7,83.4,27.2,68.4,16.6,76.2,93.5,98.0,78.2,98.0,96.4,42.1,17.9,95.9,75.0,96.5,3.5,7.1,2.2,42.6,8.1,9.4,38.1,35.7,14.4,41.1,2.7,14.0,70.7,67.3,65.8,67.3,74.5
Mahabubabad,Telangana,885,91.0,28.3,0.5,6.6,92.8,87.8,67.7,94.0,52.1,32.4,98.1,91.5,3234,94.3,97.7,41.5,1.9,95.4,74.0,87.0,60.5,76.1,96.8,89.7,76.1,87.4,87.4,21.4,0.0,87.4,73.6,100.0,0.0,11.2,1.5,50.5,3.7,3.4,33.0,19.3,5.2,26.3,3.6,23.7,81.1,63.0,54.1,62.8,70.3
Mahabubnagar,Telangana,789,91.9,23.4,2.0,9.2,95.6,86.2,62.6,90.2,69.1,45.5,98.7,84.9,2369,85.5,98.1,59.2,1.0,97.6,43.4,72.2,25.9,89.4,98.1,98.2,89.4,96.5,96.5,41.6,0.0,89.3,70.8,90.7,1.5,4.0,2.4,42.9,5.8,5.4,42.6,17.8,8.7,33.0,4.1,24.0,82.6,55.1,44.9,54.7,61.2
Mancherial,Telangana,909,93.2,14.0,0.9,3.7,88.1,86.7,64.7,89.6,68.1,49.0,93.6,87.7,3041,85.3,90.1,33.9,4.0,96.9,67.9,92.6,46.8,76.0,87.4,100.0,83.0,92.7,87.5,46.5,4.9,81.7,63.9,75.8,24.3,12.6,1.1,24.2,4.3,5.9,25.9,22.1,10.0,27.4,3.4,24.6,58.7,57.1,,56.7,62.3
Medak,Telangana,848,85.3,31.8,0.9,6.5,89.3,78.9,68.5,81.3,41.8,23.4,97.7,80.8,6139,89.8,98.9,62.2,1.1,92.9,51.3,76.1,37.6,69.3,91.1,93.2,72.0,87.6,82.7,41.0,21.0,85.4,85.2,100.0,0.0,13.3,1.2,32.9,10.3,12.3,36.4,21.3,3.5,42.0,1.1,23.3,70.0,54.8,,54.4,57.7
Medchal-Malkajgiri,Telangana,828,95.0,10.2,1.1,3.1,97.1,89.4,69.6,92.2,60.8,31.8,96.2,90.6,3534,90.1,98.3,39.4,1.6,96.2,61.0,72.9,45.9,76.1,87.6,87.1,79.9,88.4,89.0,36.5,1.3,88.4,69.5,81.9,18.1,6.4,4.1,42.9,9.7,10.9,33.4,12.0,5.0,25.0,1.2,41.8,73.8,57.4,,56.8,56.1
Nagarkurnool,Telangana,771,91.4,32.1,1.9,5.3,96.6,92.4,75.1,88.5,65.9,41.1,97.0,90.3,2975,91.0,98.0,56.2,2.0,94.5,53.0,73.7,39.5,81.1,98.3,91.9,81.1,88.8,90.1,37.0,1.7,86.7,64.7,98.1,1.9,3.6,2.9,41.0,4.4,5.4,35.1,27.3,7.0,30.9,2.5,22.8,75.1,53.5,,54.0,62.1
Nalgonda,Telangana,883,80.4,28.2,1.0,6.0,96.9,90.5,65.7,91.8,66.8,40.1,98.7,92.2,4320,95.3,98.3,57.4,1.7,99.0,65.7,90.0,50.4,78.3,79.9,94.1,81.2,91.2,94.1,32.5,2.9,91.2,72.6,97.0,3.0,4.6,5.2,48.5,6.2,7.1,31.7,29.8,14.5,28.0,1.7,28.5,74.5,54.2,58.3,54.3,60.6
Nirmal,Telangana,1138,94.0,23.3,1.8,9.6,78.7,85.2,69.7,91.2,58.7,34.6,96.9,87.2,5080,91.0,96.7,31.3,0.5,91.6,77.3,90.3,58.6,75.3,77.2,100.0,83.3,89.5,97.2,50.1,17.2,87.7,84.1,88.9,5.9,7.8,0.0,20.9,10.2,10.5,31.7,18.1,6.6,33.4,1.4,22.5,65.3,58.1,47.2,57.7,57.3
Nizamabad,Telangana,941,90.4,23.7,2.1,3.8,88.8,87.9,78.5,80.0,40.9,28.2,96.2,79.5,5262,85.9,97.3,46.4,1.0,91.8,66.7,90.0,45.0,86.1,81.5,95.0,87.8,96.7,95.3,57.9,13.4,94.4,83.0,96.5,3.5,16.2,1.1,25.6,18.0,18.4,30.5,26.2,4.3,38.4,2.8,27.5,65.3,57.7,38.9,57.0,65.2
Peddapalli,Telangana,913,87.9,13.6,0.7,4.6,93.2,83.5,77.9,87.0,61.0,41.9,92.9,87.6,3850,89.8,96.5,45.8,0.0,96.2,71.6,88.8,58.2,73.1,79.4,100.0,76.1,97.0,97.0,34.9,0.0,94.5,66.3,100.0,0.0,11.6,2.0,26.3,14.0,13.8,27.5,28.8,15.6,33.1,1.6,26.1,69.6,64.6,,64.6,78.3
Rajanna Sircilla,Telangana,1115,91.2,13.2,1.9,3.0,92.2,90.4,67.1,96.3,55.2,34.0,99.0,89.9,3065,90.1,97.6,37.7,1.2,95.4,77.2,90.9,60.6,84.1,85.1,96.4,86.1,94.4,94.8,41.9,1.5,92.8,73.3,96.8,3.3,6.1,2.1,32.5,8.1,7.8,22.4,19.4,8.9,26.1,2.3,23.8,65.7,56.6,36.6,56.0,61.4
Ranga Reddy,Telangana,964,93.4,29.0,1.1,5.2,95.3,95.5,75.1,90.3,48.2,26.6,95.3,89.8,3499,90.0,97.2,48.2,1.2,92.7,57.8,75.7,42.9,85.8,91.9,94.1,85.8,89.2,87.6,30.5,0.0,87.8,67.8,92.8,7.2,5.3,1.1,40.3,7.6,7.2,37.8,13.9,5.1,29.5,4.0,40.6,75.8,53.6,44.8,53.2,58.0
Sangareddy,Telangana,1039,79.7,30.6,1.2,4.4,92.2,82.8,66.4,89.5,44.0,21.6,98.3,84.7,4718,89.0,93.0,63.2,4.4,95.1,43.2,71.6,34.6,78.5,76.3,95.0,81.4,90.2,89.7,26.5,15.8,80.5,74.0,98.1,2.0,12.3,0.8,32.2,2.7,6.4,32.9,25.0,5.9,35.1,3.0,29.4,67.0,47.9,63.9,48.3,59.5
Siddipet,Telangana,976,90.0,19.0,0.0,1.0,88.4,86.1,62.6,89.8,60.6,41.5,98.9,74.1,5528,85.9,99.7,47.3,0.4,90.5,69.0,81.2,56.0,63.1,81.5,93.0,65.1,84.2,88.6,40.0,13.4,81.2,81.0,95.3,4.7,8.3,3.1,34.9,13.6,14.1,28.1,19.3,4.7,29.6,1.5,26.8,63.5,56.9,,56.7,76.6
Suryapet,Telangana,980,92.7,29.5,1.2,6.2,95.5,92.7,70.4,87.1,67.1,38.9,99.7,88.6,3615,88.7,95.9,40.5,4.1,94.2,77.0,88.4,69.1,70.4,79.3,88.2,74.2,84.5,85.4,25.6,0.0,80.5,70.2,92.1,7.9,4.6,4.3,22.5,9.5,15.1,29.1,24.9,8.8,30.1,2.8,33.9,76.6,58.1,39.8,57.5,64.5
Vikarabad,Telangana,775,91.6,39.8,2.0,10.0,93.3,78.0,54.8,83.2,37.2,24.4,98.7,80.8,3201,86.9,95.0,54.9,2.0,86.7,48.0,69.5,36.6,86.2,88.7,98.4,87.7,90.7,93.6,33.9,3.4,89.2,66.1,98.4,1.6,13.0,2.5,39.7,10.8,11.1,32.1,20.0,5.8,37.1,0.8,25.7,70.0,61.3,,61.0,62.0
Wanaparthy,Telangana,987,90.5,32.6,4.6,4.7,95.5,91.4,62.8,92.6,64.3,38.8,100.0,87.6,2989,83.6,99.0,51.4,1.1,96.6,50.9,68.3,35.8,87.0,94.7,97.3,87.0,91.9,97.3,30.4,0.0,86.9,71.4,100.0,0.0,5.0,1.7,43.5,1.8,7.5,40.4,15.1,4.4,33.2,4.9,23.5,75.3,58.5,63.5,58.7,65.2
Warangal Rural,Telangana,698,82.6,22.9,1.8,12.9,93.5,86.8,70.4,82.3,51.9,35.2,98.7,93.8,3713,90.5,100.0,63.1,0.0,94.5,71.8,84.1,64.6,79.0,83.6,93.0,79.0,93.0,93.0,39.3,0.0,93.0,83.7,100.0,0.0,14.4,4.6,33.8,5.6,5.1,36.1,19.0,8.9,37.9,2.4,26.4,71.5,59.2,61.5,59.3,64.3
Warangal Urban,Telangana,829,82.4,22.7,1.3,4.3,96.4,88.4,71.3,96.2,63.7,38.9,96.4,92.6,2825,92.3,99.7,41.9,0.0,93.0,69.3,87.9,44.2,70.1,86.8,89.2,72.7,83.3,91.8,54.9,1.6,80.0,78.5,91.4,8.6,8.7,4.3,29.8,5.5,9.3,29.5,29.5,12.6,36.0,4.4,32.0,67.0,57.8,,57.9,54.9
Yadadri Bhuvanagiri,Telangana,954,93.8,21.6,3.0,1.7,94.8,92.1,67.2,91.5,60.5,35.7,97.9,93.2,3082,94.9,97.7,54.9,1.2,94.1,68.2,80.8,61.3,76.7,84.3,95.2,80.2,87.2,90.0,37.9,5.1,87.0,69.6,97.0,3.0,6.0,1.1,43.7,4.5,3.9,38.3,10.3,3.0,27.2,5.5,24.6,65.3,54.3,38.5,53.8,60.1
Dhalai,Tripura,1160,94.2,38.9,0.3,26.9,63.2,58.1,52.0,97.8,26.0,8.8,90.7,72.4,4010,73.1,87.3,84.5,0.5,87.7,10.1,,10.1,73.7,76.7,97.6,73.7,89.0,90.2,29.1,68.4,86.2,58.2,100.0,0.0,4.9,1.5,44.0,14.9,14.3,45.7,15.9,7.7,27.6,13.1,19.1,81.2,69.7,75.4,70.0,65.4
Gomati,Tripura,1043,92.9,42.8,0.0,24.4,71.5,54.0,40.6,91.7,22.0,6.6,91.1,66.3,10954,68.6,93.2,90.0,0.5,94.1,23.6,,23.4,67.1,85.1,91.8,75.6,83.9,89.9,16.7,34.8,80.6,74.6,95.1,0.0,9.8,1.6,24.8,13.4,12.6,22.7,27.6,11.2,29.0,3.4,19.6,70.7,62.6,52.8,62.3,63.2
Khowai,Tripura,959,94.8,28.3,0.0,24.3,69.2,57.2,41.5,96.8,38.0,16.6,97.7,59.7,7328,62.9,95.7,90.7,1.6,95.2,27.8,,25.6,60.7,65.8,96.1,60.7,87.7,85.7,22.5,63.7,85.7,68.1,100.0,0.0,0.7,2.0,20.9,12.3,12.9,47.0,16.6,6.2,24.7,8.1,15.4,73.4,63.7,63.7,63.7,64.8
North Tripura,Tripura,913,93.5,34.2,0.6,11.9,74.2,75.5,67.1,95.0,17.3,3.8,93.8,76.6,4418,77.4,85.4,65.2,1.3,86.7,18.2,42.8,14.7,69.6,67.9,93.1,74.1,77.5,74.6,9.5,50.9,74.6,61.6,97.6,0.0,5.7,0.7,61.1,12.6,11.8,26.2,30.0,18.1,32.2,9.0,16.8,52.5,69.6,55.3,69.3,72.3
Sepahijala,Tripura,930,95.3,51.9,0.5,26.6,68.3,61.9,52.8,90.2,18.8,6.8,93.0,72.1,8389,70.1,87.7,81.7,1.1,87.2,21.8,,21.3,70.3,78.6,97.6,78.1,89.6,84.7,18.8,60.8,86.8,80.8,97.4,0.0,9.9,0.4,46.4,11.9,12.8,34.5,14.9,6.7,21.0,12.4,24.2,72.1,69.8,55.8,69.4,70.4
South Tripura,Tripura,1136,91.7,46.2,0.9,23.1,49.6,54.2,58.4,89.4,29.5,13.3,84.6,68.0,7199,67.7,89.7,80.9,0.7,88.6,20.4,,16.1,48.5,65.6,89.0,57.3,81.1,83.7,19.3,55.6,72.7,75.2,100.0,0.0,11.3,3.2,15.8,10.5,9.9,25.5,15.3,5.2,21.6,5.0,22.8,59.6,66.8,57.1,66.5,70.8
Unakoti,Tripura,1036,91.7,38.0,0.4,21.2,56.8,41.0,24.6,95.6,31.6,14.3,89.4,44.5,7693,46.7,71.5,55.4,2.9,66.0,11.2,42.9,7.7,58.3,66.7,85.1,63.0,78.0,83.6,16.8,57.3,74.8,73.7,96.7,1.5,6.2,1.6,21.7,8.8,9.4,31.8,19.3,4.0,32.0,1.9,16.6,62.8,67.4,76.7,67.9,72.9
West Tripura,Tripura,1048,94.9,37.1,0.0,20.2,81.5,78.7,61.2,99.3,31.8,7.1,98.1,87.7,5556,88.7,95.3,79.8,1.6,96.9,47.7,94.2,41.4,88.4,93.7,100.0,88.4,94.1,94.1,33.6,74.7,91.7,73.0,93.6,6.4,2.4,0.5,38.0,17.3,18.6,30.3,11.7,2.1,21.2,8.7,26.8,54.5,67.6,56.2,67.3,64.9
Saharanpur,Uttar Pradesh,1022,85.4,7.0,4.7,1.3,76.7,78.7,52.4,97.4,25.7,7.5,96.8,83.6,4537,79.1,81.7,53.5,5.3,86.9,15.4,37.6,9.1,89.2,93.4,97.3,91.0,92.9,93.7,35.7,56.9,92.0,82.7,93.7,4.5,6.1,3.9,26.7,5.4,5.6,28.8,22.0,12.9,26.7,1.9,16.4,68.1,41.8,30.1,41.4,46.9
Bijnor,Uttar Pradesh,951,85.7,5.2,3.7,1.2,77.0,68.7,48.8,93.8,21.8,6.2,96.0,82.4,2240,81.9,83.7,30.6,6.5,89.4,22.4,40.1,3.7,90.6,96.7,96.7,90.6,92.6,92.6,35.4,87.0,92.6,78.2,89.6,1.2,3.2,1.7,31.3,6.9,6.8,36.2,9.4,2.0,21.9,2.7,28.0,60.9,45.9,47.0,46.0,46.8
Rampur,Uttar Pradesh,968,71.5,10.5,3.5,3.5,74.3,73.8,50.4,94.5,32.7,12.5,97.8,72.5,2245,72.5,81.0,44.7,3.6,81.1,16.7,40.0,4.8,79.4,81.9,96.1,80.7,88.7,91.7,31.4,61.8,88.7,56.9,97.1,1.3,5.0,5.3,39.6,7.7,6.9,40.4,17.6,5.9,32.1,2.1,20.6,69.6,55.7,51.2,55.4,59.3
Jyotiba Phule Nagar,Uttar Pradesh,860,78.1,11.6,4.7,4.0,74.0,70.4,43.9,87.2,23.5,4.2,95.1,77.7,1736,79.5,81.1,31.3,6.2,86.7,20.3,36.4,6.9,72.9,91.1,95.3,78.0,86.1,84.4,33.6,61.1,85.2,76.4,92.5,0.0,5.5,0.4,30.3,17.9,16.8,42.2,22.5,12.5,35.4,4.6,19.7,69.6,47.9,40.4,47.6,51.7
Meerut,Uttar Pradesh,926,80.2,7.6,5.4,2.4,83.6,73.4,49.9,92.5,35.5,13.8,95.7,81.2,1726,81.2,80.6,25.7,8.3,88.8,19.9,29.9,13.7,82.5,92.2,97.8,83.3,91.6,92.4,36.7,79.5,91.6,79.3,89.8,1.3,2.8,2.0,27.2,6.8,8.7,32.1,10.2,2.1,23.7,1.3,38.5,55.2,45.5,44.9,45.5,45.1
Baghpat,Uttar Pradesh,818,75.7,8.1,5.3,2.7,81.4,79.4,42.4,93.1,33.8,8.6,96.1,79.1,2001,82.3,80.9,44.0,3.6,82.3,12.6,23.7,8.8,83.9,93.0,92.8,86.4,91.5,87.7,30.5,81.2,91.5,73.5,92.9,0.0,4.0,0.6,18.3,10.6,9.1,25.5,10.3,3.9,26.0,1.7,34.5,60.2,52.6,70.7,53.3,56.5
Gautam Buddha Nagar,Uttar Pradesh,735,84.1,13.5,2.9,2.1,89.6,75.3,52.7,96.1,34.1,19.5,97.6,85.4,3626,84.0,86.6,32.4,3.5,90.1,19.8,31.1,9.0,68.2,90.4,94.6,69.7,86.4,87.6,26.6,74.0,86.4,72.3,83.0,6.5,4.7,5.2,33.4,7.4,6.9,25.5,12.0,3.5,21.9,0.6,34.7,62.9,59.3,61.9,59.4,57.8
Bulandshahr,Uttar Pradesh,841,73.8,12.8,4.8,5.5,79.0,78.3,47.6,94.8,30.4,7.8,97.1,82.5,1709,82.8,83.5,49.1,5.1,86.7,17.0,40.0,6.5,67.3,84.7,92.9,70.9,80.0,77.9,33.6,65.6,81.0,69.6,92.5,0.5,5.4,1.8,21.7,9.9,8.9,37.6,13.8,2.6,26.5,2.9,32.2,64.1,51.5,61.2,52.0,54.0
Aligarh,Uttar Pradesh,1030,64.6,15.8,3.9,4.5,79.6,69.5,44.7,93.9,25.2,12.6,98.1,82.1,2638,80.3,82.6,49.2,2.9,85.5,18.7,45.6,7.0,70.1,83.9,93.3,72.4,78.6,81.8,40.6,69.5,77.6,69.4,89.7,3.7,5.6,3.2,43.4,9.1,9.9,35.0,10.9,4.0,26.3,2.0,29.4,62.6,56.4,59.0,56.5,52.5
Mahamaya Nagar,Uttar Pradesh,989,54.3,28.1,4.8,5.7,66.9,49.1,27.8,87.9,15.0,6.5,90.0,50.8,2896,51.8,80.3,54.0,5.0,82.5,13.9,40.7,5.8,71.6,79.5,95.1,76.1,85.2,88.4,40.1,27.6,72.6,61.7,92.5,4.2,11.5,7.6,34.7,5.3,5.9,39.1,12.0,4.7,24.5,3.7,23.8,72.1,58.1,61.0,58.2,60.9
Mathura,Uttar Pradesh,930,63.6,21.3,6.0,6.4,74.7,59.3,39.3,87.0,14.1,3.7,89.8,62.8,2650,67.2,79.5,36.9,4.3,81.5,15.7,32.3,5.2,73.6,80.5,98.3,75.0,91.7,90.3,43.2,23.9,84.4,69.7,91.8,3.2,9.3,6.4,24.5,2.4,2.6,31.6,11.0,3.2,21.3,2.1,25.4,77.2,63.5,55.2,63.0,67.8
Agra,Uttar Pradesh,902,76.1,17.9,3.3,3.5,76.5,62.1,42.7,91.1,20.9,11.3,85.9,77.2,1879,75.2,89.1,43.0,1.4,90.1,18.8,31.6,9.9,74.1,78.2,99.1,75.8,92.2,96.4,48.4,45.6,91.3,71.9,87.5,5.7,6.8,4.5,19.5,10.7,10.6,35.9,16.4,4.6,26.2,3.4,25.2,73.0,59.4,61.8,59.4,61.4
Firozabad,Uttar Pradesh,871,65.4,24.8,4.8,3.6,70.0,58.3,39.3,84.7,14.9,4.6,92.7,73.7,1791,72.0,80.1,56.4,4.2,83.3,10.7,38.5,2.7,67.1,72.9,94.9,72.1,79.4,79.7,28.5,19.7,75.1,52.9,91.5,2.6,7.0,3.9,28.4,8.3,6.8,46.9,9.5,3.8,25.6,4.8,24.3,73.9,57.7,45.8,57.1,61.8
Mainpuri,Uttar Pradesh,837,63.4,16.0,5.5,4.0,71.3,63.7,38.1,92.0,16.2,3.0,95.6,63.3,2390,66.9,82.7,59.7,2.2,84.7,8.2,30.1,2.2,75.0,87.7,94.5,80.5,86.1,89.2,32.6,22.1,79.4,68.3,93.5,3.4,5.7,4.9,30.3,11.0,10.1,44.3,14.6,6.7,33.6,4.0,21.7,70.4,58.2,48.4,57.8,61.4
Bareilly,Uttar Pradesh,1084,73.1,11.4,3.5,5.6,71.9,72.2,43.1,96.9,18.0,6.1,94.8,75.2,1919,75.4,75.1,40.3,3.5,77.8,15.5,37.9,5.7,70.5,91.0,95.4,73.0,85.8,88.7,38.5,57.4,85.8,80.2,91.9,5.0,4.4,2.5,42.7,11.1,10.5,45.9,15.4,5.6,35.2,1.4,25.0,67.7,61.3,50.9,60.8,66.2
Pilibhit,Uttar Pradesh,814,74.2,16.2,1.4,4.6,71.1,67.5,43.6,91.1,26.3,4.8,98.8,72.6,1458,71.2,76.2,50.2,6.2,80.2,19.0,54.2,9.7,92.3,90.4,97.0,92.3,94.0,95.6,34.8,70.2,87.3,78.1,97.2,1.5,8.6,3.7,29.1,10.1,8.9,38.9,20.1,7.5,39.4,1.4,21.4,57.3,52.6,40.1,52.0,58.4
Shahjahanpur,Uttar Pradesh,1064,64.9,20.9,4.2,4.6,59.6,61.4,35.3,95.2,24.5,5.8,98.2,62.8,1394,63.6,63.3,47.8,5.7,68.3,8.6,42.2,4.3,76.5,84.5,97.3,80.8,88.1,89.1,35.4,48.6,87.3,76.7,97.2,2.8,5.8,7.3,27.6,5.7,6.7,44.5,17.0,8.1,34.7,3.2,17.2,75.4,60.6,56.0,60.3,58.7
Kheri,Uttar Pradesh,901,76.1,19.7,2.0,3.6,58.1,53.9,48.0,89.9,12.0,7.8,93.6,60.5,2126,55.7,82.8,68.0,3.7,81.2,14.2,65.8,6.7,69.5,76.2,88.3,69.5,77.5,78.4,26.7,56.4,75.2,65.4,91.0,1.3,3.7,1.3,27.0,3.3,4.4,47.6,15.8,3.9,36.3,2.2,16.4,66.3,52.8,56.1,53.0,52.5
Sitapur,Uttar Pradesh,1011,88.7,20.8,4.0,3.4,55.5,66.8,35.4,91.2,18.0,9.6,94.8,71.5,1577,67.9,84.8,70.4,5.5,87.8,8.4,35.7,4.6,65.9,72.2,91.7,71.1,81.8,80.5,35.1,51.4,80.7,89.4,95.9,1.0,9.5,5.4,24.3,3.1,4.1,47.8,18.2,6.5,37.9,2.9,15.4,66.4,55.2,57.8,55.3,61.2
Hardoi,Uttar Pradesh,1097,77.8,19.3,4.6,2.8,63.8,68.0,39.7,92.6,23.8,13.2,96.2,67.0,1679,62.8,73.9,61.3,8.2,79.1,7.0,43.4,2.5,63.3,62.4,88.7,67.9,76.8,79.0,28.1,37.5,75.3,78.4,98.8,0.0,5.1,3.4,20.4,8.0,7.6,44.5,22.3,9.9,33.0,5.4,13.6,76.1,59.5,63.3,59.7,61.1
Unnao,Uttar Pradesh,960,84.1,18.9,2.4,2.2,65.4,44.7,19.8,88.1,18.6,9.6,93.0,54.2,2405,60.6,80.8,62.6,5.7,81.2,18.3,64.5,10.4,58.6,62.5,88.8,63.2,71.5,76.7,21.4,26.2,64.8,74.1,88.3,7.4,8.0,2.3,11.7,5.8,5.2,39.2,12.1,5.1,29.3,7.5,20.6,76.0,49.6,33.8,48.9,49.6
Lucknow,Uttar Pradesh,981,86.0,9.9,1.2,2.1,84.8,74.8,53.1,96.0,22.8,15.9,96.2,78.7,3489,71.3,91.3,47.2,1.6,87.9,36.7,55.9,25.6,68.9,84.5,87.5,73.1,78.2,78.7,34.0,61.3,75.8,70.2,94.1,5.9,4.9,1.4,19.8,3.0,2.3,32.1,11.5,1.4,25.5,2.0,34.8,52.9,55.9,,55.8,52.8
Farrukhabad,Uttar Pradesh,789,67.7,18.8,4.3,4.1,61.0,71.4,41.5,94.8,24.5,10.5,91.7,72.5,1611,72.0,69.3,48.8,7.1,74.7,10.0,38.8,4.2,68.5,83.7,95.3,72.2,82.7,85.6,33.6,34.7,79.0,71.0,98.0,0.0,4.6,4.1,32.9,16.1,14.8,47.8,14.3,6.1,31.1,4.7,15.7,77.1,57.5,47.7,56.9,58.3
Kannauj,Uttar Pradesh,1038,81.1,10.4,4.3,1.3,66.5,65.6,46.4,92.9,25.4,10.5,96.2,70.3,1914,66.8,76.4,56.5,8.8,81.5,11.8,48.0,4.0,55.8,56.8,92.7,62.9,73.2,82.2,31.6,20.6,68.0,72.7,99.0,0.0,5.6,3.5,12.6,13.4,13.5,43.0,21.5,10.8,33.5,5.2,18.8,79.6,65.2,66.4,65.2,68.8
Etawah,Uttar Pradesh,799,74.3,16.3,2.6,2.2,76.5,67.9,43.7,93.6,28.7,13.1,94.6,79.3,1692,79.5,85.2,70.1,3.1,88.0,11.2,45.1,6.3,77.7,87.2,100.0,82.2,88.0,92.7,31.1,32.2,88.0,73.9,97.4,2.6,5.8,4.8,30.4,7.1,6.2,38.8,13.9,6.2,24.3,2.6,23.7,74.0,57.6,51.9,57.4,65.6
Auraiya,Uttar Pradesh,880,87.2,18.1,2.3,4.9,77.1,72.2,50.4,91.3,23.7,10.7,98.6,77.8,1182,73.3,90.1,72.8,4.1,90.9,8.0,36.1,2.4,82.5,84.3,95.6,84.7,89.4,89.4,23.4,74.5,88.3,84.7,99.1,0.9,6.5,3.2,19.3,5.2,6.1,39.7,19.4,9.2,32.6,7.3,19.3,64.2,39.0,42.1,39.1,44.0
Kanpur Dehat,Uttar Pradesh,1027,77.5,12.7,4.1,1.9,76.2,66.8,54.4,87.9,24.0,13.7,94.2,67.9,1993,62.6,84.3,69.2,4.4,83.8,8.3,45.3,2.1,56.3,68.0,85.5,63.9,69.0,73.5,20.0,24.2,67.8,67.9,94.7,2.3,4.4,1.5,26.3,6.0,5.4,44.1,12.5,6.7,32.8,6.8,19.6,69.2,54.6,60.2,54.9,55.6
Kanpur Nagar,Uttar Pradesh,816,84.0,10.9,1.7,3.4,87.6,78.4,69.9,95.0,26.6,14.1,95.6,71.1,2645,70.6,86.6,60.3,5.0,87.0,19.3,46.0,11.9,72.8,81.2,93.7,77.4,74.7,78.6,32.2,23.7,72.9,81.6,96.4,3.6,7.1,3.9,34.8,4.6,3.7,34.6,21.4,12.6,27.8,5.8,25.2,76.3,57.4,46.3,57.0,63.0
Jalaun,Uttar Pradesh,797,84.8,16.9,2.6,2.2,80.1,67.9,62.8,92.1,20.5,11.4,98.8,67.5,2194,65.9,85.1,70.0,6.1,85.6,12.1,60.6,4.1,66.2,64.7,90.3,71.7,71.6,79.1,18.9,32.0,69.8,77.3,100.0,0.0,1.2,0.8,37.3,3.0,2.8,45.1,19.5,8.5,36.1,2.3,14.6,55.2,44.0,52.7,44.2,39.5
Jhansi,Uttar Pradesh,927,93.8,25.1,1.9,3.5,82.1,70.3,36.6,90.6,24.7,13.1,95.9,80.4,1090,76.1,92.9,75.6,3.8,93.4,12.8,47.3,6.1,44.5,53.9,94.0,55.0,69.2,73.6,26.4,30.3,62.6,79.1,98.5,1.5,4.9,3.4,12.7,7.3,10.7,40.9,25.2,10.4,39.3,3.3,12.6,70.3,41.5,35.7,41.3,40.2
Lalitpur,Uttar Pradesh,998,87.3,42.5,3.1,9.4,63.8,65.7,45.7,89.6,26.8,9.9,98.2,71.1,1381,64.8,90.8,86.6,2.4,84.5,6.4,,4.8,70.8,73.0,94.7,77.8,80.9,81.9,29.0,38.9,79.1,78.7,100.0,0.0,2.7,0.8,29.2,4.8,4.8,46.6,18.7,7.5,34.8,6.7,13.2,56.0,37.5,51.0,38.1,42.0
Hamirpur,Uttar Pradesh,882,98.0,10.5,2.6,1.4,77.4,77.7,43.2,94.5,27.1,11.5,99.7,87.2,965,79.0,96.3,88.0,1.8,96.2,10.7,56.9,6.8,77.1,79.8,97.5,84.5,86.6,92.5,45.1,45.0,81.3,87.1,100.0,0.0,8.4,2.7,19.9,5.8,5.8,48.0,20.6,10.7,36.3,9.1,9.3,68.5,46.4,34.5,46.1,49.7
Mahoba,Uttar Pradesh,1056,97.4,20.8,4.2,4.0,77.9,76.0,46.2,92.5,27.7,13.7,98.4,86.3,1213,80.8,96.3,87.6,1.9,97.0,9.6,62.8,4.7,70.7,73.9,90.8,78.8,78.4,78.2,35.0,54.3,78.4,88.8,100.0,0.0,6.6,4.0,20.1,7.3,7.5,42.3,25.0,11.7,33.4,5.0,10.6,70.1,49.5,45.2,49.4,53.5
Banda,Uttar Pradesh,971,93.4,19.0,5.5,2.5,52.6,66.9,39.0,90.0,18.0,2.4,95.1,73.7,1132,65.1,89.8,85.9,4.4,92.5,4.2,,2.3,62.9,64.9,95.0,65.6,73.5,80.1,28.6,39.3,71.9,81.2,97.4,1.2,2.4,3.5,16.9,5.9,9.5,51.0,25.7,13.0,49.8,6.3,13.5,82.2,52.3,50.3,52.2,54.5
Chitrakoot,Uttar Pradesh,889,83.3,21.8,2.8,3.5,55.8,53.7,30.3,79.9,13.4,7.2,93.9,50.3,2331,49.6,81.1,75.0,6.0,78.4,5.3,51.2,3.0,63.7,68.9,84.8,68.0,76.8,80.7,32.4,54.5,72.8,80.6,92.3,4.8,3.2,1.9,26.9,8.9,8.4,47.5,24.8,12.0,41.8,6.7,14.5,55.3,46.7,43.9,46.6,51.9
Fatehpur,Uttar Pradesh,890,84.3,10.4,3.7,3.3,70.4,56.3,38.1,90.2,17.7,6.8,96.8,66.8,2145,65.5,81.4,64.6,7.2,85.6,7.0,26.7,3.9,55.7,63.5,90.0,61.8,76.0,71.5,29.3,20.2,69.8,76.3,91.3,6.0,2.9,1.9,13.9,3.0,3.5,51.1,17.8,9.1,38.0,3.6,15.8,78.1,63.7,49.0,63.0,60.5
Pratapgarh,Uttar Pradesh,1034,85.7,11.0,2.3,0.7,69.1,57.2,30.6,93.4,22.8,8.2,94.1,71.1,3814,67.3,90.8,62.6,4.5,93.1,11.8,28.3,6.1,75.0,92.1,89.1,78.2,82.8,87.6,22.4,42.8,80.6,69.3,96.1,1.3,2.8,1.6,13.2,5.9,4.2,35.5,10.0,2.5,27.7,1.3,25.0,58.0,49.9,27.1,48.9,51.6
Kaushambi,Uttar Pradesh,972,82.4,17.6,3.7,2.9,67.1,72.2,34.0,91.2,21.3,11.5,96.0,74.2,1628,67.9,88.6,72.3,5.4,92.8,8.9,39.7,3.4,65.7,77.1,92.0,70.7,73.8,79.1,30.2,57.2,73.6,79.8,98.9,0.0,3.9,1.8,27.8,5.9,6.1,40.2,18.3,4.3,36.8,0.8,17.3,65.5,54.6,49.6,54.4,54.8
Allahabad,Uttar Pradesh,1191,74.9,13.8,6.3,2.0,79.9,58.3,45.9,88.3,22.3,12.0,95.8,67.5,2243,59.6,83.2,52.6,6.1,85.5,15.7,43.4,4.6,55.8,67.8,85.4,58.4,67.2,70.9,15.5,53.6,66.2,60.7,95.6,1.7,3.8,0.7,24.8,0.0,0.0,37.9,15.1,4.3,32.6,1.0,25.5,50.5,46.5,43.0,46.4,49.1
Bara Banki,Uttar Pradesh,951,68.1,20.4,3.9,3.4,58.1,43.3,22.6,83.7,12.5,5.3,91.6,41.5,3205,42.4,76.0,63.1,5.0,73.3,9.0,29.3,8.2,64.4,67.2,94.9,74.7,78.3,78.2,33.7,30.1,71.2,64.8,93.4,1.3,5.2,4.8,30.2,7.2,6.7,41.9,18.1,7.8,31.9,3.0,17.1,65.5,55.0,60.7,55.3,61.1
Faizabad,Uttar Pradesh,885,86.6,7.6,1.5,2.0,71.0,48.4,33.8,94.2,20.8,9.8,94.1,75.5,2525,71.2,89.1,63.3,3.2,91.6,21.2,59.3,9.3,68.7,82.9,88.6,71.2,86.4,82.5,27.7,62.7,85.1,65.1,97.3,1.4,2.5,0.7,12.5,3.5,2.9,30.6,12.4,2.0,27.5,2.6,24.5,57.7,52.7,39.3,52.3,52.7
Ambedkar Nagar,Uttar Pradesh,818,90.3,5.5,2.4,0.0,77.5,61.1,44.5,94.6,25.2,11.6,97.8,76.8,2611,74.5,92.2,49.8,3.7,87.9,16.0,29.0,7.4,75.1,91.3,90.0,76.7,84.9,83.5,28.3,55.6,84.9,80.0,91.0,0.0,3.0,1.6,20.4,2.8,5.0,31.1,17.8,3.9,29.2,1.9,20.3,54.9,52.9,47.9,52.7,55.0
Bahraich,Uttar Pradesh,848,78.8,37.5,4.6,8.4,48.4,40.2,34.3,86.0,22.4,14.2,85.9,52.4,1745,54.5,67.7,58.6,8.3,70.7,5.2,24.2,5.1,51.8,62.2,89.4,65.2,64.2,70.3,26.3,35.2,59.7,69.4,96.1,0.8,9.8,6.6,17.0,9.5,9.8,52.1,14.4,7.5,38.0,4.1,12.5,71.7,48.8,48.6,48.8,52.6
Shrawasti,Uttar Pradesh,971,75.5,51.9,3.8,5.3,47.4,42.2,42.4,94.4,16.6,8.8,95.9,68.3,1969,68.4,80.4,75.3,6.1,84.3,3.2,28.0,2.4,59.6,69.8,92.2,65.5,76.1,78.1,33.1,33.4,70.9,81.7,98.7,0.0,9.8,6.7,14.1,4.0,3.4,50.9,20.3,9.3,40.8,3.3,13.7,61.2,44.6,41.0,44.4,46.4
Balrampur,Uttar Pradesh,1034,81.2,35.0,3.2,4.1,53.0,55.2,41.0,91.4,23.9,12.4,95.7,62.1,1810,61.3,69.7,58.0,6.1,67.4,5.3,32.4,2.7,57.4,67.9,86.4,64.7,67.5,74.5,30.8,34.0,64.2,76.2,88.1,0.8,5.1,5.4,14.1,7.4,6.9,41.2,24.9,14.3,37.2,3.9,14.8,75.4,54.8,38.1,53.7,54.7
Gonda,Uttar Pradesh,896,73.0,25.4,2.0,4.2,61.4,44.4,41.7,90.4,17.2,12.0,97.1,68.6,2602,72.1,81.8,66.9,5.7,82.6,11.0,37.8,8.1,59.9,66.2,90.5,70.5,70.5,71.4,29.0,21.1,63.5,74.5,97.8,1.1,15.4,11.2,17.9,5.8,5.0,45.9,12.1,3.8,28.0,4.7,17.5,62.0,49.3,48.8,49.3,51.6
Siddharthnagar,Uttar Pradesh,852,85.2,33.9,2.8,3.7,63.0,62.8,60.9,93.8,31.7,17.9,98.3,61.8,1943,57.2,69.7,62.9,7.4,67.6,4.0,21.9,3.9,65.1,68.1,97.1,70.1,77.1,87.9,33.8,53.6,74.6,82.7,97.4,0.0,4.1,4.3,24.9,2.0,3.5,37.2,24.8,14.5,36.3,2.8,12.9,75.8,51.4,46.2,51.2,50.9
Basti,Uttar Pradesh,895,90.9,15.9,2.6,1.0,73.3,45.0,31.5,96.0,15.9,7.2,99.0,83.8,2062,81.6,93.2,79.2,1.7,92.0,11.6,49.5,5.9,73.8,77.4,93.1,84.6,76.3,86.0,33.1,45.6,76.3,78.5,96.5,2.2,10.4,7.7,12.1,6.1,5.7,35.9,24.2,15.2,39.2,2.7,16.8,58.4,40.3,28.8,39.9,41.1
Sant Kabir Nagar,Uttar Pradesh,835,82.6,16.8,2.5,1.9,63.4,62.1,43.2,93.7,23.8,9.8,98.3,72.5,2134,75.1,90.6,79.5,3.6,89.7,8.3,33.0,5.9,80.2,82.9,95.5,85.1,87.8,95.5,42.4,37.7,88.0,84.4,97.2,0.0,3.5,4.9,12.5,7.3,7.5,42.3,19.0,8.8,34.2,2.9,15.9,71.6,43.8,36.2,43.5,47.1
Mahrajganj,Uttar Pradesh,933,89.0,24.1,1.9,3.6,80.6,55.5,52.5,96.1,26.5,12.2,97.4,77.2,2398,76.4,93.3,77.5,2.5,92.0,14.7,57.7,7.2,76.2,82.8,96.8,82.7,92.4,91.9,30.1,68.5,87.4,81.1,94.8,0.0,3.4,4.2,13.4,7.7,8.0,40.5,21.8,9.1,37.4,3.4,19.9,60.5,47.3,38.9,47.1,43.4
Gorakhpur,Uttar Pradesh,943,90.3,14.6,1.7,2.4,78.3,63.9,56.3,96.3,29.3,17.0,98.6,79.1,2533,73.9,91.6,72.5,4.3,84.1,15.2,57.9,5.7,67.7,69.3,97.2,74.9,78.3,85.5,23.9,58.3,76.0,72.6,93.6,4.8,3.4,3.9,38.8,1.6,2.3,29.6,23.3,12.0,33.7,1.3,21.1,67.4,53.4,41.4,52.9,55.8
Kushinagar,Uttar Pradesh,1080,85.4,17.7,3.4,2.6,77.3,44.4,35.8,91.1,17.8,9.7,96.5,79.3,2571,74.7,89.4,71.1,4.3,93.1,12.0,50.9,3.7,65.4,82.9,91.9,72.7,85.0,87.7,31.9,44.1,83.9,77.3,97.4,0.0,4.6,5.9,16.7,3.2,3.0,32.2,24.3,9.0,36.6,2.2,20.2,52.8,42.7,31.9,42.3,45.7
Deoria,Uttar Pradesh,1002,86.7,13.7,1.9,2.1,76.9,55.9,42.5,93.9,13.8,7.4,96.2,77.2,1961,73.9,93.4,76.4,2.5,91.6,12.7,51.6,5.1,64.2,73.2,92.6,73.9,79.0,77.4,26.5,61.7,77.9,68.0,98.9,0.0,5.0,1.6,17.3,3.0,2.7,36.8,26.5,10.8,39.4,3.4,19.3,54.9,34.2,21.1,33.8,39.0
Azamgarh,Uttar Pradesh,839,85.7,12.0,5.2,0.3,79.3,53.7,38.5,94.4,19.4,9.9,96.6,72.9,4265,72.5,93.2,44.7,3.7,89.8,16.8,27.4,7.7,64.5,80.3,92.2,69.8,82.1,80.0,16.2,43.2,79.8,67.8,86.4,8.8,2.7,1.8,18.8,0.0,0.0,33.4,14.4,4.3,28.0,0.5,21.5,58.9,54.2,58.0,54.3,57.8
Mau,Uttar Pradesh,938,89.8,11.0,2.9,0.3,76.6,64.4,43.2,97.5,27.6,13.4,98.1,80.0,2476,75.7,94.7,58.9,2.7,90.7,14.5,33.3,4.4,59.1,63.3,98.8,73.2,74.6,76.7,19.5,41.3,69.3,84.5,97.1,1.6,4.7,2.6,37.1,3.6,3.2,25.4,21.2,9.6,30.3,1.2,20.2,62.7,44.5,37.2,44.3,53.8
Ballia,Uttar Pradesh,1062,85.6,9.9,3.5,1.7,71.6,64.0,30.5,90.0,15.8,2.8,95.8,76.6,2441,72.9,90.0,73.9,4.5,93.1,7.4,32.4,2.9,62.2,65.7,96.8,67.7,69.4,80.3,20.3,31.5,63.4,75.7,94.1,2.8,10.3,7.1,8.0,1.0,0.9,43.8,21.9,10.7,42.5,2.2,16.6,71.6,53.0,16.3,52.2,58.0
Jaunpur,Uttar Pradesh,898,94.0,11.8,3.0,0.6,83.5,47.9,47.6,94.0,14.8,7.5,98.9,82.3,2030,79.4,88.8,72.4,5.6,86.7,7.3,32.6,2.8,75.1,83.6,91.4,78.7,79.9,81.1,24.4,47.1,78.9,76.1,97.4,1.3,5.1,4.8,18.0,4.1,5.7,40.5,14.8,6.7,30.3,2.7,15.7,65.3,34.1,30.5,34.0,41.4
Ghazipur,Uttar Pradesh,972,74.3,13.5,2.8,1.9,77.6,58.1,29.2,93.7,10.6,2.1,97.7,71.5,2575,69.1,88.3,71.1,3.0,90.5,10.9,44.3,4.6,60.8,69.9,95.8,67.6,71.0,76.5,20.9,33.9,70.0,71.8,97.4,2.6,6.6,5.3,12.4,5.1,4.4,39.3,25.7,13.9,38.3,3.6,14.3,71.6,46.2,29.8,45.7,49.8
Chandauli,Uttar Pradesh,877,80.5,17.2,3.4,2.1,80.6,69.3,32.9,92.3,26.3,15.1,96.5,65.2,2530,63.5,86.2,53.4,5.0,85.1,18.5,48.0,5.2,70.6,82.6,90.2,72.6,82.6,82.7,24.0,64.0,81.5,75.9,100.0,0.0,4.4,1.2,28.0,3.1,3.5,39.5,17.4,7.4,29.9,0.6,23.1,64.6,48.5,55.4,48.7,52.4
Varanasi,Uttar Pradesh,885,95.6,10.4,2.2,0.0,85.6,74.3,51.4,95.0,30.1,10.7,99.0,85.1,3698,82.0,95.2,58.7,2.8,93.4,23.0,46.3,10.5,79.3,78.6,96.1,87.1,84.3,89.5,27.4,48.4,84.3,80.5,97.7,2.3,4.4,2.1,36.4,6.6,5.8,37.4,21.0,13.3,39.0,3.1,22.6,65.2,38.2,17.3,37.6,42.0
Sant Ravidas Nagar (Bhadohi),Uttar Pradesh,839,81.9,19.6,3.7,1.7,74.8,53.6,25.8,89.9,12.9,5.7,92.1,69.5,3299,67.5,90.3,47.8,3.7,92.3,18.9,37.8,5.9,62.2,72.1,87.8,69.1,78.6,80.6,27.3,59.1,77.8,63.9,96.5,0.0,4.1,1.6,7.8,3.5,2.9,42.7,9.1,2.4,26.5,2.3,26.5,59.2,43.2,53.8,43.8,39.7
Mirzapur,Uttar Pradesh,812,87.4,16.6,3.3,2.4,75.4,55.7,36.5,94.2,11.6,3.3,98.1,69.8,2576,69.6,91.1,62.1,1.6,88.6,17.6,43.7,8.0,68.3,83.3,92.9,74.0,77.7,80.9,30.0,55.5,77.7,72.0,100.0,0.0,3.8,2.6,8.7,4.2,4.6,43.4,12.5,3.3,27.6,2.9,22.3,59.8,42.3,36.4,42.1,43.6
Sonbhadra,Uttar Pradesh,974,82.6,17.7,4.9,6.9,68.9,63.6,36.4,86.0,28.0,12.5,95.8,59.9,1924,57.4,76.8,56.8,7.3,77.1,11.8,48.6,3.7,72.7,82.3,93.6,80.2,83.6,81.5,20.5,51.4,83.6,83.1,98.9,0.0,2.0,2.9,29.1,1.9,2.5,38.3,26.8,17.4,46.5,0.9,15.3,63.0,44.2,52.9,44.5,44.2
Etah,Uttar Pradesh,1004,57.6,20.1,4.1,4.3,64.5,54.1,33.6,92.3,20.0,4.7,96.2,60.2,1929,61.6,76.7,50.5,5.2,80.8,7.5,23.3,2.8,55.5,71.9,98.1,60.5,75.0,88.9,37.1,19.1,69.0,69.6,90.2,1.1,9.4,9.1,29.8,4.2,5.0,48.8,15.0,8.4,30.6,3.7,20.4,77.4,56.0,44.6,55.4,60.9
Kanshiram Nagar,Uttar Pradesh,997,55.3,23.2,5.0,7.6,55.4,61.2,38.1,85.9,22.4,7.2,93.2,62.0,1834,67.8,74.8,46.6,3.9,77.2,6.5,19.9,1.9,69.2,74.6,94.9,72.1,82.4,87.2,30.1,26.4,77.6,59.6,93.1,1.8,11.1,6.1,33.2,5.8,5.6,45.1,19.3,9.9,35.5,4.6,20.7,80.8,66.1,44.8,64.6,64.1
Amethi,Uttar Pradesh,844,87.5,14.9,3.3,1.9,71.8,72.6,31.7,93.5,15.9,10.4,96.8,76.3,2713,73.7,90.8,71.3,3.4,91.4,11.1,40.3,4.5,75.9,86.8,96.8,78.7,82.0,85.7,27.5,65.2,82.0,80.7,95.9,0.0,4.4,3.7,21.6,5.0,5.7,35.8,19.9,5.1,33.1,1.2,23.5,52.4,46.6,36.6,46.1,45.4
Budaun,Uttar Pradesh,870,59.2,22.9,4.1,7.0,58.8,58.5,40.6,90.1,15.9,1.9,94.4,62.4,3622,59.4,72.3,57.4,2.8,73.1,5.7,20.9,4.4,69.5,74.5,93.9,73.1,82.6,86.5,40.5,35.5,64.9,71.7,97.9,1.1,10.6,4.2,33.6,8.4,8.6,51.8,18.2,6.8,43.0,3.8,15.2,72.2,56.2,39.3,55.3,55.6
Ghaziabad,Uttar Pradesh,1182,86.8,8.0,3.7,0.6,91.7,77.2,62.0,86.0,47.8,22.6,95.5,84.8,2251,85.3,86.4,40.7,4.1,88.0,31.8,52.5,19.2,68.5,83.8,90.2,73.2,79.1,82.0,27.4,64.7,77.8,64.5,87.8,8.6,4.7,0.8,18.4,7.5,6.0,28.2,17.1,3.0,23.4,3.0,43.7,61.8,55.9,39.6,55.2,59.8
Hapur,Uttar Pradesh,785,75.1,7.1,5.0,0.8,88.6,80.1,53.3,96.2,29.0,12.6,98.9,83.0,1297,83.3,83.3,34.7,3.4,85.6,16.5,28.9,7.0,84.4,89.1,97.2,88.3,94.3,92.4,41.6,83.6,94.3,82.1,93.5,2.0,3.9,2.0,38.4,12.6,10.9,30.2,18.5,9.2,26.9,5.1,32.4,69.4,51.7,30.8,50.6,55.7
Moradabad,Uttar Pradesh,1022,74.4,9.6,4.3,1.5,78.5,73.7,33.2,95.1,17.2,2.9,97.6,76.1,5877,74.7,80.3,40.0,5.3,85.6,22.5,43.0,13.1,84.5,90.6,97.2,84.5,90.2,89.1,18.0,61.2,85.9,74.1,96.1,1.3,7.0,2.2,17.0,9.1,12.9,34.7,19.1,9.8,27.0,2.3,17.0,67.6,45.5,33.6,44.9,43.4
Muzaffarnagar,Uttar Pradesh,865,80.2,7.3,4.3,1.0,78.1,75.5,44.0,94.0,34.5,8.4,96.4,88.5,1747,87.3,87.0,45.0,4.2,89.9,22.4,33.3,18.7,69.5,79.6,91.1,74.1,75.5,77.6,23.6,62.2,75.5,72.9,93.8,4.1,6.4,0.5,18.2,18.3,16.1,29.8,20.7,9.9,29.9,4.2,28.1,65.4,46.2,40.2,46.0,48.8
Rae Bareli,Uttar Pradesh,871,78.1,14.3,2.7,1.3,70.9,58.8,43.6,90.7,16.0,4.8,97.3,60.1,1963,61.6,89.5,78.5,4.5,90.8,8.8,50.8,4.1,71.4,77.2,93.9,76.6,81.8,82.8,33.9,27.2,77.0,73.4,97.3,1.3,2.1,4.0,28.6,3.9,3.4,47.0,13.0,6.3,28.8,4.3,18.7,76.4,48.3,44.4,48.2,49.7
Sambhal,Uttar Pradesh,940,54.8,21.1,4.4,4.3,60.2,60.8,32.9,90.3,21.3,5.6,93.5,67.5,1214,67.5,74.2,45.1,5.2,78.2,8.1,25.5,1.4,83.0,89.6,95.7,84.7,89.6,91.3,27.7,73.5,88.7,72.7,86.1,0.8,5.4,2.1,31.5,5.9,5.6,51.6,14.1,5.6,29.8,3.8,19.6,69.8,51.1,53.0,51.3,57.3
Shamli,Uttar Pradesh,1029,87.0,10.8,6.6,2.3,74.1,82.7,41.0,97.6,25.0,6.7,98.3,81.3,1725,75.2,78.3,54.3,5.9,83.3,11.3,35.7,5.0,91.1,95.3,97.5,93.5,91.1,94.6,40.4,76.9,92.5,84.0,93.0,0.0,1.9,1.3,19.1,1.6,1.8,28.6,24.3,13.2,27.5,2.1,22.6,65.2,42.4,28.8,41.7,49.5
Sultanpur,Uttar Pradesh,997,86.8,7.9,0.9,1.1,74.8,59.6,47.0,93.4,27.8,12.4,97.7,70.5,2642,69.4,87.0,68.0,4.4,83.7,13.0,45.1,6.5,80.2,92.7,94.5,81.3,87.8,89.3,33.3,55.5,87.8,80.5,93.8,1.2,2.3,1.3,26.7,2.6,4.4,33.4,10.7,2.5,28.3,1.4,22.9,62.3,49.5,65.2,50.2,45.4
Uttarkashi,Uttarakhand,869,94.1,5.7,2.5,4.8,90.2,77.1,66.8,95.3,46.9,18.9,99.6,72.0,3168,72.4,85.9,77.0,0.4,84.5,6.2,28.7,4.8,81.8,91.5,89.9,86.2,94.3,95.8,29.4,44.4,94.3,55.6,100.0,0.0,4.8,1.7,61.7,7.4,7.6,34.1,10.6,5.4,23.5,2.7,21.5,73.6,60.8,64.0,60.9,66.1
Chamoli,Uttarakhand,1026,96.9,3.4,1.4,3.0,96.8,58.6,52.2,94.6,40.8,18.8,100.0,72.1,7882,67.8,73.9,67.3,2.8,75.3,8.8,,7.1,85.0,91.1,100.0,87.9,92.0,92.0,57.9,21.4,90.4,49.9,98.4,0.0,5.7,1.5,63.1,9.8,10.3,34.1,16.2,5.0,21.6,7.5,24.2,65.5,41.8,40.9,41.8,39.3
Rudraprayag,Uttarakhand,958,97.7,8.6,1.7,1.8,96.8,74.2,76.5,94.0,51.9,28.7,99.7,83.6,4156,82.2,86.6,81.0,3.8,85.8,16.7,,16.7,91.4,94.0,97.1,91.4,95.7,95.5,32.7,43.6,95.7,71.9,98.6,0.0,3.2,0.9,54.4,13.2,10.8,25.2,8.0,2.4,10.9,4.2,25.3,52.4,40.7,35.4,40.6,43.1
Tehri Garhwal,Uttarakhand,866,90.4,6.3,1.8,1.7,93.7,62.3,48.9,94.1,57.6,27.5,93.8,78.5,1827,80.4,82.2,59.3,2.0,77.6,15.0,40.7,9.7,83.0,77.6,100.0,85.0,98.6,98.0,38.6,10.4,96.5,59.5,97.3,0.0,3.0,2.5,41.8,1.8,1.5,29.3,12.8,5.2,20.7,2.2,20.9,61.7,41.9,54.0,42.2,46.9
Dehradun,Uttarakhand,823,95.6,6.6,1.0,0.4,94.1,83.5,75.3,98.4,57.7,33.2,98.0,82.4,4277,84.2,91.7,49.4,0.7,92.7,25.9,34.5,22.8,76.0,83.0,95.4,76.0,87.8,86.2,40.5,38.9,85.9,61.0,96.0,4.0,1.7,1.4,55.4,14.4,13.3,20.9,10.1,2.4,19.1,3.8,39.8,59.5,47.9,,47.9,45.6
Garhwal,Uttarakhand,1065,86.0,8.6,2.6,1.3,86.5,49.0,39.6,90.5,40.2,14.9,96.8,64.0,2382,70.7,76.0,59.4,2.4,76.9,9.4,33.6,6.4,76.0,80.4,90.6,81.7,81.8,90.2,26.4,13.9,84.2,48.3,96.1,3.9,6.1,1.6,36.0,9.0,12.1,30.0,12.0,5.0,18.8,4.7,21.0,57.2,40.8,,40.3,44.3
Pithoragarh,Uttarakhand,911,96.4,16.2,1.2,3.7,94.6,68.7,58.7,94.0,52.6,24.3,97.4,82.0,3726,82.7,84.9,80.0,1.9,83.2,17.0,,18.4,96.0,97.0,100.0,96.0,100.0,100.0,27.5,43.4,100.0,69.6,97.8,2.2,4.8,0.5,54.1,19.3,16.9,25.6,12.4,6.9,20.6,4.4,21.8,36.2,25.2,34.5,25.5,30.2
Bageshwar,Uttarakhand,940,94.7,12.9,0.7,1.7,91.2,63.8,67.9,94.8,42.4,25.1,99.4,78.1,2542,79.8,82.0,75.1,3.7,85.0,12.4,,9.9,86.9,91.0,95.3,88.8,93.8,93.2,16.7,41.9,82.6,37.0,95.5,0.0,4.0,1.8,37.0,6.4,7.2,23.6,7.7,3.7,11.9,3.5,17.6,43.7,27.8,27.6,27.8,27.3
Almora,Uttarakhand,1444,91.1,1.5,2.3,1.7,88.6,52.3,44.3,87.7,38.6,20.9,99.4,78.1,3162,79.6,80.1,69.4,6.2,85.4,16.3,,13.7,85.1,96.3,96.3,85.1,85.1,96.3,36.6,19.6,85.1,51.6,100.0,0.0,6.2,4.0,30.2,20.1,18.1,26.0,17.0,6.1,22.9,4.4,19.5,57.7,34.0,14.5,33.4,31.8
Champawat,Uttarakhand,926,94.6,11.7,0.8,1.9,94.4,72.3,62.0,96.6,57.7,30.7,100.0,80.8,2578,80.5,79.8,51.8,5.6,80.7,16.3,45.1,6.9,91.9,91.6,98.0,93.9,97.2,98.7,37.7,46.7,94.1,56.9,97.0,3.0,4.2,0.0,46.3,9.9,9.0,24.9,12.4,5.8,15.3,4.7,17.9,43.1,32.6,30.1,32.5,33.6
Nainital,Uttarakhand,1136,91.7,11.3,1.4,2.0,90.7,70.0,59.7,88.8,45.7,29.4,97.8,75.9,3599,76.3,81.2,56.4,4.9,83.9,30.1,69.0,23.0,74.1,73.5,97.4,84.8,87.7,84.4,31.0,20.3,83.5,45.8,94.5,1.7,5.0,2.4,24.0,19.0,19.2,23.2,14.0,5.9,14.8,7.5,33.3,59.8,34.6,31.2,34.5,38.0
Udham Singh Nagar,Uttarakhand,1022,92.3,14.6,2.1,5.2,93.6,77.3,75.9,96.9,45.7,23.2,98.5,82.0,1906,80.8,85.1,51.0,3.6,81.6,20.4,49.4,6.9,83.2,92.2,94.8,83.2,90.1,90.1,35.8,43.9,86.2,52.1,98.6,0.0,3.4,1.9,42.4,11.9,9.7,26.8,12.4,3.1,22.0,2.4,35.4,60.8,51.1,48.8,51.0,51.6
Hardwar,Uttarakhand,985,88.0,9.9,3.9,2.3,85.4,57.4,48.5,89.7,38.2,21.8,93.2,74.2,3786,76.6,79.8,37.9,4.8,83.2,22.1,37.3,17.0,76.5,93.7,92.6,84.1,86.2,89.4,36.1,23.2,80.7,50.8,87.6,9.1,6.4,3.9,30.6,14.5,15.5,31.1,16.4,6.4,27.0,4.0,29.8,63.1,42.8,63.6,43.8,31.5
Darjiling,West Bengal,1059,98.4,21.2,1.1,6.3,92.7,85.0,79.2,96.6,62.2,30.1,96.8,73.9,2183,84.7,98.4,79.5,0.9,99.2,30.5,84.6,18.4,94.2,94.2,100.0,95.9,98.3,100.0,57.6,5.4,94.7,76.2,92.0,3.7,6.6,3.1,54.3,28.0,29.4,34.3,20.6,11.6,31.6,8.2,28.3,68.1,59.1,,59.2,60.1
Jalpaiguri,West Bengal,1099,99.2,18.7,0.0,11.8,82.3,77.5,88.4,96.6,70.7,29.0,100.0,74.8,2243,82.5,95.8,83.2,0.4,97.7,28.7,90.8,20.8,87.9,96.3,98.3,89.5,94.8,96.6,53.6,0.0,94.8,65.5,100.0,0.0,4.3,2.1,61.3,29.7,28.5,28.9,18.3,7.3,25.4,5.5,16.7,67.4,72.2,44.8,71.4,66.6
Koch Bihar,West Bengal,959,97.4,46.7,0.0,27.3,83.5,71.3,77.3,96.6,58.8,28.3,99.6,71.9,2499,79.7,93.0,81.3,0.5,92.5,23.9,91.8,16.1,94.2,97.1,98.5,97.0,94.2,97.0,50.0,0.0,91.1,61.4,100.0,0.0,4.5,2.5,56.5,23.5,23.2,28.7,16.8,5.2,22.5,2.3,16.5,66.4,74.9,72.0,74.8,71.2
Uttar Dinajpur,West Bengal,1155,98.2,30.3,1.8,12.7,79.6,76.6,70.1,96.7,59.3,28.9,97.8,60.9,2706,69.4,76.9,58.9,7.8,84.7,22.0,77.7,13.7,84.4,86.4,97.5,88.4,92.4,88.5,51.9,0.0,91.3,67.4,97.2,2.9,7.9,4.3,60.2,22.4,20.4,44.8,16.0,7.2,32.0,7.1,14.6,77.2,71.9,84.4,72.4,63.6
Dakshin Dinajpur,West Bengal,1067,97.7,45.6,0.0,18.2,76.6,70.9,76.4,95.3,76.2,36.2,99.6,83.2,2593,89.1,91.4,81.2,3.1,94.0,25.3,93.4,19.5,92.6,93.0,100.0,92.6,96.7,96.7,44.7,0.0,92.6,67.2,100.0,0.0,2.7,2.1,70.5,34.5,34.2,31.9,22.8,9.6,30.2,3.9,20.2,72.5,82.8,61.4,82.0,78.7
Maldah,West Bengal,942,95.9,49.1,0.8,18.9,83.6,77.8,82.8,93.1,58.8,27.8,99.7,61.6,1961,67.9,87.7,76.6,1.8,88.9,22.2,89.0,16.1,87.2,93.1,100.0,90.2,94.1,93.8,45.7,0.0,92.2,57.7,100.0,0.0,5.5,2.3,52.5,25.8,24.2,40.5,20.0,6.3,35.3,3.3,22.0,71.0,73.8,67.6,73.6,68.5
Murshidabad,West Bengal,1054,99.4,55.4,2.8,20.6,85.7,73.9,66.9,91.1,52.8,30.6,97.3,49.8,2662,67.6,87.0,71.5,5.3,92.3,29.5,92.4,21.3,90.0,89.7,97.7,94.7,95.4,96.1,30.9,1.4,94.2,67.7,100.0,0.0,7.8,2.4,57.9,8.4,7.8,39.8,16.3,3.7,32.4,3.6,25.2,72.1,78.0,66.7,77.6,73.0
Birbhum,West Bengal,934,99.2,49.9,0.6,25.0,79.3,81.9,78.4,98.4,51.5,16.2,98.7,67.5,1391,81.7,90.3,72.7,2.4,92.2,25.4,92.2,12.6,81.6,90.9,95.2,84.8,98.4,98.4,43.3,0.0,96.8,58.4,96.9,0.0,9.5,4.7,72.0,24.8,24.6,37.0,25.5,5.6,41.8,3.4,13.4,76.5,78.2,66.0,77.7,78.6
Nadia,West Bengal,982,98.6,39.9,0.0,15.1,83.4,61.1,71.2,95.7,57.9,23.8,98.4,89.4,3776,89.9,97.7,54.2,0.0,98.6,58.2,93.4,32.4,89.9,91.8,100.0,92.6,97.3,95.0,35.7,0.0,92.2,74.0,100.0,0.0,5.9,3.3,71.8,17.4,17.8,26.1,17.6,7.5,25.1,3.0,28.6,63.6,73.8,58.7,73.4,68.2
North Twenty Four Pargana,West Bengal,889,99.6,33.6,0.0,11.5,89.6,72.7,89.9,97.7,73.3,35.7,98.7,87.8,2809,92.4,97.5,74.4,0.5,98.3,47.5,91.5,35.5,92.8,97.1,97.7,92.8,97.7,95.0,61.6,2.2,97.7,78.1,90.7,9.3,2.0,2.0,63.2,22.2,25.5,32.4,13.3,5.0,23.6,6.5,26.4,57.9,65.4,62.3,65.3,68.4
Hugli,West Bengal,1025,98.2,40.8,0.0,13.2,86.5,76.0,72.2,92.2,68.1,42.3,98.6,56.7,4558,76.7,97.0,67.9,0.4,97.4,49.7,84.9,36.8,95.4,95.2,100.0,100.0,95.4,97.9,43.4,2.2,93.3,75.0,97.8,2.2,11.2,0.8,69.5,26.4,25.3,28.9,20.0,5.0,33.4,5.2,34.6,67.9,75.1,,75.1,75.1
Bankura,West Bengal,1002,95.6,45.7,0.4,16.0,79.0,74.7,75.7,89.5,60.5,23.3,99.5,67.2,3274,76.5,93.3,83.3,4.7,93.8,22.7,,20.9,85.0,94.6,97.8,94.1,93.7,93.5,32.5,6.4,74.6,73.4,100.0,0.0,12.7,4.3,47.6,26.2,23.8,30.3,26.0,8.3,38.8,1.9,13.0,67.1,77.3,71.3,77.0,80.3
Puruliya,West Bengal,860,95.3,37.0,0.9,12.0,72.7,59.1,57.8,91.2,53.4,26.4,98.0,51.5,2478,68.4,89.8,82.7,2.6,91.4,11.9,,8.2,84.7,87.0,96.6,88.2,91.6,93.2,52.0,3.3,93.1,68.0,90.9,2.2,9.0,4.0,62.5,25.1,24.6,36.9,29.4,7.9,46.3,1.0,9.6,77.9,76.9,72.2,76.7,79.2
Haora,West Bengal,1062,97.8,30.4,0.0,9.4,94.1,84.8,82.7,97.8,69.2,33.1,96.5,70.7,2166,79.8,95.5,60.8,1.4,96.9,42.8,69.0,30.9,87.8,90.8,96.2,90.6,93.4,89.8,28.3,3.9,80.2,70.1,87.4,12.6,6.6,5.6,58.4,22.8,20.6,27.5,21.3,10.5,27.3,4.6,22.8,67.7,65.6,,65.3,67.1
Kolkata,West Bengal,809,95.0,16.7,0.7,4.9,97.5,74.2,71.7,100.0,67.5,33.8,94.4,72.8,1969,84.6,97.5,69.9,1.9,99.3,44.7,79.9,32.4,80.2,79.0,97.7,84.7,91.0,91.0,41.4,2.8,86.7,58.0,83.5,13.2,5.6,2.6,44.2,34.0,31.6,29.6,29.3,16.9,32.9,6.0,29.0,72.3,58.4,,58.2,61.4
South Twenty Four Pargana,West Bengal,1099,97.6,41.9,0.0,13.1,80.3,77.1,87.5,96.4,67.2,32.7,98.6,67.0,2142,70.8,91.0,77.7,2.2,93.2,26.6,72.3,21.8,91.7,96.3,100.0,95.1,94.9,94.8,37.4,1.7,95.0,58.8,100.0,0.0,4.5,1.6,46.2,27.2,27.6,36.7,21.2,11.8,32.2,7.0,21.2,70.4,62.1,47.4,61.6,57.3
Paschim Medinipur,West Bengal,1005,99.3,55.7,0.4,25.0,67.3,52.6,63.1,96.2,64.3,31.9,99.1,79.7,3388,80.9,87.6,72.0,5.1,95.1,23.1,63.6,18.3,76.9,86.8,100.0,80.1,93.7,89.3,40.6,0.0,89.0,78.3,93.3,0.0,6.3,1.4,67.9,20.9,21.8,31.1,30.3,9.6,40.0,1.7,19.1,66.0,82.0,62.9,81.5,84.5
Purba Medinipur,West Bengal,777,99.3,57.6,0.0,22.0,78.4,69.3,56.8,87.1,51.6,32.9,98.8,48.5,4390,58.1,91.5,71.5,4.6,94.6,36.1,76.0,29.3,88.4,74.3,100.0,90.6,91.7,91.7,52.5,9.5,90.0,83.7,98.0,0.0,8.9,3.8,59.4,21.5,20.9,25.8,15.5,3.0,30.6,3.1,27.4,67.5,70.5,66.4,70.4,73.8
Paschim Barddhaman,West Bengal,787,97.7,31.8,2.1,15.4,84.4,70.3,70.4,96.6,57.0,30.8,95.5,64.1,3020,70.5,89.8,62.7,0.8,91.3,34.3,69.1,24.8,62.4,69.7,95.9,62.4,90.8,89.4,48.6,0.0,90.3,60.6,97.6,2.4,8.8,2.0,59.3,31.4,31.1,39.7,25.5,8.0,41.0,3.1,20.4,74.7,66.5,49.4,65.8,65.6
